ISO-10303-21;
HEADER;
FILE_DESCRIPTION (( 'STEP AP214' ),
    '1' );
FILE_NAME ('Brewtools CAN controller box.STEP',
    '2026-06-09T22:54:45',
    ( '' ),
    ( '' ),
    'SwSTEP 2.0',
    'SolidWorks 2020',
    '' );
FILE_SCHEMA (( 'AUTOMOTIVE_DESIGN' ));
ENDSEC;

DATA;
#1 = DIRECTION ( 'NONE',  ( 0.000000000000000000, 0.000000000000000000, 1.000000000000000000 ) ) ;
#2 = VERTEX_POINT ( 'NONE', #3026 ) ;
#3 = CARTESIAN_POINT ( 'NONE',  ( -7.679782754328103422, 40.86882393736287611, 23.36881416978414805 ) ) ;
#4 = EDGE_CURVE ( 'NONE', #3884, #2037, #2110, .T. ) ;
#5 = FACE_OUTER_BOUND ( 'NONE', #2149, .T. ) ;
#6 = VERTEX_POINT ( 'NONE', #2406 ) ;
#7 = DIRECTION ( 'NONE',  ( -1.000000000000000000, -3.697027429032479173E-18, 3.851859888774471706E-34 ) ) ;
#8 = ORIENTED_EDGE ( 'NONE', *, *, #45, .T. ) ;
#9 = DIRECTION ( 'NONE',  ( -0.000000000000000000, -1.000000000000000000, -7.806255641895635869E-16 ) ) ;
#10 = CARTESIAN_POINT ( 'NONE',  ( -13.38038934198074514, -49.29999999999999716, 10.46574819176177762 ) ) ;
#11 = DIRECTION ( 'NONE',  ( -1.000000000000000000, 0.000000000000000000, 0.000000000000000000 ) ) ;
#12 = DIRECTION ( 'NONE',  ( 0.000000000000000000, -1.000000000000000000, 0.000000000000000000 ) ) ;
#13 = CARTESIAN_POINT ( 'NONE',  ( -23.40312423743284143, -9.820000000000019824, 2.999999999999996891 ) ) ;
#14 = DIRECTION ( 'NONE',  ( -1.000000000000000000, 0.000000000000000000, 0.000000000000000000 ) ) ;
#15 = CARTESIAN_POINT ( 'NONE',  ( -8.000000000000000000, -49.81250000409677625, 0.6000000000000007550 ) ) ;
#16 = LINE ( 'NONE', #936, #2907 ) ;
#17 = EDGE_CURVE ( 'NONE', #2246, #4099, #2698, .T. ) ;
#18 = ORIENTED_EDGE ( 'NONE', *, *, #1643, .F. ) ;
#19 = CARTESIAN_POINT ( 'NONE',  ( 0.000000000000000000, -42.02370210108668402, -2.999999999999999556 ) ) ;
#20 = CARTESIAN_POINT ( 'NONE',  ( -10.65096679918780787, -52.71875000409678336, 0.6000000000000007550 ) ) ;
#21 = ORIENTED_EDGE ( 'NONE', *, *, #1268, .F. ) ;
#22 = CARTESIAN_POINT ( 'NONE',  ( -8.000000000000001776, -50.37499999999999289, 13.40000000000000213 ) ) ;
#23 = ADVANCED_FACE ( 'NONE', ( #536 ), #3988, .T. ) ;
#24 = ORIENTED_EDGE ( 'NONE', *, *, #144, .F. ) ;
#25 = PLANE ( 'NONE',  #2848 ) ;
#26 = DIRECTION ( 'NONE',  ( 1.000000000000000000, 0.000000000000000000, 0.000000000000000000 ) ) ;
#27 = CARTESIAN_POINT ( 'NONE',  ( -14.40000000000000036, -49.53125000409676915, 4.349033200812192135 ) ) ;
#28 = CARTESIAN_POINT ( 'NONE',  ( -13.58810118749999951, -52.90625000204838102, 7.000000000000000000 ) ) ;
#29 = CARTESIAN_POINT ( 'NONE',  ( -8.000001605521566361, -53.56254627635813392, 13.39999999999958469 ) ) ;
#30 = DIRECTION ( 'NONE',  ( -1.000000000000000000, 0.000000000000000000, 0.000000000000000000 ) ) ;
#31 = CARTESIAN_POINT ( 'NONE',  ( -12.52548339959390411, -51.12500000409676915, 2.474516600406096778 ) ) ;
#32 = LINE ( 'NONE', #3471, #3897 ) ;
#33 = AXIS2_PLACEMENT_3D ( 'NONE', #168, #2712, #3979 ) ;
#34 = VERTEX_POINT ( 'NONE', #2676 ) ;
#35 = CARTESIAN_POINT ( 'NONE',  ( -23.40312423743284143, -34.99999999999999289, 3.000000000000000000 ) ) ;
#36 = UNCERTAINTY_MEASURE_WITH_UNIT (LENGTH_MEASURE( 1.000000000000000082E-05 ), #3440, 'distance_accuracy_value', 'NONE');
#37 = DIRECTION ( 'NONE',  ( 0.000000000000000000, -5.551115123125794535E-15, -1.000000000000000000 ) ) ;
#38 = EDGE_CURVE ( 'NONE', #2526, #1477, #1174, .T. ) ;
#39 = ORIENTED_EDGE ( 'NONE', *, *, #3326, .T. ) ;
#40 = CARTESIAN_POINT ( 'NONE',  ( -2.411898812500000489, -55.53125000204838813, 7.000000000000000888 ) ) ;
#41 = ORIENTED_EDGE ( 'NONE', *, *, #60, .F. ) ;
#42 = LINE ( 'NONE', #2265, #1181 ) ;
#43 = ORIENTED_EDGE ( 'NONE', *, *, #3305, .F. ) ;
#44 = LINE ( 'NONE', #401, #4054 ) ;
#45 = EDGE_CURVE ( 'NONE', #1803, #3516, #3940, .T. ) ;
#46 = CARTESIAN_POINT ( 'NONE',  ( -16.50000000000001421, 55.00000000000000711, -1.299999999999992939 ) ) ;
#47 = CARTESIAN_POINT ( 'NONE',  ( -10.31466729977569941, -52.62500000204838813, 12.58810118749999774 ) ) ;
#48 = VECTOR ( 'NONE', #455, 1000.000000000000000 ) ;
#49 = AXIS2_PLACEMENT_3D ( 'NONE', #240, #1498, #2787 ) ;
#50 = ORIENTED_EDGE ( 'NONE', *, *, #2494, .F. ) ;
#51 = FACE_OUTER_BOUND ( 'NONE', #3847, .T. ) ;
#52 = CARTESIAN_POINT ( 'NONE',  ( -5.349033200812190358, -49.90625000409676915, 0.6000000000000007550 ) ) ;
#53 = CARTESIAN_POINT ( 'NONE',  ( -3.699999999999998401, -3.799999999999983835, 9.107298248878237246E-15 ) ) ;
#54 = ORIENTED_EDGE ( 'NONE', *, *, #2852, .T. ) ;
#55 = CARTESIAN_POINT ( 'NONE',  ( -17.00000000000000000, -34.99999999999999289, 5.000000000000000000 ) ) ;
#56 = CARTESIAN_POINT ( 'NONE',  ( -13.41599229651480307, -54.99999999999997158, 9.978467821685248040 ) ) ;
#57 = VERTEX_POINT ( 'NONE', #3654 ) ;
#58 = CARTESIAN_POINT ( 'NONE',  ( -10.31466729977569585, -50.56250000204838813, 1.411898812500001377 ) ) ;
#59 = ORIENTED_EDGE ( 'NONE', *, *, #3789, .F. ) ;
#60 = EDGE_CURVE ( 'NONE', #2973, #3325, #775, .T. ) ;
#61 = CARTESIAN_POINT ( 'NONE',  ( 7.847217245671899377, 45.97547181208780387, 2.299999999999998046 ) ) ;
#62 = VERTEX_POINT ( 'NONE', #155 ) ;
#63 = FACE_OUTER_BOUND ( 'NONE', #1436, .T. ) ;
#64 = ORIENTED_EDGE ( 'NONE', *, *, #3122, .T. ) ;
#65 = CARTESIAN_POINT ( 'NONE',  ( -18.49999999999999645, -49.29999999999999716, 17.00000000000000355 ) ) ;
#66 = EDGE_CURVE ( 'NONE', #761, #1010, #316, .T. ) ;
#67 = CARTESIAN_POINT ( 'NONE',  ( -13.58810118749999951, -54.50000000204839523, 4.685332700224302371 ) ) ;
#68 = LINE ( 'NONE', #2319, #2518 ) ;
#69 =( BOUNDED_CURVE ( )  B_SPLINE_CURVE ( 2, ( #772, #1996, #1345, #3315, #799, #3984, #464, #1128, #2693 ),
 .UNSPECIFIED., .F., .T. ) 
 B_SPLINE_CURVE_WITH_KNOTS ( ( 3, 2, 2, 2, 3 ),
 ( 0.1500000000000001055, 0.1750000000000000999, 0.2000000000000001499, 0.2250000000000001443, 0.2500000000000001665 ),
 .UNSPECIFIED. ) 
 CURVE ( )  GEOMETRIC_REPRESENTATION_ITEM ( )  RATIONAL_B_SPLINE_CURVE ( ( 0.9999999999999996669, 0.9238795325112870716, 1.000000000000000000, 0.9238795325112867385, 1.000000000000000000, 0.9238795325112867385, 1.000000000000000000, 0.9238795325112861834, 1.000000000000000444 ) ) 
 REPRESENTATION_ITEM ( '' )  );
#70 = ADVANCED_FACE ( 'NONE', ( #932 ), #4053, .T. ) ;
#71 = DIRECTION ( 'NONE',  ( -0.000000000000000000, -0.000000000000000000, -1.000000000000000000 ) ) ;
#72 = CARTESIAN_POINT ( 'NONE',  ( -1.600000000000001865, -53.28125000409677625, 9.650966799187814971 ) ) ;
#73 = DIRECTION ( 'NONE',  ( 0.000000000000000000, 0.000000000000000000, -1.000000000000000000 ) ) ;
#74 = ORIENTED_EDGE ( 'NONE', *, *, #3255, .F. ) ;
#75 = LINE ( 'NONE', #35, #3782 ) ;
#76 = CARTESIAN_POINT ( 'NONE',  ( -14.40000000000000391, -52.34375000409677625, 9.650966799187807865 ) ) ;
#77 = ORIENTED_EDGE ( 'NONE', *, *, #1013, .T. ) ;
#78 = CARTESIAN_POINT ( 'NONE',  ( -8.000000000000001776, -52.90625000204838102, 12.58810118750000129 ) ) ;
#79 = ORIENTED_EDGE ( 'NONE', *, *, #38, .F. ) ;
#80 = CARTESIAN_POINT ( 'NONE',  ( -16.50000000000001066, 52.00000000000000711, 5.000000000000000000 ) ) ;
#81 = CARTESIAN_POINT ( 'NONE',  ( -8.000000000000000000, -49.29999999999999716, 0.6000000000000007550 ) ) ;
#82 = EDGE_LOOP ( 'NONE', ( #3768, #110, #1200, #1990 ) ) ;
#83 = FACE_OUTER_BOUND ( 'NONE', #3795, .T. ) ;
#84 = CARTESIAN_POINT ( 'NONE',  ( 19.49999999999998934, 52.00000000000000711, 4.199999999999977085 ) ) ;
#85 = LINE ( 'NONE', #1412, #1507 ) ;
#86 = EDGE_CURVE ( 'NONE', #2562, #2037, #1979, .T. ) ;
#87 = EDGE_LOOP ( 'NONE', ( #4059, #266, #1807, #823 ) ) ;
#88 = CYLINDRICAL_SURFACE ( 'NONE', #693, 2.299999999999999822 ) ;
#89 = CARTESIAN_POINT ( 'NONE',  ( -8.000000000000001776, -54.03125000204838813, 12.58810118750000306 ) ) ;
#90 = EDGE_CURVE ( 'NONE', #2897, #2546, #3190, .T. ) ;
#91 = AXIS2_PLACEMENT_3D ( 'NONE', #1362, #656, #4112 ) ;
#92 = CARTESIAN_POINT ( 'NONE',  ( -16.50000000000001421, 54.30000000000001137, -2.000000000000000000 ) ) ;
#93 = ORIENTED_EDGE ( 'NONE', *, *, #2022, .T. ) ;
#94 = DIRECTION ( 'NONE',  ( 0.000000000000000000, 0.000000000000000000, -1.000000000000000000 ) ) ;
#95 = DIRECTION ( 'NONE',  ( 0.000000000000000000, 0.000000000000000000, 1.000000000000000000 ) ) ;
#96 = CARTESIAN_POINT ( 'NONE',  ( -11.80232887488331706, -55.00000000000002132, 2.825650691219613986 ) ) ;
#97 = EDGE_CURVE ( 'NONE', #307, #399, #2827, .T. ) ;
#98 = CARTESIAN_POINT ( 'NONE',  ( -13.79352529711436226, -48.76245025666367638, 7.379072210544213917 ) ) ;
#99 = ORIENTED_EDGE ( 'NONE', *, *, #2894, .T. ) ;
#100 = FACE_OUTER_BOUND ( 'NONE', #2095, .T. ) ;
#101 = PLANE ( 'NONE',  #91 ) ;
#102 = CIRCLE ( 'NONE', #2283, 0.3500000000000030864 ) ;
#103 = VECTOR ( 'NONE', #3269, 1000.000000000000000 ) ;
#104 = FACE_OUTER_BOUND ( 'NONE', #1138, .T. ) ;
#105 = EDGE_LOOP ( 'NONE', ( #3385, #336, #3936, #685, #1071, #513 ) ) ;
#106 = DIRECTION ( 'NONE',  ( 1.000000000000000000, 3.697027429032479173E-18, -0.000000000000000000 ) ) ;
#107 = CARTESIAN_POINT ( 'NONE',  ( -4.048615756362153206, -52.34375000204838102, 10.95138424363785035 ) ) ;
#108 = CARTESIAN_POINT ( 'NONE',  ( -3.782037496294054169, -54.98401941804306858, 3.315194016430247803 ) ) ;
#109 = AXIS2_PLACEMENT_3D ( 'NONE', #1801, #3433, #3786 ) ;
#110 = ORIENTED_EDGE ( 'NONE', *, *, #2141, .T. ) ;
#111 = EDGE_CURVE ( 'NONE', #907, #1195, #317, .T. ) ;
#112 = DIRECTION ( 'NONE',  ( 0.000000000000000000, 5.551115123125794535E-15, 1.000000000000000000 ) ) ;
#113 = CARTESIAN_POINT ( 'NONE',  ( -13.58810118750000129, -49.81250000204838813, 9.314667299775697629 ) ) ;
#114 = AXIS2_PLACEMENT_3D ( 'NONE', #61, #2896, #3557 ) ;
#115 = DIRECTION ( 'NONE',  ( 0.000000000000000000, -1.000000000000000000, -1.734723475976805615E-16 ) ) ;
#116 = VECTOR ( 'NONE', #1551, 1000.000000000000000 ) ;
#117 = ORIENTED_EDGE ( 'NONE', *, *, #3526, .T. ) ;
#118 = ADVANCED_FACE ( 'NONE', ( #947 ), #1253, .T. ) ;
#119 = VECTOR ( 'NONE', #2470, 1000.000000000000000 ) ;
#120 = DIRECTION ( 'NONE',  ( 0.000000000000000000, 0.000000000000000000, -1.000000000000000000 ) ) ;
#121 = PLANE ( 'NONE',  #1770 ) ;
#122 = FACE_OUTER_BOUND ( 'NONE', #2801, .T. ) ;
#123 = VECTOR ( 'NONE', #2636, 1000.000000000000000 ) ;
#124 = CARTESIAN_POINT ( 'NONE',  ( -13.12182647952665882, -48.90170789068877610, 4.219057992250961675 ) ) ;
#125 = VERTEX_POINT ( 'NONE', #3467 ) ;
#126 = EDGE_CURVE ( 'NONE', #1480, #1224, #297, .T. ) ;
#127 = CARTESIAN_POINT ( 'NONE',  ( -4.852837641131976909, -49.29999999999999005, 2.382398461466909367 ) ) ;
#128 = VECTOR ( 'NONE', #420, 1000.000000000000000 ) ;
#129 = CARTESIAN_POINT ( 'NONE',  ( -11.38483718973530223, -54.99999999999815259, 2.553681063989706956 ) ) ;
#130 = CARTESIAN_POINT ( 'NONE',  ( -5.685332700224303260, -54.31250000204838813, 12.58810118749999951 ) ) ;
#131 = ORIENTED_EDGE ( 'NONE', *, *, #832, .F. ) ;
#132 = CARTESIAN_POINT ( 'NONE',  ( -10.17978275432810342, 40.86882393736287611, 0.000000000000000000 ) ) ;
#133 = CARTESIAN_POINT ( 'NONE',  ( -13.58810118749999951, -53.18750000204838102, 9.314667299775697629 ) ) ;
#134 = CARTESIAN_POINT ( 'NONE',  ( 11.15000000000000036, 14.40000000000000391, 9.107298248878237246E-15 ) ) ;
#135 = CARTESIAN_POINT ( 'NONE',  ( 17.00000000000000355, 52.00000000000000711, 5.000000000000000000 ) ) ;
#136 = ORIENTED_EDGE ( 'NONE', *, *, #3002, .T. ) ;
#137 = CARTESIAN_POINT ( 'NONE',  ( -6.699999999999999289, -3.799999999999983835, 4.610000000000001208 ) ) ;
#138 = CARTESIAN_POINT ( 'NONE',  ( -8.000000000000001776, -49.53125000204838813, 12.58810118750000306 ) ) ;
#139 = DIRECTION ( 'NONE',  ( -1.000000000000000000, -1.360661377876250369E-16, 0.000000000000000000 ) ) ;
#140 = EDGE_LOOP ( 'NONE', ( #1972, #3226, #699, #3855, #1537, #1790 ) ) ;
#141 = CARTESIAN_POINT ( 'NONE',  ( -17.00000000000000000, -6.175190845632641855E-17, 3.000000000000000000 ) ) ;
#142 = CARTESIAN_POINT ( 'NONE',  ( -7.296811257800398742, -49.30000000000001137, 12.90464410972294118 ) ) ;
#143 = CARTESIAN_POINT ( 'NONE',  ( -8.000000000000000000, -52.62499999999999289, 0.6000000000000007550 ) ) ;
#144 = EDGE_CURVE ( 'NONE', #2749, #3139, #1198, .T. ) ;
#145 = CARTESIAN_POINT ( 'NONE',  ( -13.58810118749999951, -53.18750000204838102, 9.314667299775697629 ) ) ;
#146 = VERTEX_POINT ( 'NONE', #2810 ) ;
#147 = CARTESIAN_POINT ( 'NONE',  ( -13.93130914105485552, -49.29999999999998295, 4.720829931477015684 ) ) ;
#148 = CARTESIAN_POINT ( 'NONE',  ( -5.842379341053828945, -54.99999999999999289, 1.832400632926687756 ) ) ;
#149 = LINE ( 'NONE', #1742, #1715 ) ;
#150 = EDGE_LOOP ( 'NONE', ( #412, #1494, #200, #1853, #2284, #2637 ) ) ;
#151 = ADVANCED_FACE ( 'NONE', ( #3501 ), #1833, .F. ) ;
#152 = DIRECTION ( 'NONE',  ( -1.000000000000000000, -0.000000000000000000, -0.000000000000000000 ) ) ;
#153 = CARTESIAN_POINT ( 'NONE',  ( -11.95138424363784857, -48.59375000204838813, 3.048615756362151874 ) ) ;
#154 = DIRECTION ( 'NONE',  ( -0.000000000000000000, -0.000000000000000000, 1.000000000000000000 ) ) ;
#155 = CARTESIAN_POINT ( 'NONE',  ( -19.49999999999999645, -54.99999999999999289, -1.299999999999992939 ) ) ;
#156 = EDGE_CURVE ( 'NONE', #3371, #3073, #650, .T. ) ;
#157 = ORIENTED_EDGE ( 'NONE', *, *, #1377, .F. ) ;
#158 = FACE_OUTER_BOUND ( 'NONE', #3279, .T. ) ;
#159 = CARTESIAN_POINT ( 'NONE',  ( -13.58810118749999951, -51.50000000204838813, 4.685332700224302371 ) ) ;
#160 = CARTESIAN_POINT ( 'NONE',  ( -19.50000000000000000, -49.29999999999999716, 16.00000000000000000 ) ) ;
#161 = VERTEX_POINT ( 'NONE', #3814 ) ;
#162 = CARTESIAN_POINT ( 'NONE',  ( 1.149999999999999023, 7.400000000000011013, 1.500000000000001554 ) ) ;
#163 = CARTESIAN_POINT ( 'NONE',  ( -3.474516600406095890, -50.00000000409676915, 2.474516600406096778 ) ) ;
#164 = FACE_OUTER_BOUND ( 'NONE', #3414, .T. ) ;
#165 = CARTESIAN_POINT ( 'NONE',  ( -5.349033200812190358, -51.21875000000000000, 0.6000000000000007550 ) ) ;
#166 = ORIENTED_EDGE ( 'NONE', *, *, #2638, .T. ) ;
#167 = CARTESIAN_POINT ( 'NONE',  ( -10.18095065933808741, -49.29999999999999005, 1.414882971249254107 ) ) ;
#168 = CARTESIAN_POINT ( 'NONE',  ( 8.000000000000000000, -49.29999999999999716, 7.000000000000000888 ) ) ;
#169 = CARTESIAN_POINT ( 'NONE',  ( -5.685332700224303260, -53.75000000204838813, 1.411898812500001377 ) ) ;
#170 = ORIENTED_EDGE ( 'NONE', *, *, #294, .T. ) ;
#171 = LINE ( 'NONE', #3252, #3829 ) ;
#172 = AXIS2_PLACEMENT_3D ( 'NONE', #2925, #1042, #1021 ) ;
#173 = CARTESIAN_POINT ( 'NONE',  ( -10.31466729977569941, -49.62500000204838813, 12.58810118749999774 ) ) ;
#174 = EDGE_CURVE ( 'NONE', #1743, #1248, #528, .T. ) ;
#175 = CARTESIAN_POINT ( 'NONE',  ( -2.411898812500001377, -50.75000000204838813, 9.314667299775702958 ) ) ;
#176 = DIRECTION ( 'NONE',  ( 0.000000000000000000, 0.000000000000000000, -1.000000000000000000 ) ) ;
#177 = VECTOR ( 'NONE', #2040, 1000.000000000000000 ) ;
#178 = ORIENTED_EDGE ( 'NONE', *, *, #408, .T. ) ;
#179 = DIRECTION ( 'NONE',  ( 0.000000000000000000, 0.000000000000000000, -1.000000000000000000 ) ) ;
#180 = CARTESIAN_POINT ( 'NONE',  ( -2.411898812499999600, -53.65625000204838813, 7.000000000000000888 ) ) ;
#181 = LINE ( 'NONE', #160, #2301 ) ;
#182 = VERTEX_POINT ( 'NONE', #4091 ) ;
#183 = CYLINDRICAL_SURFACE ( 'NONE', #3648, 3.700000000000000178 ) ;
#184 = CIRCLE ( 'NONE', #980, 2.500000000000002220 ) ;
#185 = CARTESIAN_POINT ( 'NONE',  ( -1.599999999999999867, -50.09375000409676915, 4.349033200812192135 ) ) ;
#186 = CARTESIAN_POINT ( 'NONE',  ( -1.599999999999999867, -54.49999999999999289, 7.000000000000000888 ) ) ;
#187 = VECTOR ( 'NONE', #3877, 1000.000000000000000 ) ;
#188 = ORIENTED_EDGE ( 'NONE', *, *, #3902, .T. ) ;
#189 = DIRECTION ( 'NONE',  ( -1.000000000000000000, 0.000000000000000000, 0.000000000000000000 ) ) ;
#190 = DIRECTION ( 'NONE',  ( 0.000000000000000000, 0.000000000000000000, 1.000000000000000000 ) ) ;
#191 = CIRCLE ( 'NONE', #3312, 0.3499999999999996447 ) ;
#192 = VECTOR ( 'NONE', #958, 1000.000000000000000 ) ;
#193 = ORIENTED_EDGE ( 'NONE', *, *, #804, .T. ) ;
#194 = VECTOR ( 'NONE', #2843, 1000.000000000000000 ) ;
#195 = ORIENTED_EDGE ( 'NONE', *, *, #1408, .F. ) ;
#196 = CARTESIAN_POINT ( 'NONE',  ( -2.411898812500000044, -55.43750000204840234, 4.685332700224302371 ) ) ;
#197 = CARTESIAN_POINT ( 'NONE',  ( -13.58810118749999951, -51.40625000204838102, 7.000000000000000000 ) ) ;
#198 = CARTESIAN_POINT ( 'NONE',  ( -14.40000000000000391, -50.84375000409676915, 9.650966799187807865 ) ) ;
#199 = EDGE_CURVE ( 'NONE', #3516, #975, #2788, .T. ) ;
#200 = ORIENTED_EDGE ( 'NONE', *, *, #3355, .F. ) ;
#201 = CARTESIAN_POINT ( 'NONE',  ( -8.000000000000001776, -50.37499999999999289, 13.40000000000000213 ) ) ;
#202 = CARTESIAN_POINT ( 'NONE',  ( -10.31466729977569763, -48.68750000204838102, 1.411898812500000489 ) ) ;
#203 = EDGE_CURVE ( 'NONE', #2645, #3073, #1232, .T. ) ;
#204 = CARTESIAN_POINT ( 'NONE',  ( -14.40000000000000036, -53.74999999999999289, 7.000000000000000000 ) ) ;
#205 = ORIENTED_EDGE ( 'NONE', *, *, #1217, .F. ) ;
#206 = CARTESIAN_POINT ( 'NONE',  ( -23.40312423743284143, -7.819999999999992291, 3.000000000000000000 ) ) ;
#207 = DIRECTION ( 'NONE',  ( 1.000000000000000000, 3.697027429032479173E-18, 0.000000000000000000 ) ) ;
#208 = CARTESIAN_POINT ( 'NONE',  ( -3.474516600406095890, -54.31249999999999289, 2.474516600406096778 ) ) ;
#209 = ORIENTED_EDGE ( 'NONE', *, *, #3605, .T. ) ;
#210 = FACE_BOUND ( 'NONE', #871, .T. ) ;
#211 = FACE_BOUND ( 'NONE', #588, .T. ) ;
#212 = CARTESIAN_POINT ( 'NONE',  ( -4.048615756362153206, -52.71875000204838102, 10.95138424363785035 ) ) ;
#213 = ORIENTED_EDGE ( 'NONE', *, *, #60, .T. ) ;
#214 = APPLICATION_PROTOCOL_DEFINITION ( 'draft international standard', 'automotive_design', 1998, #491 ) ;
#215 = PLANE ( 'NONE',  #2855 ) ;
#216 = ORIENTED_EDGE ( 'NONE', *, *, #380, .F. ) ;
#217 = CARTESIAN_POINT ( 'NONE',  ( -13.58810118749999951, -53.37500000204839523, 4.685332700224302371 ) ) ;
#218 = CARTESIAN_POINT ( 'NONE',  ( -13.58810118749999774, -52.81250000204838813, 9.314667299775697629 ) ) ;
#219 = DIRECTION ( 'NONE',  ( 0.000000000000000000, -1.000000000000000000, 0.000000000000000000 ) ) ;
#220 = ORIENTED_EDGE ( 'NONE', *, *, #2561, .T. ) ;
#221 = DIRECTION ( 'NONE',  ( 1.000000000000000000, 0.000000000000000000, 0.000000000000000000 ) ) ;
#222 = EDGE_CURVE ( 'NONE', #3245, #1010, #889, .T. ) ;
#223 = DIRECTION ( 'NONE',  ( 0.000000000000000000, 0.000000000000000000, -1.000000000000000000 ) ) ;
#224 = ORIENTED_EDGE ( 'NONE', *, *, #3057, .F. ) ;
#225 = CARTESIAN_POINT ( 'NONE',  ( -6.699999999999999289, -5.820000000000005613, -8.287931227044935005E-51 ) ) ;
#226 = EDGE_CURVE ( 'NONE', #3532, #1133, #3423, .T. ) ;
#227 = FACE_OUTER_BOUND ( 'NONE', #2000, .T. ) ;
#228 = VECTOR ( 'NONE', #3763, 1000.000000000000000 ) ;
#229 = CARTESIAN_POINT ( 'NONE',  ( -8.000000000000000000, -55.62499999999999289, 0.6000000000000007550 ) ) ;
#230 = ORIENTED_EDGE ( 'NONE', *, *, #4098, .F. ) ;
#231 = CARTESIAN_POINT ( 'NONE',  ( -17.00000000000000000, 0.000000000000000000, 5.000000000000000000 ) ) ;
#232 = LINE ( 'NONE', #4043, #3892 ) ;
#233 = VECTOR ( 'NONE', #112, 1000.000000000000000 ) ;
#234 = EDGE_CURVE ( 'NONE', #1330, #2928, #1523, .T. ) ;
#235 = CARTESIAN_POINT ( 'NONE',  ( 7.572217245671899022, 40.86882393736261321, 23.36881416978414805 ) ) ;
#236 = EDGE_LOOP ( 'NONE', ( #2240, #157, #3124, #1520 ) ) ;
#237 = DIRECTION ( 'NONE',  ( -1.000000000000000000, 0.000000000000000000, -2.168404344971006896E-16 ) ) ;
#238 = VECTOR ( 'NONE', #2430, 1000.000000000000000 ) ;
#239 = ORIENTED_EDGE ( 'NONE', *, *, #2757, .T. ) ;
#240 = CARTESIAN_POINT ( 'NONE',  ( -19.50000000000001066, 55.00000000000000711, -3.000000000000000000 ) ) ;
#241 = DIRECTION ( 'NONE',  ( -0.000000000000000000, -0.000000000000000000, 1.000000000000000000 ) ) ;
#242 = ORIENTED_EDGE ( 'NONE', *, *, #1936, .F. ) ;
#243 = CARTESIAN_POINT ( 'NONE',  ( -23.40312423743284143, -5.820000000000005613, -8.287931227044935005E-51 ) ) ;
#244 = LINE ( 'NONE', #3907, #3908 ) ;
#245 = CARTESIAN_POINT ( 'NONE',  ( -8.029782754328104843, 40.86882393736287611, 23.36881416978414805 ) ) ;
#246 = ADVANCED_FACE ( 'NONE', ( #910 ), #2177, .F. ) ;
#247 = ORIENTED_EDGE ( 'NONE', *, *, #2298, .F. ) ;
#248 = CARTESIAN_POINT ( 'NONE',  ( 7.572217245671899022, 40.86882393736261321, 23.36881416978414805 ) ) ;
#249 = DIRECTION ( 'NONE',  ( 1.000000000000000000, 0.000000000000000000, 0.000000000000000000 ) ) ;
#250 = CARTESIAN_POINT ( 'NONE',  ( -10.65096679918781497, -54.96874999999999289, 13.39999999999999858 ) ) ;
#251 = ADVANCED_FACE ( 'NONE', ( #63 ), #2288, .F. ) ;
#252 = AXIS2_PLACEMENT_3D ( 'NONE', #1665, #139, #411 ) ;
#253 = ORIENTED_EDGE ( 'NONE', *, *, #4118, .T. ) ;
#254 = CARTESIAN_POINT ( 'NONE',  ( 16.49999999999998934, 52.50000000000000711, 5.000000000000000000 ) ) ;
#255 = DIRECTION ( 'NONE',  ( 0.000000000000000000, -1.000000000000000000, -0.000000000000000000 ) ) ;
#256 = ORIENTED_EDGE ( 'NONE', *, *, #2615, .F. ) ;
#257 = VECTOR ( 'NONE', #2879, 1000.000000000000000 ) ;
#258 = LINE ( 'NONE', #276, #1976 ) ;
#259 = EDGE_CURVE ( 'NONE', #1593, #3780, #2606, .T. ) ;
#260 = ORIENTED_EDGE ( 'NONE', *, *, #3860, .F. ) ;
#261 = CARTESIAN_POINT ( 'NONE',  ( -8.000000000000000000, -49.15625000204838813, 1.411898812500001377 ) ) ;
#262 = VECTOR ( 'NONE', #2802, 1000.000000000000000 ) ;
#263 = AXIS2_PLACEMENT_3D ( 'NONE', #2243, #3517, #3810 ) ;
#264 = CARTESIAN_POINT ( 'NONE',  ( -10.31466729977569763, -51.68750000204838813, 1.411898812500001377 ) ) ;
#265 = DIRECTION ( 'NONE',  ( 1.000000000000000000, 3.697027429032479173E-18, -0.000000000000000000 ) ) ;
#266 = ORIENTED_EDGE ( 'NONE', *, *, #1636, .T. ) ;
#267 = LINE ( 'NONE', #1526, #1226 ) ;
#268 = FACE_OUTER_BOUND ( 'NONE', #2917, .T. ) ;
#269 = LINE ( 'NONE', #2120, #3509 ) ;
#270 = DIRECTION ( 'NONE',  ( 0.000000000000000000, 0.000000000000000000, 1.000000000000000000 ) ) ;
#271 = ORIENTED_EDGE ( 'NONE', *, *, #2156, .T. ) ;
#272 = DIRECTION ( 'NONE',  ( 0.000000000000000000, -0.000000000000000000, -1.000000000000000000 ) ) ;
#273 = CARTESIAN_POINT ( 'NONE',  ( -2.411898812500001377, -51.12500000204838813, 9.314667299775702958 ) ) ;
#274 = EDGE_CURVE ( 'NONE', #3187, #3704, #1061, .T. ) ;
#275 = ORIENTED_EDGE ( 'NONE', *, *, #505, .T. ) ;
#276 = CARTESIAN_POINT ( 'NONE',  ( -19.50000000000001776, 51.99999999999999289, -1.299999999999992939 ) ) ;
#277 = ORIENTED_EDGE ( 'NONE', *, *, #2573, .F. ) ;
#278 = CARTESIAN_POINT ( 'NONE',  ( -10.31466729977569585, -50.56250000204838813, 1.411898812500001377 ) ) ;
#279 = CARTESIAN_POINT ( 'NONE',  ( -6.699999999999999289, -33.00000000000001421, 0.000000000000000000 ) ) ;
#280 = CARTESIAN_POINT ( 'NONE',  ( -10.65096679918781497, -50.65625000409676915, 13.39999999999999858 ) ) ;
#281 = EDGE_CURVE ( 'NONE', #3336, #2488, #657, .T. ) ;
#282 = ORIENTED_EDGE ( 'NONE', *, *, #1109, .F. ) ;
#283 = FACE_BOUND ( 'NONE', #798, .T. ) ;
#284 = EDGE_CURVE ( 'NONE', #904, #489, #3249, .T. ) ;
#285 = CARTESIAN_POINT ( 'NONE',  ( -10.17978275432810342, 40.86882393736288321, 2.299999999999996270 ) ) ;
#286 = CARTESIAN_POINT ( 'NONE',  ( 0.000000000000000000, 0.000000000000000000, 5.000000000000000000 ) ) ;
#287 = CARTESIAN_POINT ( 'NONE',  ( 19.50000000000000355, -54.99999999999999289, -1.299999999999992939 ) ) ;
#288 = ORIENTED_EDGE ( 'NONE', *, *, #3738, .T. ) ;
#289 = FACE_OUTER_BOUND ( 'NONE', #467, .T. ) ;
#290 = CARTESIAN_POINT ( 'NONE',  ( -2.411898812500000489, -49.53125000204838813, 7.000000000000000888 ) ) ;
#291 = ORIENTED_EDGE ( 'NONE', *, *, #698, .F. ) ;
#292 = CARTESIAN_POINT ( 'NONE',  ( -13.58810118749999951, -54.87500000204839523, 4.685332700224302371 ) ) ;
#293 = ORIENTED_EDGE ( 'NONE', *, *, #2593, .F. ) ;
#294 = EDGE_CURVE ( 'NONE', #2671, #1764, #44, .T. ) ;
#295 = AXIS2_PLACEMENT_3D ( 'NONE', #2069, #3590, #447 ) ;
#296 = DIRECTION ( 'NONE',  ( -0.000000000000000000, 0.000000000000000000, 1.000000000000000000 ) ) ;
#297 = LINE ( 'NONE', #2228, #194 ) ;
#298 = AXIS2_PLACEMENT_3D ( 'NONE', #2343, #469, #3610 ) ;
#299 = DIRECTION ( 'NONE',  ( 0.000000000000000000, -1.000000000000000000, 0.000000000000000000 ) ) ;
#300 = EDGE_CURVE ( 'NONE', #710, #6, #1655, .T. ) ;
#301 = DIRECTION ( 'NONE',  ( 1.000000000000000000, 3.697027429032479173E-18, -0.000000000000000000 ) ) ;
#302 = EDGE_CURVE ( 'NONE', #3360, #3325, #3522, .T. ) ;
#303 = AXIS2_PLACEMENT_3D ( 'NONE', #3229, #1304, #2590 ) ;
#304 = CYLINDRICAL_SURFACE ( 'NONE', #826, 2.500000000000000444 ) ;
#305 = LINE ( 'NONE', #2851, #3376 ) ;
#306 = CARTESIAN_POINT ( 'NONE',  ( -14.26013777123219839, -49.29910708391277296, 5.669332842070596179 ) ) ;
#307 = VERTEX_POINT ( 'NONE', #2567 ) ;
#308 = DIRECTION ( 'NONE',  ( 0.000000000000000000, 0.000000000000000000, 1.000000000000000000 ) ) ;
#309 = CARTESIAN_POINT ( 'NONE',  ( -13.58810118749999951, -51.78125000204838102, 7.000000000000000000 ) ) ;
#310 = EDGE_LOOP ( 'NONE', ( #1575, #1799, #4105, #4003 ) ) ;
#311 = DIRECTION ( 'NONE',  ( 1.000000000000000000, 0.000000000000000000, 0.000000000000000000 ) ) ;
#312 = VECTOR ( 'NONE', #3864, 1000.000000000000000 ) ;
#313 = VERTEX_POINT ( 'NONE', #2589 ) ;
#314 = CARTESIAN_POINT ( 'NONE',  ( -2.411898812500000044, -50.93750000204839523, 4.685332700224302371 ) ) ;
#315 = CARTESIAN_POINT ( 'NONE',  ( 7.572217245671899022, 40.86882393736261321, -2.999999999999999112 ) ) ;
#316 =( BOUNDED_CURVE ( )  B_SPLINE_CURVE ( 2, ( #1413, #3962, #1108, #3050, #488, #198, #3777, #280, #1579 ),
 .UNSPECIFIED., .F., .T. ) 
 B_SPLINE_CURVE_WITH_KNOTS ( ( 3, 2, 2, 2, 3 ),
 ( 0.5037647257382026345, 0.5317516293862604160, 0.5597385572486951455, 0.5877254851111299860, 0.6157124134546053673 ),
 .UNSPECIFIED. ) 
 CURVE ( )  GEOMETRIC_REPRESENTATION_ITEM ( )  RATIONAL_B_SPLINE_CURVE ( ( 1.000000000000000000, 0.9238795325112867385, 1.000000000000000000, 0.9238795325112867385, 1.000000000000000000, 0.9238795325112867385, 1.000000000000000000, 0.9238795325112867385, 1.000000000000000000 ) ) 
 REPRESENTATION_ITEM ( '' )  );
#317 = LINE ( 'NONE', #1499, #3985 ) ;
#318 = CIRCLE ( 'NONE', #3506, 3.700000000000000178 ) ;
#319 = FACE_OUTER_BOUND ( 'NONE', #87, .T. ) ;
#320 = AXIS2_PLACEMENT_3D ( 'NONE', #700, #2933, #1588 ) ;
#321 = DIRECTION ( 'NONE',  ( 0.000000000000000000, 0.000000000000000000, -1.000000000000000000 ) ) ;
#322 = AXIS2_PLACEMENT_3D ( 'NONE', #2513, #1363, #1970 ) ;
#323 = EDGE_CURVE ( 'NONE', #2612, #4055, #3834, .T. ) ;
#324 = VECTOR ( 'NONE', #3107, 1000.000000000000000 ) ;
#325 = VECTOR ( 'NONE', #2103, 1000.000000000000000 ) ;
#326 = PLANE ( 'NONE',  #1087 ) ;
#327 = CARTESIAN_POINT ( 'NONE',  ( -8.000000000000000000, -52.81250000409676915, 0.6000000000000007550 ) ) ;
#328 = EDGE_CURVE ( 'NONE', #2645, #938, #3209, .T. ) ;
#329 = AXIS2_PLACEMENT_3D ( 'NONE', #235, #2803, #4084 ) ;
#330 = DIRECTION ( 'NONE',  ( -1.000000000000000000, 0.000000000000000000, 0.000000000000000000 ) ) ;
#331 = EDGE_LOOP ( 'NONE', ( #2856, #1354, #2427, #3749 ) ) ;
#332 = DIRECTION ( 'NONE',  ( -1.000000000000000000, -3.697027429032479173E-18, 3.851859888774471706E-34 ) ) ;
#333 = CARTESIAN_POINT ( 'NONE',  ( 7.222217245671895824, 40.86882393736262031, -2.999999999999999112 ) ) ;
#334 = ORIENTED_EDGE ( 'NONE', *, *, #610, .F. ) ;
#335 = CARTESIAN_POINT ( 'NONE',  ( 1.149999999999999023, -36.99999999999997158, 9.107298248878237246E-15 ) ) ;
#336 = ORIENTED_EDGE ( 'NONE', *, *, #328, .T. ) ;
#337 = CARTESIAN_POINT ( 'NONE',  ( -17.00000000000000000, -6.175190845632641855E-17, 3.000000000000000000 ) ) ;
#338 = LINE ( 'NONE', #4090, #1635 ) ;
#339 = CARTESIAN_POINT ( 'NONE',  ( -19.49999999999999645, -49.29999999999999716, -3.000000000000000000 ) ) ;
#340 = CARTESIAN_POINT ( 'NONE',  ( -19.50000000000001066, 52.00000000000000711, 4.199999999999977085 ) ) ;
#341 = DIRECTION ( 'NONE',  ( 0.000000000000000000, -1.000000000000000000, 0.000000000000000000 ) ) ;
#342 = CARTESIAN_POINT ( 'NONE',  ( -6.699999999999999289, 0.000000000000000000, 0.000000000000000000 ) ) ;
#343 = EDGE_CURVE ( 'NONE', #3163, #2355, #1614, .T. ) ;
#344 = FACE_OUTER_BOUND ( 'NONE', #3680, .T. ) ;
#345 = B_SPLINE_CURVE_WITH_KNOTS ( 'NONE', 3,
 ( #2668, #3285, #147, #2734, #3372, #3333, #1144, #1405, #1077, #2688, #1100, #438, #3063, #167, #3645, #795, #525, #2011, #3017, #1361, #2418, #3912, #1059, #1692, #1449, #127 ),
 .UNSPECIFIED., .F., .F.,
 ( 4, 2, 2, 2, 2, 2, 2, 2, 2, 2, 2, 2, 4 ),
 ( 0.000000000000000000, 0.001462855689032544881, 0.002194283533548814936, 0.002925711378065085425, 0.003657139222581355480, 0.004388567067097624667, 0.005851422756130169982, 0.006582850600646441772, 0.007314278445162714429, 0.008045706289678987086, 0.008777134134195258008, 0.01023998982322779985, 0.01170284551226034170 ),
 .UNSPECIFIED. ) ;
#346 = CARTESIAN_POINT ( 'NONE',  ( -12.52548339959390589, -49.25000000409677625, 11.52548339959390589 ) ) ;
#347 = CARTESIAN_POINT ( 'NONE',  ( -8.000000000000000000, -49.29999999999999716, 0.6000000000000007550 ) ) ;
#348 = ORIENTED_EDGE ( 'NONE', *, *, #1973, .T. ) ;
#349 = EDGE_CURVE ( 'NONE', #3245, #1516, #4069, .T. ) ;
#350 = DIRECTION ( 'NONE',  ( 0.000000000000000000, -1.000000000000000000, 0.000000000000000000 ) ) ;
#351 = CARTESIAN_POINT ( 'NONE',  ( 18.80000000000000426, -54.99999999999999289, -2.000000000000000000 ) ) ;
#352 = ORIENTED_EDGE ( 'NONE', *, *, #3305, .T. ) ;
#353 = CARTESIAN_POINT ( 'NONE',  ( -10.65096679918783451, -51.03124999999999289, 0.6000000000000278444 ) ) ;
#354 = ORIENTED_EDGE ( 'NONE', *, *, #3761, .F. ) ;
#355 = EDGE_CURVE ( 'NONE', #1656, #1847, #1453, .T. ) ;
#356 = CARTESIAN_POINT ( 'NONE',  ( -2.713236027274954498, -49.29999999999999005, 8.846521516099695503 ) ) ;
#357 = ORIENTED_EDGE ( 'NONE', *, *, #2727, .F. ) ;
#358 = DIRECTION ( 'NONE',  ( 1.000000000000000000, 0.000000000000000000, 0.000000000000000000 ) ) ;
#359 = DIRECTION ( 'NONE',  ( 0.000000000000000000, 0.000000000000000000, -1.000000000000000000 ) ) ;
#360 = DIRECTION ( 'NONE',  ( -1.000000000000000000, -0.000000000000000000, 0.000000000000000000 ) ) ;
#361 = CARTESIAN_POINT ( 'NONE',  ( -2.411898812500000489, -53.65625000204838813, 7.000000000000000888 ) ) ;
#362 = VECTOR ( 'NONE', #3074, 1000.000000000000000 ) ;
#363 = ORIENTED_EDGE ( 'NONE', *, *, #3150, .F. ) ;
#364 = CARTESIAN_POINT ( 'NONE',  ( -7.679782754328103422, 28.11970425054997236, 23.36881416978414805 ) ) ;
#365 = CARTESIAN_POINT ( 'NONE',  ( -10.65096679918781497, -50.65625000409677625, 13.39999999999999858 ) ) ;
#366 = EDGE_CURVE ( 'NONE', #3888, #3319, #1994, .T. ) ;
#367 = CARTESIAN_POINT ( 'NONE',  ( 18.69999999999998153, -49.29999999999999716, 5.000000000000000000 ) ) ;
#368 = VECTOR ( 'NONE', #1953, 1000.000000000000227 ) ;
#369 = EDGE_LOOP ( 'NONE', ( #771, #3671, #1281, #3472 ) ) ;
#370 = CYLINDRICAL_SURFACE ( 'NONE', #3714, 1.999999999999999112 ) ;
#371 = CARTESIAN_POINT ( 'NONE',  ( -13.68713634524514156, -54.99999999999997158, 9.287750959016479513 ) ) ;
#372 = ORIENTED_EDGE ( 'NONE', *, *, #814, .F. ) ;
#373 = ADVANCED_FACE ( 'NONE', ( #104 ), #2922, .T. ) ;
#374 = CARTESIAN_POINT ( 'NONE',  ( -4.048615756362151430, -50.84375000204838102, 3.048615756362151874 ) ) ;
#375 = ORIENTED_EDGE ( 'NONE', *, *, #66, .F. ) ;
#376 = CARTESIAN_POINT ( 'NONE',  ( -11.18341294563868971, -54.99999999999999289, 12.55210608846228304 ) ) ;
#377 = ORIENTED_EDGE ( 'NONE', *, *, #86, .F. ) ;
#378 = CARTESIAN_POINT ( 'NONE',  ( -3.474516600406095890, -49.81249999999999289, 2.474516600406096778 ) ) ;
#379 = ORIENTED_EDGE ( 'NONE', *, *, #542, .T. ) ;
#380 = EDGE_CURVE ( 'NONE', #489, #3758, #2062, .T. ) ;
#381 = CARTESIAN_POINT ( 'NONE',  ( 19.49999999999998934, 52.00000000000000711, -1.299999999999992939 ) ) ;
#382 = CARTESIAN_POINT ( 'NONE',  ( -2.411898812500001377, -53.75000000204838813, 9.314667299775702958 ) ) ;
#383 = AXIS2_PLACEMENT_3D ( 'NONE', #3079, #3701, #854 ) ;
#384 = AXIS2_PLACEMENT_3D ( 'NONE', #1948, #1991, #418 ) ;
#385 = EDGE_LOOP ( 'NONE', ( #459, #1162, #676, #2893 ) ) ;
#386 = DIRECTION ( 'NONE',  ( 0.000000000000000000, 1.000000000000000000, 7.806255641895636855E-16 ) ) ;
#387 = VECTOR ( 'NONE', #4096, 1000.000000000000000 ) ;
#388 = VECTOR ( 'NONE', #1220, 1000.000000000000000 ) ;
#389 = CARTESIAN_POINT ( 'NONE',  ( -3.474516600406096778, -48.87500000409677625, 11.52548339959390589 ) ) ;
#390 = FACE_OUTER_BOUND ( 'NONE', #824, .T. ) ;
#391 = VECTOR ( 'NONE', #3384, 1000.000000000000000 ) ;
#392 = VERTEX_POINT ( 'NONE', #3622 ) ;
#393 = LINE ( 'NONE', #3492, #1305 ) ;
#394 = CARTESIAN_POINT ( 'NONE',  ( -14.40000000000000036, -52.43750000409676915, 7.000000000000000000 ) ) ;
#395 = EDGE_LOOP ( 'NONE', ( #2729, #1827 ) ) ;
#396 = CARTESIAN_POINT ( 'NONE',  ( -13.58810118749999951, -50.18750000204838813, 9.314667299775697629 ) ) ;
#397 = EDGE_LOOP ( 'NONE', ( #3268, #4093, #813, #1887 ) ) ;
#398 = CARTESIAN_POINT ( 'NONE',  ( 16.49999999999998934, 52.00000000000000711, -3.000000000000000000 ) ) ;
#399 = VERTEX_POINT ( 'NONE', #527 ) ;
#400 = EDGE_CURVE ( 'NONE', #4005, #1631, #2402, .T. ) ;
#401 = CARTESIAN_POINT ( 'NONE',  ( 11.15000000000000036, -36.99999999999997158, 9.107298248878237246E-15 ) ) ;
#402 = ORIENTED_EDGE ( 'NONE', *, *, #3014, .T. ) ;
#403 = DIRECTION ( 'NONE',  ( 0.000000000000000000, 0.000000000000000000, 1.000000000000000000 ) ) ;
#404 = CARTESIAN_POINT ( 'NONE',  ( -8.000000000000000000, -51.78125000204838102, 1.411898812500001377 ) ) ;
#405 = ADVANCED_FACE ( 'NONE', ( #3688 ), #2713, .F. ) ;
#406 = LINE ( 'NONE', #2982, #1241 ) ;
#407 = ORIENTED_EDGE ( 'NONE', *, *, #1282, .T. ) ;
#408 = EDGE_CURVE ( 'NONE', #1764, #1300, #838, .T. ) ;
#409 = CARTESIAN_POINT ( 'NONE',  ( -16.50000000000001066, 52.00000000000000711, -3.000000000000000000 ) ) ;
#410 = CARTESIAN_POINT ( 'NONE',  ( -1.600000000000001865, -50.28125000409676915, 9.650966799187814971 ) ) ;
#411 = DIRECTION ( 'NONE',  ( 1.360661377876250369E-16, -1.000000000000000000, 0.000000000000000000 ) ) ;
#412 = ORIENTED_EDGE ( 'NONE', *, *, #156, .F. ) ;
#413 = DIRECTION ( 'NONE',  ( -0.000000000000000000, 1.000000000000000000, 0.000000000000000000 ) ) ;
#414 = UNCERTAINTY_MEASURE_WITH_UNIT (LENGTH_MEASURE( 1.000000000000000082E-05 ), #868, 'distance_accuracy_value', 'NONE');
#415 = DIRECTION ( 'NONE',  ( 1.000000000000000000, 0.000000000000000000, 0.000000000000000000 ) ) ;
#416 = CARTESIAN_POINT ( 'NONE',  ( -5.685332700224303260, -52.25000000204838102, 1.411898812500001377 ) ) ;
#417 = EDGE_LOOP ( 'NONE', ( #3205, #667, #2219, #3894 ) ) ;
#418 = DIRECTION ( 'NONE',  ( 0.000000000000000000, 0.000000000000000000, -1.000000000000000000 ) ) ;
#419 = CARTESIAN_POINT ( 'NONE',  ( -16.50000000000001066, 52.00000000000000711, 5.000000000000000000 ) ) ;
#420 = DIRECTION ( 'NONE',  ( -1.284148034404965108E-16, 1.000000000000000000, 0.000000000000000000 ) ) ;
#421 = ORIENTED_EDGE ( 'NONE', *, *, #111, .T. ) ;
#422 = DIRECTION ( 'NONE',  ( 1.000000000000000000, 3.697027429032479173E-18, 0.000000000000000000 ) ) ;
#423 = CARTESIAN_POINT ( 'NONE',  ( -8.000000000000000000, -53.28125000204838102, 1.411898812500001377 ) ) ;
#424 = DIRECTION ( 'NONE',  ( 0.000000000000000000, -1.000000000000000000, 0.000000000000000000 ) ) ;
#425 = ADVANCED_FACE ( 'NONE', ( #2999 ), #3374, .F. ) ;
#426 = EDGE_LOOP ( 'NONE', ( #79, #2588, #3039, #2759 ) ) ;
#427 = VECTOR ( 'NONE', #1274, 1000.000000000000000 ) ;
#428 = FACE_OUTER_BOUND ( 'NONE', #1284, .T. ) ;
#429 = CARTESIAN_POINT ( 'NONE',  ( -2.411898812499999156, -50.56250000204838813, 4.685332700224302371 ) ) ;
#430 = EDGE_CURVE ( 'NONE', #2737, #2749, #1644, .T. ) ;
#431 = CARTESIAN_POINT ( 'NONE',  ( -6.699999999999999289, -3.799999999999983835, 9.107298248878237246E-15 ) ) ;
#432 = EDGE_LOOP ( 'NONE', ( #2449, #2821, #1779, #557 ) ) ;
#433 = LINE ( 'NONE', #1686, #856 ) ;
#434 = CARTESIAN_POINT ( 'NONE',  ( -9.265096553226142007, -49.30000000000000426, 12.96081057979619011 ) ) ;
#435 = FACE_OUTER_BOUND ( 'NONE', #1186, .T. ) ;
#436 = CARTESIAN_POINT ( 'NONE',  ( -10.31466729977569941, -50.00000000204838813, 12.58810118749999774 ) ) ;
#437 = VERTEX_POINT ( 'NONE', #2354 ) ;
#438 = CARTESIAN_POINT ( 'NONE',  ( -11.30894278996844626, -49.30000000000002558, 1.880302250758250526 ) ) ;
#439 = CARTESIAN_POINT ( 'NONE',  ( -7.980725853231937172, -54.99999999999999289, 1.400116459631582932 ) ) ;
#440 = CARTESIAN_POINT ( 'NONE',  ( -11.95138424363784857, -54.96875000204838813, 3.048615756362151874 ) ) ;
#441 = VERTEX_POINT ( 'NONE', #1407 ) ;
#442 = LINE ( 'NONE', #132, #1172 ) ;
#443 = CARTESIAN_POINT ( 'NONE',  ( -13.58810118749999951, -53.28125000204838102, 7.000000000000000000 ) ) ;
#444 = CARTESIAN_POINT ( 'NONE',  ( -8.000000000000000000, -54.78125000204838813, 1.411898812500001377 ) ) ;
#445 = CARTESIAN_POINT ( 'NONE',  ( 8.000000000000000000, -49.29999999999999716, 3.300000000000000711 ) ) ;
#446 = VECTOR ( 'NONE', #1754, 1000.000000000000000 ) ;
#447 = DIRECTION ( 'NONE',  ( 1.000000000000000000, 0.000000000000000000, 0.000000000000000000 ) ) ;
#448 = EDGE_CURVE ( 'NONE', #3000, #4019, #3670, .T. ) ;
#449 = CARTESIAN_POINT ( 'NONE',  ( -10.31466729977569763, -53.18750000204838102, 1.411898812500000489 ) ) ;
#450 = CARTESIAN_POINT ( 'NONE',  ( 1.149999999999999023, -29.99999999999997868, 1.500000000000001554 ) ) ;
#451 = ORIENTED_EDGE ( 'NONE', *, *, #1794, .F. ) ;
#452 = VECTOR ( 'NONE', #2708, 1000.000000000000000 ) ;
#453 = FACE_OUTER_BOUND ( 'NONE', #1169, .T. ) ;
#454 = EDGE_CURVE ( 'NONE', #2496, #3520, #149, .T. ) ;
#455 = DIRECTION ( 'NONE',  ( 1.000000000000000000, 3.697027429032479173E-18, -0.000000000000000000 ) ) ;
#456 = CARTESIAN_POINT ( 'NONE',  ( -11.18341294563868971, -54.99999999999999289, 12.55210608846228304 ) ) ;
#457 = VECTOR ( 'NONE', #3893, 1000.000000000000000 ) ;
#458 = CARTESIAN_POINT ( 'NONE',  ( -2.411898812500000489, -49.53125000204838813, 7.000000000000000888 ) ) ;
#459 = ORIENTED_EDGE ( 'NONE', *, *, #1402, .T. ) ;
#460 = CARTESIAN_POINT ( 'NONE',  ( -14.40000000000000391, -53.84375000409677625, 9.650966799187807865 ) ) ;
#461 = LINE ( 'NONE', #3933, #2366 ) ;
#462 = DIRECTION ( 'NONE',  ( 0.000000000000000000, -0.7071067811865475727, -0.7071067811865475727 ) ) ;
#463 = ORIENTED_EDGE ( 'NONE', *, *, #3292, .F. ) ;
#464 = CARTESIAN_POINT ( 'NONE',  ( -3.474516600406095890, -54.31249999999999289, 2.474516600406096778 ) ) ;
#465 = CARTESIAN_POINT ( 'NONE',  ( -8.000000000000000000, -50.28125000204838813, 1.411898812500001377 ) ) ;
#466 = CARTESIAN_POINT ( 'NONE',  ( -13.58810118749999774, -54.31250000204838813, 9.314667299775697629 ) ) ;
#467 = EDGE_LOOP ( 'NONE', ( #1666, #1554, #2476, #2287 ) ) ;
#468 = ORIENTED_EDGE ( 'NONE', *, *, #2831, .F. ) ;
#469 = DIRECTION ( 'NONE',  ( -0.000000000000000000, -0.000000000000000000, 1.000000000000000000 ) ) ;
#470 = CARTESIAN_POINT ( 'NONE',  ( -2.411898812500000044, -53.75000000204838813, 9.314667299775702958 ) ) ;
#471 = DIRECTION ( 'NONE',  ( 1.000000000000000000, 1.357467117055732741E-16, -0.000000000000000000 ) ) ;
#472 = EDGE_CURVE ( 'NONE', #2118, #1755, #2336, .T. ) ;
#473 = ORIENTED_EDGE ( 'NONE', *, *, #2528, .F. ) ;
#474 = LINE ( 'NONE', #2326, #2524 ) ;
#475 = CARTESIAN_POINT ( 'NONE',  ( 1.149999999999999023, 12.40000000000000391, 3.199999999999997513 ) ) ;
#476 = CARTESIAN_POINT ( 'NONE',  ( -11.59776866067943502, -55.00000000000000711, 12.27690334083048285 ) ) ;
#477 = CARTESIAN_POINT ( 'NONE',  ( -8.000000000000001776, -51.87499999999999289, 13.40000000000000213 ) ) ;
#478 = ADVANCED_FACE ( 'NONE', ( #2507 ), #2858, .F. ) ;
#479 = EDGE_LOOP ( 'NONE', ( #722, #2171, #953, #3108, #483, #1034, #2289, #3788 ) ) ;
#480 = CARTESIAN_POINT ( 'NONE',  ( 1.149999999999999023, 12.40000000000000391, 3.199999999999997513 ) ) ;
#481 = CARTESIAN_POINT ( 'NONE',  ( -4.873456162956932403, -54.99999999999999289, 2.354049234069468532 ) ) ;
#482 = DIRECTION ( 'NONE',  ( 0.000000000000000000, -1.000000000000000000, 0.000000000000000000 ) ) ;
#483 = ORIENTED_EDGE ( 'NONE', *, *, #3993, .F. ) ;
#484 = CARTESIAN_POINT ( 'NONE',  ( 11.15000000000000036, -29.99999999999997868, 1.500000000000001554 ) ) ;
#485 = ADVANCED_FACE ( 'NONE', ( #5 ), #1864, .T. ) ;
#486 = CARTESIAN_POINT ( 'NONE',  ( -11.95138424363784857, -50.09375000204838102, 3.048615756362151874 ) ) ;
#487 = CARTESIAN_POINT ( 'NONE',  ( 11.15000000000000036, -36.99999999999997158, 9.107298248878237246E-15 ) ) ;
#488 = CARTESIAN_POINT ( 'NONE',  ( -14.40000000000000036, -50.93750000409676915, 7.000000000000000000 ) ) ;
#489 = VERTEX_POINT ( 'NONE', #3141 ) ;
#490 = DIRECTION ( 'NONE',  ( 0.000000000000000000, 0.000000000000000000, -1.000000000000000000 ) ) ;
#491 = APPLICATION_CONTEXT ( 'automotive_design' ) ;
#492 = AXIS2_PLACEMENT_3D ( 'NONE', #2885, #3785, #2272 ) ;
#493 = CARTESIAN_POINT ( 'NONE',  ( -5.685332700224303260, -50.37500000204838813, 1.411898812500000489 ) ) ;
#494 = CARTESIAN_POINT ( 'NONE',  ( 18.79999999999999005, 52.00000000000001421, -2.000000000000000000 ) ) ;
#495 = EDGE_LOOP ( 'NONE', ( #77, #2481, #1319, #352, #275, #2137 ) ) ;
#496 = FACE_OUTER_BOUND ( 'NONE', #2458, .T. ) ;
#497 = DIRECTION ( 'NONE',  ( 5.551115123125780237E-17, -1.942890293094050570E-16, 1.000000000000000000 ) ) ;
#498 = CIRCLE ( 'NONE', #3356, 2.299999999999999822 ) ;
#499 = B_SPLINE_CURVE_WITH_KNOTS ( 'NONE', 3,
 ( #3827, #96, #1337, #3887, #2581, #3183, #3849, #3240, #971, #1358, #3534, #2221, #644, #684, #1962, #371, #2912, #56, #2600, #2056, #2349, #1202, #2328, #3329, #476, #456 ),
 .UNSPECIFIED., .F., .F.,
 ( 4, 2, 2, 2, 2, 2, 2, 2, 2, 2, 2, 2, 4 ),
 ( 0.000000000000000000, 0.001473854867739254936, 0.002210782301608882078, 0.002947709735478508137, 0.004421564603217759820, 0.005158492037087386746, 0.005895419470957013672, 0.007369274338696266656, 0.008106201772565893582, 0.008843129206435519640, 0.009580056640305145699, 0.01031698407417477176, 0.01179083894191401867 ),
 .UNSPECIFIED. ) ;
#500 = CARTESIAN_POINT ( 'NONE',  ( -1.600000000000001865, -50.09374999999999289, 9.650966799187814971 ) ) ;
#501 = VERTEX_POINT ( 'NONE', #2545 ) ;
#502 = DIRECTION ( 'NONE',  ( 0.000000000000000000, -0.7071067811865474617, 0.7071067811865474617 ) ) ;
#503 = DIRECTION ( 'NONE',  ( 0.000000000000000000, -1.000000000000000000, 0.000000000000000000 ) ) ;
#504 = CARTESIAN_POINT ( 'NONE',  ( -4.048615756362153206, -54.21875000204838813, 10.95138424363785035 ) ) ;
#505 = EDGE_CURVE ( 'NONE', #3915, #4045, #2127, .T. ) ;
#506 = ORIENTED_EDGE ( 'NONE', *, *, #2226, .T. ) ;
#507 = SURFACE_SIDE_STYLE ('',( #2172 ) ) ;
#508 = ORIENTED_EDGE ( 'NONE', *, *, #2521, .F. ) ;
#509 = CARTESIAN_POINT ( 'NONE',  ( -11.95138424363785035, -54.59375000204838813, 10.95138424363784857 ) ) ;
#510 = CARTESIAN_POINT ( 'NONE',  ( -8.000000000000000000, -53.28125000204838102, 1.411898812500001377 ) ) ;
#511 = ORIENTED_EDGE ( 'NONE', *, *, #2757, .F. ) ;
#512 = ADVANCED_FACE ( 'NONE', ( #550 ), #2465, .T. ) ;
#513 = ORIENTED_EDGE ( 'NONE', *, *, #156, .T. ) ;
#514 = CARTESIAN_POINT ( 'NONE',  ( -6.699999999999999289, -3.799999999999983835, 4.610000000000001208 ) ) ;
#515 = CARTESIAN_POINT ( 'NONE',  ( -10.31466729977570118, -51.12500000204838813, 12.58810118749999951 ) ) ;
#516 = VECTOR ( 'NONE', #521, 1000.000000000000000 ) ;
#517 = LINE ( 'NONE', #3388, #3112 ) ;
#518 = VERTEX_POINT ( 'NONE', #569 ) ;
#519 = PLANE ( 'NONE',  #929 ) ;
#520 = VECTOR ( 'NONE', #3480, 1000.000000000000000 ) ;
#521 = DIRECTION ( 'NONE',  ( 1.000000000000000000, 3.697027429032479173E-18, -0.000000000000000000 ) ) ;
#522 = CARTESIAN_POINT ( 'NONE',  ( -12.52548339959390411, -50.93750000000000000, 2.474516600406096778 ) ) ;
#523 = VECTOR ( 'NONE', #1444, 1000.000000000000000 ) ;
#524 = ORIENTED_EDGE ( 'NONE', *, *, #3935, .T. ) ;
#525 = CARTESIAN_POINT ( 'NONE',  ( -9.224093186570906155, -49.30000000000000426, 1.201267018211435111 ) ) ;
#526 = CARTESIAN_POINT ( 'NONE',  ( -9.247720714122378283, -54.99999999999999289, 1.549885560759546976 ) ) ;
#527 = CARTESIAN_POINT ( 'NONE',  ( -16.50000000000001066, 55.00000000000000711, 4.199999999999977085 ) ) ;
#528 = CIRCLE ( 'NONE', #2854, 6.400000000000000355 ) ;
#529 = AXIS2_PLACEMENT_3D ( 'NONE', #2342, #1519, #2362 ) ;
#530 = ORIENTED_EDGE ( 'NONE', *, *, #1838, .F. ) ;
#531 = DIRECTION ( 'NONE',  ( 0.000000000000000000, -1.000000000000000000, 0.000000000000000000 ) ) ;
#532 = EDGE_LOOP ( 'NONE', ( #117, #3990, #1020, #1823 ) ) ;
#533 = EDGE_CURVE ( 'NONE', #2841, #1944, #1806, .T. ) ;
#534 = CARTESIAN_POINT ( 'NONE',  ( -4.048615756362151430, -50.46875000204838102, 3.048615756362151874 ) ) ;
#535 = CARTESIAN_POINT ( 'NONE',  ( -10.31466729977569763, -50.18750000204838813, 1.411898812500001377 ) ) ;
#536 = FACE_OUTER_BOUND ( 'NONE', #3458, .T. ) ;
#537 = AXIS2_PLACEMENT_3D ( 'NONE', #3792, #255, #608 ) ;
#538 = EDGE_CURVE ( 'NONE', #2488, #3758, #1189, .T. ) ;
#539 = ORIENTED_EDGE ( 'NONE', *, *, #3102, .F. ) ;
#540 = LINE ( 'NONE', #243, #1348 ) ;
#541 = CARTESIAN_POINT ( 'NONE',  ( 11.15000000000000036, 1.848513714516239586E-17, -1.925929944387235853E-33 ) ) ;
#542 = EDGE_CURVE ( 'NONE', #1415, #1868, #2169, .T. ) ;
#543 = ORIENTED_EDGE ( 'NONE', *, *, #653, .F. ) ;
#544 = LINE ( 'NONE', #3390, #2495 ) ;
#545 = DIRECTION ( 'NONE',  ( 0.000000000000000000, 0.7071067811865435759, 0.7071067811865514585 ) ) ;
#546 = CARTESIAN_POINT ( 'NONE',  ( -3.474516600406096778, -54.68749999999999289, 11.52548339959390589 ) ) ;
#547 = ORIENTED_EDGE ( 'NONE', *, *, #2188, .F. ) ;
#548 = CARTESIAN_POINT ( 'NONE',  ( -8.029782754328103067, 28.08970425054997122, 23.36881416978414805 ) ) ;
#549 = FACE_OUTER_BOUND ( 'NONE', #745, .T. ) ;
#550 = FACE_OUTER_BOUND ( 'NONE', #4068, .T. ) ;
#551 = VERTEX_POINT ( 'NONE', #2642 ) ;
#552 = DIRECTION ( 'NONE',  ( 2.168404344971006896E-16, 8.016650340591017421E-34, -1.000000000000000000 ) ) ;
#553 = ORIENTED_EDGE ( 'NONE', *, *, #1430, .T. ) ;
#554 = CARTESIAN_POINT ( 'NONE',  ( -13.58810118749999951, -50.28125000204838813, 7.000000000000000000 ) ) ;
#555 = FACE_OUTER_BOUND ( 'NONE', #3300, .T. ) ;
#556 = ORIENTED_EDGE ( 'NONE', *, *, #542, .F. ) ;
#557 = ORIENTED_EDGE ( 'NONE', *, *, #580, .T. ) ;
#558 = CARTESIAN_POINT ( 'NONE',  ( 11.15000000000000036, 7.400000000000011013, 1.500000000000001554 ) ) ;
#559 = DIRECTION ( 'NONE',  ( 3.697027429032479173E-18, -1.000000000000000000, 0.000000000000000000 ) ) ;
#560 = EDGE_CURVE ( 'NONE', #867, #1039, #2239, .T. ) ;
#561 = CARTESIAN_POINT ( 'NONE',  ( -12.52548339959390411, -53.93749999999999289, 2.474516600406096778 ) ) ;
#562 = ORIENTED_EDGE ( 'NONE', *, *, #2077, .T. ) ;
#563 = LINE ( 'NONE', #4060, #1907 ) ;
#564 = DIRECTION ( 'NONE',  ( 5.551115123125780237E-17, -1.942890293094050570E-16, 1.000000000000000000 ) ) ;
#565 = EDGE_CURVE ( 'NONE', #2255, #2928, #3202, .T. ) ;
#566 = CARTESIAN_POINT ( 'NONE',  ( -14.40000000000000036, -50.84374999999999289, 4.349033200812191247 ) ) ;
#567 = ORIENTED_EDGE ( 'NONE', *, *, #2391, .T. ) ;
#568 = CARTESIAN_POINT ( 'NONE',  ( 17.00000000000000711, -18.79999999999998295, 9.107298248878237246E-15 ) ) ;
#569 = CARTESIAN_POINT ( 'NONE',  ( -17.00000000000000000, -49.29999999999999716, 0.000000000000000000 ) ) ;
#570 = ORIENTED_EDGE ( 'NONE', *, *, #4014, .T. ) ;
#571 = LINE ( 'NONE', #3129, #324 ) ;
#572 = ORIENTED_EDGE ( 'NONE', *, *, #3332, .F. ) ;
#573 = CARTESIAN_POINT ( 'NONE',  ( -5.685332700224303260, -51.31250000204838102, 12.58810118749999774 ) ) ;
#574 = CARTESIAN_POINT ( 'NONE',  ( -5.685332700224303260, -53.37500000204838102, 1.411898812500001377 ) ) ;
#575 = DIRECTION ( 'NONE',  ( -0.000000000000000000, -0.000000000000000000, -1.000000000000000000 ) ) ;
#576 = EDGE_LOOP ( 'NONE', ( #3695, #851, #702, #2601, #2586, #1404, #99, #213, #1610, #1228, #842, #282 ) ) ;
#577 = CARTESIAN_POINT ( 'NONE',  ( -19.50000000000000000, -49.29999999999999716, 16.00000000000000000 ) ) ;
#578 = DIRECTION ( 'NONE',  ( -3.697027429032479173E-18, 1.000000000000000000, 0.000000000000000000 ) ) ;
#579 = VERTEX_POINT ( 'NONE', #1987 ) ;
#580 = EDGE_CURVE ( 'NONE', #551, #313, #857, .T. ) ;
#581 = DIRECTION ( 'NONE',  ( 1.000000000000000000, 0.000000000000000000, 0.000000000000000000 ) ) ;
#582 = CARTESIAN_POINT ( 'NONE',  ( -14.40000000000000391, -53.84375000409677625, 9.650966799187807865 ) ) ;
#583 = DIRECTION ( 'NONE',  ( 0.000000000000000000, 0.000000000000000000, -1.000000000000000000 ) ) ;
#584 = VERTEX_POINT ( 'NONE', #333 ) ;
#585 = ADVANCED_FACE ( 'NONE', ( #3553 ), #2387, .T. ) ;
#586 = CARTESIAN_POINT ( 'NONE',  ( -2.141265870269443372, -54.99999999999999289, 7.000000000000000888 ) ) ;
#587 = CARTESIAN_POINT ( 'NONE',  ( -5.685332700224303260, -50.75000000204838813, 1.411898812500001377 ) ) ;
#588 = EDGE_LOOP ( 'NONE', ( #1428, #1157 ) ) ;
#589 = AXIS2_PLACEMENT_3D ( 'NONE', #398, #1671, #2918 ) ;
#590 = CARTESIAN_POINT ( 'NONE',  ( -6.699999999999999289, -34.99999999999999289, 5.000000000000000000 ) ) ;
#591 = DIRECTION ( 'NONE',  ( 0.000000000000000000, -0.000000000000000000, 1.000000000000000000 ) ) ;
#592 = VERTEX_POINT ( 'NONE', #2951 ) ;
#593 = EDGE_CURVE ( 'NONE', #3101, #2594, #3493, .T. ) ;
#594 = CARTESIAN_POINT ( 'NONE',  ( -2.411898812500001377, -51.12500000204838813, 9.314667299775702958 ) ) ;
#595 = VECTOR ( 'NONE', #2706, 1000.000000000000000 ) ;
#596 = VECTOR ( 'NONE', #3304, 1000.000000000000000 ) ;
#597 = CARTESIAN_POINT ( 'NONE',  ( 11.15000000000000036, 14.40000000000000391, 3.199999999999997513 ) ) ;
#598 = CARTESIAN_POINT ( 'NONE',  ( -10.17978275432810342, 40.86882393736287611, 23.36881416978414805 ) ) ;
#599 = B_SPLINE_CURVE_WITH_KNOTS ( 'NONE', 1,
 ( #1429, #3585 ),
 .UNSPECIFIED., .F., .F.,
 ( 2, 2 ),
 ( 0.7619047642829371858, 1.000000000000000000 ),
 .UNSPECIFIED. ) ;
#600 = VERTEX_POINT ( 'NONE', #1031 ) ;
#601 = DIRECTION ( 'NONE',  ( 0.000000000000000000, -1.000000000000000000, 0.000000000000000000 ) ) ;
#602 = CARTESIAN_POINT ( 'NONE',  ( -23.40312423743284143, -6.175190845632641855E-17, 3.000000000000000000 ) ) ;
#603 = FACE_OUTER_BOUND ( 'NONE', #858, .T. ) ;
#604 = EDGE_CURVE ( 'NONE', #1195, #2990, #724, .T. ) ;
#605 = PLANE ( 'NONE',  #4114 ) ;
#606 = ORIENTED_EDGE ( 'NONE', *, *, #735, .T. ) ;
#607 = LINE ( 'NONE', #1804, #1246 ) ;
#608 = DIRECTION ( 'NONE',  ( 0.000000000000000000, 0.000000000000000000, -1.000000000000000000 ) ) ;
#609 = ORIENTED_EDGE ( 'NONE', *, *, #2001, .T. ) ;
#610 = EDGE_CURVE ( 'NONE', #6, #896, #1900, .T. ) ;
#611 = CARTESIAN_POINT ( 'NONE',  ( -10.65096679918784872, -50.46874999999999289, 13.39999999999996305 ) ) ;
#612 = ORIENTED_EDGE ( 'NONE', *, *, #3404, .T. ) ;
#613 = CARTESIAN_POINT ( 'NONE',  ( -2.411898812500000044, -52.43750000204839523, 4.685332700224302371 ) ) ;
#614 = CARTESIAN_POINT ( 'NONE',  ( 16.49999999999998934, 52.00000000000000711, 5.000000000000000000 ) ) ;
#615 =( BOUNDED_CURVE ( )  B_SPLINE_CURVE ( 2, ( #727, #3812, #3831, #2587, #688, #1911, #2286, #3854, #3539 ),
 .UNSPECIFIED., .F., .T. ) 
 B_SPLINE_CURVE_WITH_KNOTS ( ( 3, 2, 2, 2, 3 ),
 ( 0.1679215485048727585, 0.1959084950370433009, 0.2238954228994780860, 0.2518823507619128432, 0.2798692806025217528 ),
 .UNSPECIFIED. ) 
 CURVE ( )  GEOMETRIC_REPRESENTATION_ITEM ( )  RATIONAL_B_SPLINE_CURVE ( ( 1.000000000000000000, 0.9238795325112867385, 1.000000000000000000, 0.9238795325112867385, 1.000000000000000000, 0.9238795325112867385, 1.000000000000000000, 0.9238795325112867385, 1.000000000000000000 ) ) 
 REPRESENTATION_ITEM ( '' )  );
#616 = DIRECTION ( 'NONE',  ( 0.000000000000000000, -0.000000000000000000, 1.000000000000000000 ) ) ;
#617 = EDGE_CURVE ( 'NONE', #146, #2549, #1908, .T. ) ;
#618 = LINE ( 'NONE', #340, #4031 ) ;
#619 = CARTESIAN_POINT ( 'NONE',  ( 11.15000000000000036, 12.40000000000000391, 3.199999999999997513 ) ) ;
#620 = FACE_OUTER_BOUND ( 'NONE', #1818, .T. ) ;
#621 = CYLINDRICAL_SURFACE ( 'NONE', #109, 6.400000000000000355 ) ;
#622 = CARTESIAN_POINT ( 'NONE',  ( -5.349033200812190358, -51.96875000409677625, 13.40000000000000036 ) ) ;
#623 = ORIENTED_EDGE ( 'NONE', *, *, #2611, .F. ) ;
#624 = CARTESIAN_POINT ( 'NONE',  ( -19.49999999999999645, -54.99999999999999289, -3.000000000000000000 ) ) ;
#625 = CARTESIAN_POINT ( 'NONE',  ( -2.411898812500000044, -50.93750000204839523, 4.685332700224302371 ) ) ;
#626 = ORIENTED_EDGE ( 'NONE', *, *, #1658, .F. ) ;
#627 = LINE ( 'NONE', #646, #1185 ) ;
#628 = VERTEX_POINT ( 'NONE', #3262 ) ;
#629 = CARTESIAN_POINT ( 'NONE',  ( -13.58810118749999951, -51.78125000204838102, 7.000000000000000000 ) ) ;
#630 = ADVANCED_FACE ( 'NONE', ( #2892 ), #1668, .F. ) ;
#631 = DIRECTION ( 'NONE',  ( -1.000000000000000000, -3.697027429032479173E-18, 3.851859888774471706E-34 ) ) ;
#632 = CARTESIAN_POINT ( 'NONE',  ( -8.000000000000000000, -54.99999999999999289, 7.000000000000000888 ) ) ;
#633 = AXIS2_PLACEMENT_3D ( 'NONE', #419, #3505, #1581 ) ;
#634 = CARTESIAN_POINT ( 'NONE',  ( -13.38038934198074514, -49.29999999999999716, 10.46574819176177762 ) ) ;
#635 =( BOUNDED_CURVE ( )  B_SPLINE_CURVE ( 2, ( #2616, #3570, #561, #2051, #204, #1817, #876, #1464, #2728 ),
 .UNSPECIFIED., .F., .T. ) 
 B_SPLINE_CURVE_WITH_KNOTS ( ( 3, 2, 2, 2, 3 ),
 ( 0.2500000000000001665, 0.2750000000000002442, 0.3000000000000002109, 0.3250000000000002887, 0.3500000000000002554 ),
 .UNSPECIFIED. ) 
 CURVE ( )  GEOMETRIC_REPRESENTATION_ITEM ( )  RATIONAL_B_SPLINE_CURVE ( ( 0.9999999999999994449, 0.9238795325112872936, 1.000000000000000000, 0.9238795325112867385, 1.000000000000000000, 0.9238795325112867385, 1.000000000000000000, 0.9238795325112858503, 1.000000000000000888 ) ) 
 REPRESENTATION_ITEM ( '' )  );
#636 = EDGE_CURVE ( 'NONE', #2118, #2192, #499, .T. ) ;
#637 = CARTESIAN_POINT ( 'NONE',  ( -19.50000000000000000, -54.99999999999999289, 16.00000000000000000 ) ) ;
#638 = AXIS2_PLACEMENT_3D ( 'NONE', #2941, #3192, #2270 ) ;
#639 = LINE ( 'NONE', #3842, #2280 ) ;
#640 = CARTESIAN_POINT ( 'NONE',  ( -5.349033200812189470, -48.96875000409676915, 13.40000000000000036 ) ) ;
#641 = DIRECTION ( 'NONE',  ( -3.469446951953611033E-15, 1.000000000000000000, 0.000000000000000000 ) ) ;
#642 = ORIENTED_EDGE ( 'NONE', *, *, #1705, .F. ) ;
#643 = CARTESIAN_POINT ( 'NONE',  ( 16.99999999999999645, -3.799999999999983835, 1.500000000000001554 ) ) ;
#644 = CARTESIAN_POINT ( 'NONE',  ( -13.98490208803164059, -54.99999999999998579, 7.345593688349407735 ) ) ;
#645 = ORIENTED_EDGE ( 'NONE', *, *, #3386, .T. ) ;
#646 = CARTESIAN_POINT ( 'NONE',  ( 11.15000000000000036, -36.99999999999997158, 3.199999999999997513 ) ) ;
#647 = ORIENTED_EDGE ( 'NONE', *, *, #2112, .F. ) ;
#648 = PLANE ( 'NONE',  #114 ) ;
#649 = CARTESIAN_POINT ( 'NONE',  ( 19.50000000000000711, -49.29999999999999716, 16.00000000000000000 ) ) ;
#650 = LINE ( 'NONE', #1271, #3512 ) ;
#651 = VECTOR ( 'NONE', #2460, 1000.000000000000000 ) ;
#652 = DIRECTION ( 'NONE',  ( 0.7071067811865474617, 0.000000000000000000, 0.7071067811865474617 ) ) ;
#653 = EDGE_CURVE ( 'NONE', #2369, #628, #1502, .T. ) ;
#654 = AXIS2_PLACEMENT_3D ( 'NONE', #4036, #1840, #581 ) ;
#655 = AXIS2_PLACEMENT_3D ( 'NONE', #2560, #1590, #1318 ) ;
#656 = DIRECTION ( 'NONE',  ( 1.000000000000000000, 2.714934234111455128E-16, -0.000000000000000000 ) ) ;
#657 = CIRCLE ( 'NONE', #1190, 2.500000000000002220 ) ;
#658 = ADVANCED_FACE ( 'NONE', ( #2008 ), #3641, .F. ) ;
#659 = FACE_BOUND ( 'NONE', #2797, .T. ) ;
#660 = CARTESIAN_POINT ( 'NONE',  ( -12.52548339959390589, -50.75000000409676915, 11.52548339959390589 ) ) ;
#661 = VECTOR ( 'NONE', #3867, 1000.000000000000000 ) ;
#662 = ADVANCED_FACE ( 'NONE', ( #268 ), #1736, .F. ) ;
#663 = LINE ( 'NONE', #2888, #3504 ) ;
#664 = EDGE_LOOP ( 'NONE', ( #2100, #1748 ) ) ;
#665 = DIRECTION ( 'NONE',  ( -0.000000000000000000, -0.000000000000000000, -1.000000000000000000 ) ) ;
#666 = DIRECTION ( 'NONE',  ( -0.000000000000000000, -0.000000000000000000, 1.000000000000000000 ) ) ;
#667 = ORIENTED_EDGE ( 'NONE', *, *, #226, .T. ) ;
#668 = CARTESIAN_POINT ( 'NONE',  ( 15.99999999999999645, -3.799999999999983835, 1.500000000000001776 ) ) ;
#669 = ORIENTED_EDGE ( 'NONE', *, *, #782, .T. ) ;
#670 = CYLINDRICAL_SURFACE ( 'NONE', #384, 6.400000000000000355 ) ;
#671 = ORIENTED_EDGE ( 'NONE', *, *, #2412, .F. ) ;
#672 = CARTESIAN_POINT ( 'NONE',  ( 18.79999999999999005, 52.00000000000000711, -3.000000000000000000 ) ) ;
#673 = CARTESIAN_POINT ( 'NONE',  ( 5.072217245671896357, 40.86882393736262742, 2.299999999999996270 ) ) ;
#674 = CARTESIAN_POINT ( 'NONE',  ( -17.00000000000000000, 0.000000000000000000, 0.000000000000000000 ) ) ;
#675 = FACE_OUTER_BOUND ( 'NONE', #1150, .T. ) ;
#676 = ORIENTED_EDGE ( 'NONE', *, *, #2828, .F. ) ;
#677 = CARTESIAN_POINT ( 'NONE',  ( -8.000000000000000000, -49.29999999999999716, 0.6000000000000007550 ) ) ;
#678 = ADVANCED_FACE ( 'NONE', ( #122 ), #2139, .T. ) ;
#679 = CARTESIAN_POINT ( 'NONE',  ( -4.048615756362150542, -54.96875000204838813, 3.048615756362150986 ) ) ;
#680 = CARTESIAN_POINT ( 'NONE',  ( -19.50000000000001066, 55.00000000000000711, 4.199999999999977085 ) ) ;
#681 = VERTEX_POINT ( 'NONE', #2664 ) ;
#682 = CARTESIAN_POINT ( 'NONE',  ( 11.15000000000000036, 7.400000000000011013, 1.500000000000001554 ) ) ;
#683 = ADVANCED_FACE ( 'NONE', ( #164 ), #2479, .T. ) ;
#684 = CARTESIAN_POINT ( 'NONE',  ( -13.96161788918846369, -54.99999999999997158, 8.087672628472251546 ) ) ;
#685 = ORIENTED_EDGE ( 'NONE', *, *, #2477, .T. ) ;
#686 = CARTESIAN_POINT ( 'NONE',  ( -11.95138424363784857, -54.96875000204838813, 3.048615756362151874 ) ) ;
#687 = VERTEX_POINT ( 'NONE', #3407 ) ;
#688 = CARTESIAN_POINT ( 'NONE',  ( -1.599999999999999867, -53.18750000409676915, 7.000000000000000888 ) ) ;
#689 = ORIENTED_EDGE ( 'NONE', *, *, #1872, .T. ) ;
#690 = CARTESIAN_POINT ( 'NONE',  ( -1.599999999999999867, -51.40624999999999289, 4.349033200812192135 ) ) ;
#691 = EDGE_LOOP ( 'NONE', ( #2889, #1409, #2438, #3770 ) ) ;
#692 = DIRECTION ( 'NONE',  ( 1.000000000000000000, 0.000000000000000000, 0.000000000000000000 ) ) ;
#693 = AXIS2_PLACEMENT_3D ( 'NONE', #409, #2613, #1024 ) ;
#694 = CARTESIAN_POINT ( 'NONE',  ( 5.072217245671898134, 28.08970425054967279, 0.000000000000000000 ) ) ;
#695 = DIRECTION ( 'NONE',  ( 0.000000000000000000, -1.000000000000000000, 0.000000000000000000 ) ) ;
#696 = CARTESIAN_POINT ( 'NONE',  ( -5.349033200812189470, -51.96875000409677625, 13.40000000000000036 ) ) ;
#697 = CARTESIAN_POINT ( 'NONE',  ( -7.329782754328103778, 28.08970425054997122, 2.299999999999994049 ) ) ;
#698 = EDGE_CURVE ( 'NONE', #3077, #1803, #1097, .T. ) ;
#699 = ORIENTED_EDGE ( 'NONE', *, *, #1217, .T. ) ;
#700 = CARTESIAN_POINT ( 'NONE',  ( 7.572217245671899022, 28.08970425054967279, -2.999999999999999112 ) ) ;
#701 = DIRECTION ( 'NONE',  ( 0.000000000000000000, 0.000000000000000000, -1.000000000000000000 ) ) ;
#702 = ORIENTED_EDGE ( 'NONE', *, *, #3910, .T. ) ;
#703 = AXIS2_PLACEMENT_3D ( 'NONE', #2980, #3289, #2015 ) ;
#704 = CARTESIAN_POINT ( 'NONE',  ( -5.685332700224303260, -51.31250000204838102, 12.58810118749999774 ) ) ;
#705 = ADVANCED_FACE ( 'NONE', ( #3664 ), #3974, .F. ) ;
#706 = EDGE_LOOP ( 'NONE', ( #4008, #1691, #39, #1394 ) ) ;
#707 = DIRECTION ( 'NONE',  ( -0.000000000000000000, 1.000000000000000000, 0.000000000000000000 ) ) ;
#708 = ORIENTED_EDGE ( 'NONE', *, *, #2315, .T. ) ;
#709 = CARTESIAN_POINT ( 'NONE',  ( -3.474516600406096778, -51.68750000000000000, 11.52548339959390589 ) ) ;
#710 = VERTEX_POINT ( 'NONE', #143 ) ;
#711 = AXIS2_PLACEMENT_3D ( 'NONE', #3846, #583, #641 ) ;
#712 = LINE ( 'NONE', #1974, #3841 ) ;
#713 = CARTESIAN_POINT ( 'NONE',  ( -13.58810118749999951, -52.81250000204838102, 9.314667299775697629 ) ) ;
#714 = AXIS2_PLACEMENT_3D ( 'NONE', #3813, #95, #358 ) ;
#715 = CARTESIAN_POINT ( 'NONE',  ( 18.69999999999997442, 2.359223927328454493E-15, 5.000000000000000000 ) ) ;
#716 = AXIS2_PLACEMENT_3D ( 'NONE', #3125, #939, #1243 ) ;
#717 = CARTESIAN_POINT ( 'NONE',  ( -8.000000000000000000, -49.29999999999999716, 7.000000000000000888 ) ) ;
#718 = VECTOR ( 'NONE', #1667, 1000.000000000000000 ) ;
#719 = AXIS2_PLACEMENT_3D ( 'NONE', #3950, #4057, #3013 ) ;
#720 = CARTESIAN_POINT ( 'NONE',  ( -3.474516600406096778, -50.37500000409676915, 11.52548339959390589 ) ) ;
#721 = DIRECTION ( 'NONE',  ( 1.000000000000000000, 0.000000000000000000, 0.000000000000000000 ) ) ;
#722 = ORIENTED_EDGE ( 'NONE', *, *, #3250, .T. ) ;
#723 = DIRECTION ( 'NONE',  ( 0.7071067811865475727, 8.920979878885086791E-17, -0.7071067811865475727 ) ) ;
#724 = LINE ( 'NONE', #351, #2525 ) ;
#725 = CARTESIAN_POINT ( 'NONE',  ( -5.685332700224303260, -53.75000000204838813, 1.411898812500001377 ) ) ;
#726 = ORIENTED_EDGE ( 'NONE', *, *, #3551, .T. ) ;
#727 = CARTESIAN_POINT ( 'NONE',  ( -8.000001605521566361, -53.56254627635813392, 13.39999999999958469 ) ) ;
#728 = FACE_OUTER_BOUND ( 'NONE', #2762, .T. ) ;
#729 = CARTESIAN_POINT ( 'NONE',  ( -5.349033200812154831, -49.71875000000000000, 0.6000000000000367262 ) ) ;
#730 = EDGE_CURVE ( 'NONE', #3361, #3692, #1527, .T. ) ;
#731 = VERTEX_POINT ( 'NONE', #3617 ) ;
#732 = CARTESIAN_POINT ( 'NONE',  ( 18.50000000000000355, -49.29999999999999716, 17.00000000000000355 ) ) ;
#733 = CARTESIAN_POINT ( 'NONE',  ( -11.95138424363784857, -51.59375000204838102, 3.048615756362151874 ) ) ;
#734 = CARTESIAN_POINT ( 'NONE',  ( -18.69999999999998153, -2.359223927328455676E-15, 5.000000000000000000 ) ) ;
#735 = EDGE_CURVE ( 'NONE', #1123, #920, #3094, .T. ) ;
#736 = EDGE_LOOP ( 'NONE', ( #3851, #1323, #2579, #1829 ) ) ;
#737 = CARTESIAN_POINT ( 'NONE',  ( -17.00000000000001066, 52.00000000000000711, 5.000000000000000000 ) ) ;
#738 = CARTESIAN_POINT ( 'NONE',  ( -10.31466729977569763, -54.68750000204838813, 1.411898812500000489 ) ) ;
#739 = FACE_OUTER_BOUND ( 'NONE', #927, .T. ) ;
#740 = ORIENTED_EDGE ( 'NONE', *, *, #1055, .T. ) ;
#741 = LINE ( 'NONE', #2991, #982 ) ;
#742 = CARTESIAN_POINT ( 'NONE',  ( -3.934181004390243430, -49.30000000000001137, 10.96632490072321531 ) ) ;
#743 = CARTESIAN_POINT ( 'NONE',  ( -17.00000000000000000, -7.819999999999992291, 0.000000000000000000 ) ) ;
#744 = CARTESIAN_POINT ( 'NONE',  ( -11.95138424363784857, -50.46875000204838102, 3.048615756362151874 ) ) ;
#745 = EDGE_LOOP ( 'NONE', ( #877, #911, #726, #1839 ) ) ;
#746 = DIRECTION ( 'NONE',  ( 0.000000000000000000, 4.081702296416016786E-15, -1.000000000000000000 ) ) ;
#747 = CARTESIAN_POINT ( 'NONE',  ( -17.00000000000000000, -9.820000000000019824, 0.000000000000000000 ) ) ;
#748 = DIRECTION ( 'NONE',  ( 1.000000000000000000, 0.000000000000000000, 0.000000000000000000 ) ) ;
#749 = ORIENTED_EDGE ( 'NONE', *, *, #3014, .F. ) ;
#750 = DIRECTION ( 'NONE',  ( 1.360661377876250369E-16, -1.000000000000000000, 0.000000000000000000 ) ) ;
#751 = EDGE_CURVE ( 'NONE', #2949, #1496, #244, .T. ) ;
#752 = CARTESIAN_POINT ( 'NONE',  ( -8.000000000000000000, -53.65625000204838813, 1.411898812500001377 ) ) ;
#753 = DIRECTION ( 'NONE',  ( 0.000000000000000000, 0.000000000000000000, 1.000000000000000000 ) ) ;
#754 = PLANE ( 'NONE',  #3118 ) ;
#755 = EDGE_CURVE ( 'NONE', #3021, #2543, #2046, .T. ) ;
#756 = ORIENTED_EDGE ( 'NONE', *, *, #2852, .F. ) ;
#757 = FACE_OUTER_BOUND ( 'NONE', #3091, .T. ) ;
#758 = CARTESIAN_POINT ( 'NONE',  ( -8.000000000000000000, -51.78125000204838102, 1.411898812500000489 ) ) ;
#759 = AXIS2_PLACEMENT_3D ( 'NONE', #1112, #1752, #179 ) ;
#760 = CARTESIAN_POINT ( 'NONE',  ( 7.572217245671899022, 28.08970425054967279, 2.299999999999993161 ) ) ;
#761 = VERTEX_POINT ( 'NONE', #2372 ) ;
#762 = CARTESIAN_POINT ( 'NONE',  ( -4.699999999999999289, -3.799999999999983835, 4.610000000000001208 ) ) ;
#763 = CARTESIAN_POINT ( 'NONE',  ( -6.346572815248056720, -49.30000000000001847, 12.65619054249610009 ) ) ;
#764 = CARTESIAN_POINT ( 'NONE',  ( 19.49999999999999645, -54.99999999999999289, -1.300000000000000044 ) ) ;
#765 = AXIS2_PLACEMENT_3D ( 'NONE', #3352, #503, #190 ) ;
#766 = CARTESIAN_POINT ( 'NONE',  ( -8.000000000000000000, -52.15625000204838102, 1.411898812500001377 ) ) ;
#767 = ORIENTED_EDGE ( 'NONE', *, *, #809, .F. ) ;
#768 = CARTESIAN_POINT ( 'NONE',  ( -3.553681063963513242, -54.99999999999999289, 3.615162810299101803 ) ) ;
#769 = CARTESIAN_POINT ( 'NONE',  ( -6.885175177851603934, -55.00000000000002842, 1.511918565160942141 ) ) ;
#770 = CARTESIAN_POINT ( 'NONE',  ( -10.31466729977569763, -53.56250000204838813, 1.411898812500001377 ) ) ;
#771 = ORIENTED_EDGE ( 'NONE', *, *, #580, .F. ) ;
#772 = CARTESIAN_POINT ( 'NONE',  ( -8.000000000000001776, -54.87499999999999289, 13.40000000000000213 ) ) ;
#773 = CARTESIAN_POINT ( 'NONE',  ( -5.685332700224303260, -52.81250000204838102, 12.58810118749999774 ) ) ;
#774 = CARTESIAN_POINT ( 'NONE',  ( -8.000000000000000000, -49.29999999999999716, 13.40000000000000213 ) ) ;
#775 = LINE ( 'NONE', #3005, #2653 ) ;
#776 = ADVANCED_FACE ( 'NONE', ( #435 ), #2970, .T. ) ;
#777 = VECTOR ( 'NONE', #1380, 1000.000000000000000 ) ;
#778 = ORIENTED_EDGE ( 'NONE', *, *, #2926, .F. ) ;
#779 = CARTESIAN_POINT ( 'NONE',  ( -17.00000000000000000, -37.00000000000000000, 2.053912595556543891E-13 ) ) ;
#780 = CARTESIAN_POINT ( 'NONE',  ( -2.411898812499999156, -49.06250000204838102, 4.685332700224302371 ) ) ;
#781 = VECTOR ( 'NONE', #1740, 1000.000000000000000 ) ;
#782 = EDGE_CURVE ( 'NONE', #1245, #1195, #1074, .T. ) ;
#783 = DIRECTION ( 'NONE',  ( 0.000000000000000000, 0.000000000000000000, 1.000000000000000000 ) ) ;
#784 = CIRCLE ( 'NONE', #2977, 3.700000000000000178 ) ;
#785 = ORIENTED_EDGE ( 'NONE', *, *, #1661, .F. ) ;
#786 = VECTOR ( 'NONE', #7, 1000.000000000000000 ) ;
#787 = FACE_OUTER_BOUND ( 'NONE', #3331, .T. ) ;
#788 = CARTESIAN_POINT ( 'NONE',  ( -5.882995238459059806, -49.29999999999999005, 12.46080812483153899 ) ) ;
#789 = DIRECTION ( 'NONE',  ( -0.000000000000000000, 0.000000000000000000, 1.000000000000000000 ) ) ;
#790 = EDGE_CURVE ( 'NONE', #2073, #437, #1401, .T. ) ;
#791 = AXIS2_PLACEMENT_3D ( 'NONE', #1541, #1216, #3166 ) ;
#792 = CARTESIAN_POINT ( 'NONE',  ( -4.048615756362153206, -51.21875000204838102, 10.95138424363785035 ) ) ;
#793 =( BOUNDED_CURVE ( )  B_SPLINE_CURVE ( 2, ( #2882, #1952, #3149, #27, #1287, #1272, #634 ),
 .UNSPECIFIED., .F., .T. ) 
 B_SPLINE_CURVE_WITH_KNOTS ( ( 3, 2, 2, 3 ),
 ( 0.7276601038716736802, 0.7556470522857386962, 0.7836339801481733147, 0.8039600843046449397 ),
 .UNSPECIFIED. ) 
 CURVE ( )  GEOMETRIC_REPRESENTATION_ITEM ( )  RATIONAL_B_SPLINE_CURVE ( ( 1.000000000000000000, 0.9238795325112867385, 1.000000000000000000, 0.9238795325112867385, 1.000000000000000000, 0.9447158845651059123, 0.9697343085194205514 ) ) 
 REPRESENTATION_ITEM ( '' )  );
#794 = ORIENTED_EDGE ( 'NONE', *, *, #1852, .T. ) ;
#795 = CARTESIAN_POINT ( 'NONE',  ( -9.464787266517152631, -49.30000000000002558, 1.239606020996736335 ) ) ;
#796 = CYLINDRICAL_SURFACE ( 'NONE', #33, 3.700000000000000178 ) ;
#797 = CARTESIAN_POINT ( 'NONE',  ( -8.000000000000001776, -52.90625000204838102, 12.58810118750000129 ) ) ;
#798 = EDGE_LOOP ( 'NONE', ( #3224, #556, #626, #2781 ) ) ;
#799 = CARTESIAN_POINT ( 'NONE',  ( -1.599999999999999867, -54.49999999999999289, 7.000000000000000888 ) ) ;
#800 = CARTESIAN_POINT ( 'NONE',  ( -5.685332700224303260, -50.37500000204838813, 1.411898812500001377 ) ) ;
#801 = CARTESIAN_POINT ( 'NONE',  ( -11.95138424363785035, -54.21875000204838813, 10.95138424363784857 ) ) ;
#802 = ORIENTED_EDGE ( 'NONE', *, *, #538, .T. ) ;
#803 = ORIENTED_EDGE ( 'NONE', *, *, #4, .F. ) ;
#804 = EDGE_CURVE ( 'NONE', #3915, #1593, #3760, .T. ) ;
#805 = PLANE ( 'NONE',  #1416 ) ;
#806 = CARTESIAN_POINT ( 'NONE',  ( -2.411898812499999156, -53.56250000204839523, 4.685332700224302371 ) ) ;
#807 = PLANE ( 'NONE',  #1239 ) ;
#808 = ORIENTED_EDGE ( 'NONE', *, *, #1562, .T. ) ;
#809 = EDGE_CURVE ( 'NONE', #2496, #710, #909, .T. ) ;
#810 = DIRECTION ( 'NONE',  ( 1.000000000000000000, 0.000000000000000000, 0.000000000000000000 ) ) ;
#811 = CARTESIAN_POINT ( 'NONE',  ( -11.57926070077882486, -49.29999999999999005, 12.13768184487832080 ) ) ;
#812 = CARTESIAN_POINT ( 'NONE',  ( -5.349033200812189470, -50.28124999999999289, 13.40000000000000036 ) ) ;
#813 = ORIENTED_EDGE ( 'NONE', *, *, #2016, .F. ) ;
#814 = EDGE_CURVE ( 'NONE', #3704, #3717, #3441, .T. ) ;
#815 = CYLINDRICAL_SURFACE ( 'NONE', #1439, 0.3499999999999996447 ) ;
#816 = LINE ( 'NONE', #2060, #1881 ) ;
#817 = DIRECTION ( 'NONE',  ( 0.000000000000000000, -1.000000000000000000, 0.000000000000000000 ) ) ;
#818 = EDGE_LOOP ( 'NONE', ( #2628, #1338, #1028, #3752 ) ) ;
#819 = DIRECTION ( 'NONE',  ( 3.697027429032479173E-18, -1.000000000000000000, -1.424043166158921928E-51 ) ) ;
#820 = EDGE_LOOP ( 'NONE', ( #3144, #2399, #2423, #1784, #2633, #239, #1885, #2724, #2996, #1795, #3105, #606 ) ) ;
#821 = CARTESIAN_POINT ( 'NONE',  ( -13.58810118749999951, -54.78125000204838813, 7.000000000000000000 ) ) ;
#822 = CARTESIAN_POINT ( 'NONE',  ( -11.95138424363785035, -51.21875000204838102, 10.95138424363784857 ) ) ;
#823 = ORIENTED_EDGE ( 'NONE', *, *, #1609, .F. ) ;
#824 = EDGE_LOOP ( 'NONE', ( #357, #2705, #3712, #3545 ) ) ;
#825 = DIRECTION ( 'NONE',  ( -0.000000000000000000, -0.000000000000000000, -1.000000000000000000 ) ) ;
#826 = AXIS2_PLACEMENT_3D ( 'NONE', #364, #71, #14 ) ;
#827 = CARTESIAN_POINT ( 'NONE',  ( -10.31466729977569763, -51.68750000204838813, 1.411898812500000489 ) ) ;
#828 = CARTESIAN_POINT ( 'NONE',  ( 19.50000000000000711, -54.99999999999999289, 16.00000000000000000 ) ) ;
#829 = ORIENTED_EDGE ( 'NONE', *, *, #2921, .T. ) ;
#830 = LINE ( 'NONE', #1800, #3484 ) ;
#831 = DIRECTION ( 'NONE',  ( 3.697027429032479173E-18, -1.000000000000000000, 0.000000000000000000 ) ) ;
#832 = EDGE_CURVE ( 'NONE', #2936, #1612, #1851, .T. ) ;
#833 = CARTESIAN_POINT ( 'NONE',  ( -8.000000000000000000, -51.12499999999999289, 0.6000000000000007550 ) ) ;
#834 = AXIS2_PLACEMENT_3D ( 'NONE', #2830, #4094, #1561 ) ;
#835 = ORIENTED_EDGE ( 'NONE', *, *, #1543, .F. ) ;
#836 = CARTESIAN_POINT ( 'NONE',  ( -8.000001605521566361, -53.56254627635813392, 13.39999999999958469 ) ) ;
#837 = DIRECTION ( 'NONE',  ( 1.000000000000000000, 3.697027429032479173E-18, -0.000000000000000000 ) ) ;
#838 = LINE ( 'NONE', #2377, #3455 ) ;
#839 = VERTEX_POINT ( 'NONE', #445 ) ;
#840 = ADVANCED_FACE ( 'NONE', ( #1476 ), #2489, .F. ) ;
#841 = CARTESIAN_POINT ( 'NONE',  ( -1.599999999999999867, -52.90624999999999289, 4.349033200812192135 ) ) ;
#842 = ORIENTED_EDGE ( 'NONE', *, *, #2672, .F. ) ;
#843 = CARTESIAN_POINT ( 'NONE',  ( -11.95138424363785035, -51.21875000204838102, 10.95138424363784857 ) ) ;
#844 = CARTESIAN_POINT ( 'NONE',  ( -2.411898812500001377, -52.25000000204838813, 9.314667299775702958 ) ) ;
#845 = ORIENTED_EDGE ( 'NONE', *, *, #2181, .T. ) ;
#846 = EDGE_CURVE ( 'NONE', #1224, #2546, #2584, .T. ) ;
#847 = ORIENTED_EDGE ( 'NONE', *, *, #302, .T. ) ;
#848 = DIRECTION ( 'NONE',  ( 0.000000000000000000, 0.000000000000000000, -1.000000000000000000 ) ) ;
#849 = AXIS2_PLACEMENT_3D ( 'NONE', #2557, #3138, #1240 ) ;
#850 = DIRECTION ( 'NONE',  ( -1.357467117055732741E-16, 1.000000000000000000, 0.000000000000000000 ) ) ;
#851 = ORIENTED_EDGE ( 'NONE', *, *, #2112, .T. ) ;
#852 = DIRECTION ( 'NONE',  ( 2.102695122396129916E-16, -1.000000000000000000, 0.000000000000000000 ) ) ;
#853 = VECTOR ( 'NONE', #3833, 1000.000000000000000 ) ;
#854 = DIRECTION ( 'NONE',  ( -1.000000000000000000, 0.000000000000000000, 3.851859888774471706E-34 ) ) ;
#855 = CARTESIAN_POINT ( 'NONE',  ( -14.40000000000000391, -52.15625000000000711, 9.650966799187807865 ) ) ;
#856 = VECTOR ( 'NONE', #3926, 1000.000000000000000 ) ;
#857 = CIRCLE ( 'NONE', #1048, 2.500000000000002220 ) ;
#858 = EDGE_LOOP ( 'NONE', ( #1963, #3947, #1619, #93 ) ) ;
#859 = CARTESIAN_POINT ( 'NONE',  ( -13.85686430402831348, -49.37091378797941843, 3.805897504840505263 ) ) ;
#860 = CARTESIAN_POINT ( 'NONE',  ( 0.000000000000000000, 0.000000000000000000, -3.000000000000000000 ) ) ;
#861 = CARTESIAN_POINT ( 'NONE',  ( -11.38483718973530223, -54.99999999999815259, 2.553681063989706956 ) ) ;
#862 = VECTOR ( 'NONE', #1891, 1000.000000000000000 ) ;
#863 = VECTOR ( 'NONE', #4070, 1000.000000000000000 ) ;
#864 = EDGE_LOOP ( 'NONE', ( #2985, #1834, #749, #884 ) ) ;
#865 = LINE ( 'NONE', #1149, #3588 ) ;
#866 = DIRECTION ( 'NONE',  ( 0.000000000000000000, -1.000000000000000000, 0.000000000000000000 ) ) ;
#867 = VERTEX_POINT ( 'NONE', #3607 ) ;
#868 =( LENGTH_UNIT ( ) NAMED_UNIT ( * ) SI_UNIT ( .MILLI., .METRE. ) );
#869 = ADVANCED_FACE ( 'NONE', ( #2783 ), #4047, .F. ) ;
#870 = CARTESIAN_POINT ( 'NONE',  ( -10.31466729977570118, -49.62500000204838813, 12.58810118749999951 ) ) ;
#871 = EDGE_LOOP ( 'NONE', ( #1316, #3868, #3830, #2388, #3034, #3931 ) ) ;
#872 = VECTOR ( 'NONE', #4044, 1000.000000000000000 ) ;
#873 = EDGE_LOOP ( 'NONE', ( #3006, #193, #3865, #756 ) ) ;
#874 = DIRECTION ( 'NONE',  ( 1.000000000000000000, 3.697027429032479173E-18, -0.000000000000000000 ) ) ;
#875 = CARTESIAN_POINT ( 'NONE',  ( -3.699999999999998401, -3.799999999999983835, 1.500000000000001776 ) ) ;
#876 = CARTESIAN_POINT ( 'NONE',  ( -12.52548339959390589, -53.56249999999999289, 11.52548339959390589 ) ) ;
#877 = ORIENTED_EDGE ( 'NONE', *, *, #1797, .F. ) ;
#878 = CARTESIAN_POINT ( 'NONE',  ( 16.99999999999999645, -3.799999999999983835, 1.500000000000001554 ) ) ;
#879 = CARTESIAN_POINT ( 'NONE',  ( 7.222217245671895824, 40.86882393736262031, 23.36881416978414805 ) ) ;
#880 = CARTESIAN_POINT ( 'NONE',  ( -1.599999999999999867, -51.40624999999999289, 4.349033200812191247 ) ) ;
#881 = ORIENTED_EDGE ( 'NONE', *, *, #3858, .T. ) ;
#882 = CARTESIAN_POINT ( 'NONE',  ( 5.072217245671896357, 40.86882393736262031, 0.000000000000000000 ) ) ;
#883 = CARTESIAN_POINT ( 'NONE',  ( 5.072217245671896357, 40.86882393736262031, 0.000000000000000000 ) ) ;
#884 = ORIENTED_EDGE ( 'NONE', *, *, #3298, .F. ) ;
#885 = CARTESIAN_POINT ( 'NONE',  ( -6.699999999999999289, -7.819999999999992291, 3.000000000000000000 ) ) ;
#886 = PRODUCT_DEFINITION ( 'UNKNOWN', '', #2248, #3791 ) ;
#887 = ORIENTED_EDGE ( 'NONE', *, *, #328, .F. ) ;
#888 = CARTESIAN_POINT ( 'NONE',  ( -8.000000000000001776, -51.03125000204838102, 12.58810118750000129 ) ) ;
#889 = LINE ( 'NONE', #2155, #1577 ) ;
#890 = EDGE_CURVE ( 'NONE', #2687, #2246, #3419, .T. ) ;
#891 = EDGE_LOOP ( 'NONE', ( #1704, #379, #1278, #2244 ) ) ;
#892 = CARTESIAN_POINT ( 'NONE',  ( -5.179782754328102534, 40.86882393736287611, 0.000000000000000000 ) ) ;
#893 = DIRECTION ( 'NONE',  ( 0.000000000000000000, 0.000000000000000000, -1.000000000000000000 ) ) ;
#894 = ADVANCED_FACE ( 'NONE', ( #2106 ), #754, .T. ) ;
#895 = DIRECTION ( 'NONE',  ( 5.551115123125780237E-17, -1.942890293094050570E-16, 1.000000000000000000 ) ) ;
#896 = VERTEX_POINT ( 'NONE', #2130 ) ;
#897 = FACE_OUTER_BOUND ( 'NONE', #310, .T. ) ;
#898 = CARTESIAN_POINT ( 'NONE',  ( -8.000000000000000000, -54.31250000409676915, 0.6000000000000007550 ) ) ;
#899 = VECTOR ( 'NONE', #695, 1000.000000000000000 ) ;
#900 = CARTESIAN_POINT ( 'NONE',  ( -12.52548339959390411, -55.43749999999999289, 2.474516600406096778 ) ) ;
#901 = ORIENTED_EDGE ( 'NONE', *, *, #1199, .F. ) ;
#902 = FACE_OUTER_BOUND ( 'NONE', #3045, .T. ) ;
#903 = CARTESIAN_POINT ( 'NONE',  ( -2.411898812500000489, -51.03125000204838813, 7.000000000000000888 ) ) ;
#904 = VERTEX_POINT ( 'NONE', #1393 ) ;
#905 = DIRECTION ( 'NONE',  ( 0.000000000000000000, 1.000000000000000000, 0.000000000000000000 ) ) ;
#906 = VECTOR ( 'NONE', #3387, 1000.000000000000000 ) ;
#907 = VERTEX_POINT ( 'NONE', #2677 ) ;
#908 = CARTESIAN_POINT ( 'NONE',  ( -5.685332700224303260, -50.37500000204839523, 1.411898812500001377 ) ) ;
#909 =( BOUNDED_CURVE ( )  B_SPLINE_CURVE ( 2, ( #3711, #1828, #3942, #1067, #3068, #841, #3753, #2173, #2983 ),
 .UNSPECIFIED., .F., .T. ) 
 B_SPLINE_CURVE_WITH_KNOTS ( ( 3, 2, 2, 2, 3 ),
 ( 0.3500000000000002554, 0.3750000000000002776, 0.4000000000000003553, 0.4250000000000003220, 0.4500000000000003442 ),
 .UNSPECIFIED. ) 
 CURVE ( )  GEOMETRIC_REPRESENTATION_ITEM ( )  RATIONAL_B_SPLINE_CURVE ( ( 0.9999999999999991118, 0.9238795325112876267, 1.000000000000000000, 0.9238795325112867385, 1.000000000000000000, 0.9238795325112867385, 1.000000000000000000, 0.9238795325112857393, 1.000000000000001110 ) ) 
 REPRESENTATION_ITEM ( '' )  );
#910 = FACE_OUTER_BOUND ( 'NONE', #140, .T. ) ;
#911 = ORIENTED_EDGE ( 'NONE', *, *, #380, .T. ) ;
#912 = DIRECTION ( 'NONE',  ( 0.000000000000000000, 0.000000000000000000, -1.000000000000000000 ) ) ;
#913 = ADVANCED_FACE ( 'NONE', ( #1808 ), #215, .T. ) ;
#914 = CARTESIAN_POINT ( 'NONE',  ( 11.15000000000000036, 7.400000000000011013, 9.107298248878237246E-15 ) ) ;
#915 = FACE_OUTER_BOUND ( 'NONE', #3350, .T. ) ;
#916 = EDGE_CURVE ( 'NONE', #3717, #3872, #3451, .T. ) ;
#917 = CARTESIAN_POINT ( 'NONE',  ( 19.49999999999998934, 55.00000000000000711, 4.199999999999977085 ) ) ;
#918 = CARTESIAN_POINT ( 'NONE',  ( 18.50000000000000355, -49.29999999999999716, 16.00000000000000000 ) ) ;
#919 = AXIS2_PLACEMENT_3D ( 'NONE', #3278, #1709, #1050 ) ;
#920 = VERTEX_POINT ( 'NONE', #2151 ) ;
#921 = CARTESIAN_POINT ( 'NONE',  ( -12.52548339959390411, -49.43749999999999289, 2.474516600406096778 ) ) ;
#922 = EDGE_CURVE ( 'NONE', #600, #3572, #3313, .T. ) ;
#923 = CARTESIAN_POINT ( 'NONE',  ( -5.685332700224303260, -52.25000000204838813, 1.411898812500001377 ) ) ;
#924 = VERTEX_POINT ( 'NONE', #1167 ) ;
#925 = VECTOR ( 'NONE', #631, 1000.000000000000000 ) ;
#926 = DIRECTION ( 'NONE',  ( -1.000000000000000000, -3.697027429032479173E-18, 3.851859888774471706E-34 ) ) ;
#927 = EDGE_LOOP ( 'NONE', ( #3550, #3130, #2829, #3720 ) ) ;
#928 = FILL_AREA_STYLE ('',( #1521 ) ) ;
#929 = AXIS2_PLACEMENT_3D ( 'NONE', #3098, #1506, #1486 ) ;
#930 = AXIS2_PLACEMENT_3D ( 'NONE', #918, #2234, #1 ) ;
#931 = LINE ( 'NONE', #1613, #2306 ) ;
#932 = FACE_OUTER_BOUND ( 'NONE', #1076, .T. ) ;
#933 = CYLINDRICAL_SURFACE ( 'NONE', #3882, 0.3499999999999996447 ) ;
#934 = CARTESIAN_POINT ( 'NONE',  ( -6.699999999999999289, -18.79999999999998295, 4.610000000000001208 ) ) ;
#935 = FACE_OUTER_BOUND ( 'NONE', #105, .T. ) ;
#936 = CARTESIAN_POINT ( 'NONE',  ( 19.49999999999998934, 52.00000000000001421, -1.299999999999992939 ) ) ;
#937 = EDGE_CURVE ( 'NONE', #3532, #2841, #1212, .T. ) ;
#938 = VERTEX_POINT ( 'NONE', #885 ) ;
#939 = DIRECTION ( 'NONE',  ( -0.7071067811865515695, -9.080297831751316913E-17, -0.7071067811865435759 ) ) ;
#940 = CARTESIAN_POINT ( 'NONE',  ( -8.000000000000000000, -50.65625000204838813, 1.411898812500001377 ) ) ;
#941 = EDGE_LOOP ( 'NONE', ( #41, #1016, #2131, #2682 ) ) ;
#942 = CARTESIAN_POINT ( 'NONE',  ( -7.999999958082395501, -50.56249881076335839, 13.40000000000000213 ) ) ;
#943 = EDGE_CURVE ( 'NONE', #1415, #2037, #571, .T. ) ;
#944 = ORIENTED_EDGE ( 'NONE', *, *, #560, .T. ) ;
#945 = LINE ( 'NONE', #2209, #1353 ) ;
#946 = CARTESIAN_POINT ( 'NONE',  ( -4.548075694826021476, -49.29999999999999716, 2.590111343972167468 ) ) ;
#947 = FACE_OUTER_BOUND ( 'NONE', #3448, .T. ) ;
#948 = PLANE ( 'NONE',  #303 ) ;
#949 = FACE_BOUND ( 'NONE', #1550, .T. ) ;
#950 = CARTESIAN_POINT ( 'NONE',  ( -3.699999999999998401, -3.799999999999983835, 9.107298248878237246E-15 ) ) ;
#951 = CARTESIAN_POINT ( 'NONE',  ( -1.599999999999999867, -50.18750000409677625, 7.000000000000000888 ) ) ;
#952 = CARTESIAN_POINT ( 'NONE',  ( -6.699999999999999289, 0.000000000000000000, 0.000000000000000000 ) ) ;
#953 = ORIENTED_EDGE ( 'NONE', *, *, #3684, .F. ) ;
#954 = DIRECTION ( 'NONE',  ( 1.000000000000000000, 0.000000000000000000, 0.000000000000000000 ) ) ;
#955 = CARTESIAN_POINT ( 'NONE',  ( -7.679782754328103422, 28.11970425054997236, 2.299999999999993161 ) ) ;
#956 = EDGE_CURVE ( 'NONE', #3853, #4055, #258, .T. ) ;
#957 = VERTEX_POINT ( 'NONE', #1886 ) ;
#958 = DIRECTION ( 'NONE',  ( 0.000000000000000000, 0.000000000000000000, 1.000000000000000000 ) ) ;
#959 = ORIENTED_EDGE ( 'NONE', *, *, #2072, .T. ) ;
#960 = CARTESIAN_POINT ( 'NONE',  ( -2.577886433845296921, -49.30000000000001137, 5.599087192140604685 ) ) ;
#961 = CARTESIAN_POINT ( 'NONE',  ( 16.49999999999999289, 55.00000000000000711, -3.000000000000000000 ) ) ;
#962 = DIRECTION ( 'NONE',  ( 1.000000000000000000, 1.284148034404965108E-16, -0.000000000000000000 ) ) ;
#963 = ADVANCED_FACE ( 'NONE', ( #3204 ), #1909, .F. ) ;
#964 = DIRECTION ( 'NONE',  ( 0.000000000000000000, -5.551115123125794535E-15, -1.000000000000000000 ) ) ;
#965 = CARTESIAN_POINT ( 'NONE',  ( 16.49999999999998934, 52.00000000000000711, -2.000000000000000000 ) ) ;
#966 = DIRECTION ( 'NONE',  ( -1.000000000000000000, -1.357467117055732741E-16, 0.000000000000000000 ) ) ;
#967 = CARTESIAN_POINT ( 'NONE',  ( -5.349033200812190358, -52.90625000409677625, 0.6000000000000007550 ) ) ;
#968 = LINE ( 'NONE', #2503, #3837 ) ;
#969 = ORIENTED_EDGE ( 'NONE', *, *, #294, .F. ) ;
#970 = CARTESIAN_POINT ( 'NONE',  ( 11.15000000000000036, -36.99999999999997158, 3.199999999999997513 ) ) ;
#971 = CARTESIAN_POINT ( 'NONE',  ( -13.73504991721019408, -54.99999999999999289, 5.643639099163427986 ) ) ;
#972 = VERTEX_POINT ( 'NONE', #668 ) ;
#973 = LINE ( 'NONE', #1283, #3844 ) ;
#974 = VECTOR ( 'NONE', #3883, 1000.000000000000000 ) ;
#975 = VERTEX_POINT ( 'NONE', #335 ) ;
#976 = CARTESIAN_POINT ( 'NONE',  ( -2.491984681989297012, -49.29999999999999005, 7.960375779487797843 ) ) ;
#977 = ORIENTED_EDGE ( 'NONE', *, *, #2690, .F. ) ;
#978 = LINE ( 'NONE', #3189, #2113 ) ;
#979 = CARTESIAN_POINT ( 'NONE',  ( -5.349033200812224997, -50.28125000000000000, 13.40000000000003766 ) ) ;
#980 = AXIS2_PLACEMENT_3D ( 'NONE', #1107, #2610, #1999 ) ;
#981 = CARTESIAN_POINT ( 'NONE',  ( -14.40000000000000036, -52.34374999999999289, 4.349033200812192135 ) ) ;
#982 = VECTOR ( 'NONE', #3971, 1000.000000000000000 ) ;
#983 = EDGE_CURVE ( 'NONE', #2671, #3516, #627, .T. ) ;
#984 = DIRECTION ( 'NONE',  ( -0.000000000000000000, -0.000000000000000000, 1.000000000000000000 ) ) ;
#985 = VECTOR ( 'NONE', #3757, 1000.000000000000000 ) ;
#986 =( GEOMETRIC_REPRESENTATION_CONTEXT ( 3 ) GLOBAL_UNCERTAINTY_ASSIGNED_CONTEXT ( ( #2506 ) ) GLOBAL_UNIT_ASSIGNED_CONTEXT ( ( #3398, #1535, #2782 ) ) REPRESENTATION_CONTEXT ( 'NONE', 'WORKASPACE' ) );
#987 = VERTEX_POINT ( 'NONE', #4103 ) ;
#988 = DIRECTION ( 'NONE',  ( 0.000000000000000000, -0.7071067811865474617, 0.7071067811865474617 ) ) ;
#989 = CARTESIAN_POINT ( 'NONE',  ( -12.52548339959390411, -48.12500000409676915, 2.474516600406096778 ) ) ;
#990 = CARTESIAN_POINT ( 'NONE',  ( -5.349033200812190358, -51.40625000409676915, 0.6000000000000007550 ) ) ;
#991 = APPLICATION_CONTEXT ( 'automotive_design' ) ;
#992 = EDGE_LOOP ( 'NONE', ( #3579, #2607, #2564, #1099 ) ) ;
#993 = CARTESIAN_POINT ( 'NONE',  ( -1.999999999999999112, -42.02370210108668402, -2.999999999999999556 ) ) ;
#994 = MECHANICAL_DESIGN_GEOMETRIC_PRESENTATION_REPRESENTATION (  '', ( #1719 ), #986 ) ;
#995 = CARTESIAN_POINT ( 'NONE',  ( -7.329782754328105554, 40.86882393736288321, 2.299999999999996270 ) ) ;
#996 = ORIENTED_EDGE ( 'NONE', *, *, #2638, .F. ) ;
#997 = CARTESIAN_POINT ( 'NONE',  ( -4.048615756362151430, -55.34375000204838813, 3.048615756362151874 ) ) ;
#998 = ORIENTED_EDGE ( 'NONE', *, *, #1161, .T. ) ;
#999 = CARTESIAN_POINT ( 'NONE',  ( -2.463268227756544970, -49.29999999999996874, 7.777731186422267129 ) ) ;
#1000 = ORIENTED_EDGE ( 'NONE', *, *, #1214, .T. ) ;
#1001 = CARTESIAN_POINT ( 'NONE',  ( 1.149999999999999023, -1.848513714516239586E-17, 1.925929944387235853E-33 ) ) ;
#1002 = CARTESIAN_POINT ( 'NONE',  ( -7.329782754328105554, 40.86882393736287611, -2.999999999999999112 ) ) ;
#1003 = CARTESIAN_POINT ( 'NONE',  ( -5.685332700224303260, -51.87500000204838813, 1.411898812500001377 ) ) ;
#1004 = EDGE_CURVE ( 'NONE', #3325, #2612, #2193, .T. ) ;
#1005 = ORIENTED_EDGE ( 'NONE', *, *, #2528, .T. ) ;
#1006 = FACE_BOUND ( 'NONE', #873, .T. ) ;
#1007 = CARTESIAN_POINT ( 'NONE',  ( -3.474516600406095890, -48.50000000409677625, 2.474516600406096778 ) ) ;
#1008 = EDGE_CURVE ( 'NONE', #2699, #3187, #1592, .T. ) ;
#1009 = LINE ( 'NONE', #3299, #1374 ) ;
#1010 = VERTEX_POINT ( 'NONE', #942 ) ;
#1011 = CARTESIAN_POINT ( 'NONE',  ( -10.17978275432810342, 40.86882393736287611, 0.000000000000000000 ) ) ;
#1012 = DIRECTION ( 'NONE',  ( 5.551115123125780237E-17, -1.942890293094050570E-16, 1.000000000000000000 ) ) ;
#1013 = EDGE_CURVE ( 'NONE', #687, #3495, #973, .T. ) ;
#1014 = ORIENTED_EDGE ( 'NONE', *, *, #2022, .F. ) ;
#1015 = CARTESIAN_POINT ( 'NONE',  ( -11.95138424363784857, -51.96875000204838102, 3.048615756362151874 ) ) ;
#1016 = ORIENTED_EDGE ( 'NONE', *, *, #1919, .F. ) ;
#1017 = LINE ( 'NONE', #337, #3976 ) ;
#1018 = ORIENTED_EDGE ( 'NONE', *, *, #3600, .T. ) ;
#1019 = CARTESIAN_POINT ( 'NONE',  ( -1.600000000000001865, -50.09374999999999289, 9.650966799187816747 ) ) ;
#1020 = ORIENTED_EDGE ( 'NONE', *, *, #1973, .F. ) ;
#1021 = DIRECTION ( 'NONE',  ( -1.000000000000000000, -4.625929269271486900E-15, 0.000000000000000000 ) ) ;
#1022 = PLANE ( 'NONE',  #3643 ) ;
#1023 = AXIS2_PLACEMENT_3D ( 'NONE', #1672, #1874, #2648 ) ;
#1024 = DIRECTION ( 'NONE',  ( -1.000000000000000000, 0.000000000000000000, 0.000000000000000000 ) ) ;
#1025 = CARTESIAN_POINT ( 'NONE',  ( -1.599999999999999867, -50.09375000409676915, 4.349033200812191247 ) ) ;
#1026 = LINE ( 'NONE', #1334, #123 ) ;
#1027 = PRESENTATION_LAYER_ASSIGNMENT (  '', '', ( #2702 ) ) ;
#1028 = ORIENTED_EDGE ( 'NONE', *, *, #1390, .F. ) ;
#1029 = EDGE_CURVE ( 'NONE', #3320, #3371, #2223, .T. ) ;
#1030 = DIRECTION ( 'NONE',  ( -0.000000000000000000, -0.000000000000000000, 1.000000000000000000 ) ) ;
#1031 = CARTESIAN_POINT ( 'NONE',  ( -18.49999999999999645, -54.99999999999999289, 17.00000000000000355 ) ) ;
#1032 = ORIENTED_EDGE ( 'NONE', *, *, #4020, .T. ) ;
#1033 = CARTESIAN_POINT ( 'NONE',  ( -13.58810118749999951, -50.28125000204838813, 7.000000000000000000 ) ) ;
#1034 = ORIENTED_EDGE ( 'NONE', *, *, #2385, .T. ) ;
#1035 = EDGE_CURVE ( 'NONE', #57, #2671, #3185, .T. ) ;
#1036 = DIRECTION ( 'NONE',  ( -0.000000000000000000, 0.000000000000000000, 1.000000000000000000 ) ) ;
#1037 = DIRECTION ( 'NONE',  ( -0.000000000000000000, 1.000000000000000000, -0.000000000000000000 ) ) ;
#1038 = CARTESIAN_POINT ( 'NONE',  ( -6.699999999999999289, -7.819999999999992291, 0.000000000000000000 ) ) ;
#1039 = VERTEX_POINT ( 'NONE', #2860 ) ;
#1040 = AXIS2_PLACEMENT_3D ( 'NONE', #3409, #3698, #783 ) ;
#1041 = DIRECTION ( 'NONE',  ( 3.697027429032479173E-18, -1.000000000000000000, 0.000000000000000000 ) ) ;
#1042 = DIRECTION ( 'NONE',  ( 0.000000000000000000, 0.000000000000000000, -1.000000000000000000 ) ) ;
#1043 = VECTOR ( 'NONE', #3961, 1000.000000000000000 ) ;
#1044 = DIRECTION ( 'NONE',  ( 1.000000000000000000, 3.697027429032479173E-18, 0.000000000000000000 ) ) ;
#1045 = AXIS2_PLACEMENT_3D ( 'NONE', #2482, #1819, #3120 ) ;
#1046 = FACE_OUTER_BOUND ( 'NONE', #426, .T. ) ;
#1047 = VECTOR ( 'NONE', #3737, 1000.000000000000000 ) ;
#1048 = AXIS2_PLACEMENT_3D ( 'NONE', #955, #1012, #2874 ) ;
#1049 = CARTESIAN_POINT ( 'NONE',  ( -13.58810118749999951, -51.40625000204838102, 7.000000000000000000 ) ) ;
#1050 = DIRECTION ( 'NONE',  ( 1.000000000000000000, 0.000000000000000000, 0.000000000000000000 ) ) ;
#1051 = ORIENTED_EDGE ( 'NONE', *, *, #3880, .T. ) ;
#1052 = CARTESIAN_POINT ( 'NONE',  ( -5.179782754328102534, 40.86882393736288321, 2.299999999999996270 ) ) ;
#1053 = CARTESIAN_POINT ( 'NONE',  ( 16.99999999999999645, -3.799999999999983835, 4.610000000000001208 ) ) ;
#1054 = CARTESIAN_POINT ( 'NONE',  ( 8.000000000000000000, -54.99999999999999289, 7.000000000000000888 ) ) ;
#1055 = EDGE_CURVE ( 'NONE', #1847, #3245, #1625, .T. ) ;
#1056 = CARTESIAN_POINT ( 'NONE',  ( -2.411898812500000489, -52.53125000204838102, 7.000000000000000888 ) ) ;
#1057 = ORIENTED_EDGE ( 'NONE', *, *, #3959, .F. ) ;
#1058 = PRESENTATION_LAYER_ASSIGNMENT (  '', '', ( #1719 ) ) ;
#1059 = CARTESIAN_POINT ( 'NONE',  ( -6.563475962396717378, -49.29999999999999005, 1.426517004776729936 ) ) ;
#1060 = DIRECTION ( 'NONE',  ( 0.000000000000000000, 1.000000000000000000, 0.000000000000000000 ) ) ;
#1061 = LINE ( 'NONE', #3227, #1373 ) ;
#1062 = ORIENTED_EDGE ( 'NONE', *, *, #1820, .T. ) ;
#1063 = EDGE_CURVE ( 'NONE', #3536, #392, #2654, .T. ) ;
#1064 = LINE ( 'NONE', #3022, #2774 ) ;
#1065 = CARTESIAN_POINT ( 'NONE',  ( -10.31466729977569585, -53.18750000204838102, 1.411898812500001377 ) ) ;
#1066 = LINE ( 'NONE', #2942, #187 ) ;
#1067 = CARTESIAN_POINT ( 'NONE',  ( -1.600000000000001865, -53.09375000000000711, 9.650966799187816747 ) ) ;
#1068 = DIRECTION ( 'NONE',  ( -0.000000000000000000, -0.000000000000000000, -1.000000000000000000 ) ) ;
#1069 = CARTESIAN_POINT ( 'NONE',  ( -11.95138424363785035, -54.21875000204838813, 10.95138424363785035 ) ) ;
#1070 = CARTESIAN_POINT ( 'NONE',  ( 16.99999999999999645, -3.799999999999983835, 1.500000000000001554 ) ) ;
#1071 = ORIENTED_EDGE ( 'NONE', *, *, #2521, .T. ) ;
#1072 = LINE ( 'NONE', #141, #2185 ) ;
#1073 = CARTESIAN_POINT ( 'NONE',  ( -4.648489436576722866, -49.30000000000001137, 11.65271840499020328 ) ) ;
#1074 = LINE ( 'NONE', #764, #596 ) ;
#1075 = CARTESIAN_POINT ( 'NONE',  ( -11.95138424363785035, -53.09375000204838102, 10.95138424363784857 ) ) ;
#1076 = EDGE_LOOP ( 'NONE', ( #293, #2187, #2919, #2859 ) ) ;
#1077 = CARTESIAN_POINT ( 'NONE',  ( -12.49026080028133379, -49.30000000000001847, 2.756909008022916385 ) ) ;
#1078 = DIRECTION ( 'NONE',  ( 3.697027429032479173E-18, -1.000000000000000000, -1.424043166158921928E-51 ) ) ;
#1079 = EDGE_CURVE ( 'NONE', #2835, #518, #1574, .T. ) ;
#1080 = DIRECTION ( 'NONE',  ( -1.000000000000000000, 0.000000000000000000, -0.000000000000000000 ) ) ;
#1081 = EDGE_LOOP ( 'NONE', ( #4041, #2123, #1484, #4088 ) ) ;
#1082 = CARTESIAN_POINT ( 'NONE',  ( 1.149999999999999023, 14.40000000000000391, 3.199999999999997513 ) ) ;
#1083 = CARTESIAN_POINT ( 'NONE',  ( -5.685332700224303260, -53.75000000204838813, 1.411898812500001377 ) ) ;
#1084 = EDGE_CURVE ( 'NONE', #2594, #3247, #1608, .T. ) ;
#1085 = LINE ( 'NONE', #774, #3171 ) ;
#1086 = CARTESIAN_POINT ( 'NONE',  ( 1.149999999999999023, -36.99999999999997158, 3.199999999999997513 ) ) ;
#1087 = AXIS2_PLACEMENT_3D ( 'NONE', #1331, #3508, #2849 ) ;
#1088 = CARTESIAN_POINT ( 'NONE',  ( -16.50000000000001066, 52.50000000000000711, 5.000000000000000000 ) ) ;
#1089 = ORIENTED_EDGE ( 'NONE', *, *, #17, .T. ) ;
#1090 = ADVANCED_FACE ( 'NONE', ( #3794 ), #2304, .F. ) ;
#1091 = DIRECTION ( 'NONE',  ( 0.000000000000000000, 1.000000000000000000, -7.806255641895629953E-16 ) ) ;
#1092 = CARTESIAN_POINT ( 'NONE',  ( -4.048615756362152318, -49.34375000204838813, 10.95138424363785035 ) ) ;
#1093 = LINE ( 'NONE', #1203, #2640 ) ;
#1094 = ORIENTED_EDGE ( 'NONE', *, *, #2517, .T. ) ;
#1095 = LINE ( 'NONE', #762, #2520 ) ;
#1096 = CARTESIAN_POINT ( 'NONE',  ( -13.08424699214672415, -49.29999999999999716, 10.86567349920315628 ) ) ;
#1097 = LINE ( 'NONE', #2160, #2978 ) ;
#1098 = CARTESIAN_POINT ( 'NONE',  ( -4.048615756362153206, -52.71875000204838102, 10.95138424363785035 ) ) ;
#1099 = ORIENTED_EDGE ( 'NONE', *, *, #1377, .T. ) ;
#1100 = CARTESIAN_POINT ( 'NONE',  ( -11.92076831840974904, -49.30000000000000426, 2.287349276403158882 ) ) ;
#1101 = PLANE ( 'NONE',  #1954 ) ;
#1102 = CARTESIAN_POINT ( 'NONE',  ( -10.31466729977570118, -53.00000000204838813, 12.58810118749999951 ) ) ;
#1103 = EDGE_LOOP ( 'NONE', ( #3256, #1880, #1653, #562 ) ) ;
#1104 = CARTESIAN_POINT ( 'NONE',  ( 1.999999999999999112, -42.02370210108668402, 0.000000000000000000 ) ) ;
#1105 = PRODUCT ( 'Brewtools CAN controller box', 'Brewtools CAN controller box', '', ( #3672 ) ) ;
#1106 = CARTESIAN_POINT ( 'NONE',  ( -4.048615756362153206, -52.71875000204838102, 10.95138424363785035 ) ) ;
#1107 = CARTESIAN_POINT ( 'NONE',  ( 7.572217245671899022, 28.08970425054967279, 2.299999999999993161 ) ) ;
#1108 = CARTESIAN_POINT ( 'NONE',  ( -12.52548339959390411, -51.12500000409676915, 2.474516600406096778 ) ) ;
#1109 = EDGE_CURVE ( 'NONE', #2044, #1758, #3649, .T. ) ;
#1110 = AXIS2_PLACEMENT_3D ( 'NONE', #1684, #2964, #1376 ) ;
#1111 = ORIENTED_EDGE ( 'NONE', *, *, #2397, .T. ) ;
#1112 = CARTESIAN_POINT ( 'NONE',  ( -8.000000000000000000, -49.29999999999999716, 7.000000000000000888 ) ) ;
#1113 = CARTESIAN_POINT ( 'NONE',  ( -13.58810118749999951, -49.90625000204838813, 7.000000000000000000 ) ) ;
#1114 = VECTOR ( 'NONE', #1124, 1000.000000000000000 ) ;
#1115 = CARTESIAN_POINT ( 'NONE',  ( -5.349033200812190358, -54.40625000409677625, 0.6000000000000007550 ) ) ;
#1116 = AXIS2_PLACEMENT_3D ( 'NONE', #3681, #3261, #2950 ) ;
#1117 = ORIENTED_EDGE ( 'NONE', *, *, #3382, .T. ) ;
#1118 = AXIS2_PLACEMENT_3D ( 'NONE', #3690, #552, #237 ) ;
#1119 = LINE ( 'NONE', #162, #718 ) ;
#1120 = CARTESIAN_POINT ( 'NONE',  ( -8.000000000000001776, -51.87499999999999289, 13.40000000000000213 ) ) ;
#1121 = CARTESIAN_POINT ( 'NONE',  ( 7.222217245671895824, 40.86882393736262742, 2.299999999999996270 ) ) ;
#1122 = CARTESIAN_POINT ( 'NONE',  ( -10.65096679918781497, -50.46874999999998579, 13.39999999999999858 ) ) ;
#1123 = VERTEX_POINT ( 'NONE', #1567 ) ;
#1124 = DIRECTION ( 'NONE',  ( 1.000000000000000000, -0.000000000000000000, -2.168404344971006896E-16 ) ) ;
#1125 = FACE_OUTER_BOUND ( 'NONE', #397, .T. ) ;
#1126 = CARTESIAN_POINT ( 'NONE',  ( 0.000000000000000000, 54.19999999999998153, 5.000000000000000000 ) ) ;
#1127 = VERTEX_POINT ( 'NONE', #3434 ) ;
#1128 = CARTESIAN_POINT ( 'NONE',  ( -5.349033200812204569, -54.21875000000000000, 0.5999999999999872102 ) ) ;
#1129 = CARTESIAN_POINT ( 'NONE',  ( -4.048615756362153206, -49.34375000204838813, 10.95138424363785035 ) ) ;
#1130 = CARTESIAN_POINT ( 'NONE',  ( -5.685332700224303260, -49.43750000204838813, 12.58810118749999951 ) ) ;
#1131 = DIRECTION ( 'NONE',  ( -0.000000000000000000, -1.000000000000000000, -0.000000000000000000 ) ) ;
#1132 = B_SPLINE_CURVE_WITH_KNOTS ( 'NONE', 3,
 ( #1932, #946, #2210, #2863, #2550, #3499, #1611, #2954, #960, #3580, #1285, #1632, #2565, #999, #976, #3206, #356, #3265, #1930, #3871 ),
 .UNSPECIFIED., .F., .F.,
 ( 4, 2, 2, 2, 2, 2, 2, 2, 2, 4 ),
 ( 0.000000000000000000, 0.001103939420695532626, 0.002207878841391064384, 0.003311818262086597010, 0.004415757682782129635, 0.005519697103477661827, 0.006071666813825428791, 0.006623636524173194887, 0.007727575944868728813, 0.008831515365564261005 ),
 .UNSPECIFIED. ) ;
#1133 = VERTEX_POINT ( 'NONE', #3198 ) ;
#1134 = DIRECTION ( 'NONE',  ( 2.714934234111454635E-16, -1.000000000000000000, 0.000000000000000000 ) ) ;
#1135 = EDGE_CURVE ( 'NONE', #2194, #2936, #3511, .T. ) ;
#1136 = CARTESIAN_POINT ( 'NONE',  ( -4.048615756362152318, -53.84375000204838813, 10.95138424363785035 ) ) ;
#1137 = DIRECTION ( 'NONE',  ( 0.000000000000000000, -1.000000000000000000, 0.000000000000000000 ) ) ;
#1138 = EDGE_LOOP ( 'NONE', ( #1969, #1762, #1587, #543 ) ) ;
#1139 = PLANE ( 'NONE',  #2914 ) ;
#1140 = EDGE_CURVE ( 'NONE', #3495, #1631, #2541, .T. ) ;
#1141 = CARTESIAN_POINT ( 'NONE',  ( -11.18341294563868971, -54.99999999999999289, 12.55210608846228304 ) ) ;
#1142 = CARTESIAN_POINT ( 'NONE',  ( -14.40000000000000036, -53.74999999999999289, 7.000000000000000000 ) ) ;
#1143 = ORIENTED_EDGE ( 'NONE', *, *, #343, .F. ) ;
#1144 = CARTESIAN_POINT ( 'NONE',  ( -12.99573653485483682, -49.29999999999997584, 3.285504179500915001 ) ) ;
#1145 = DIRECTION ( 'NONE',  ( 1.000000000000000000, 3.697027429032479173E-18, 0.000000000000000000 ) ) ;
#1146 = ADVANCED_FACE ( 'NONE', ( #3804 ), #605, .F. ) ;
#1147 = CARTESIAN_POINT ( 'NONE',  ( -11.95138424363784857, -53.46875000204838813, 3.048615756362151874 ) ) ;
#1148 = VERTEX_POINT ( 'NONE', #3489 ) ;
#1149 = CARTESIAN_POINT ( 'NONE',  ( 15.99999999999999645, -3.799999999999983835, 1.500000000000001776 ) ) ;
#1150 = EDGE_LOOP ( 'NONE', ( #1470, #2785, #3491, #3207 ) ) ;
#1151 = CARTESIAN_POINT ( 'NONE',  ( -4.048615756362151430, -53.84375000204838813, 3.048615756362151874 ) ) ;
#1152 = CARTESIAN_POINT ( 'NONE',  ( -11.95138424363785035, -49.71875000204838813, 10.95138424363784857 ) ) ;
#1153 = ORIENTED_EDGE ( 'NONE', *, *, #2141, .F. ) ;
#1154 = VERTEX_POINT ( 'NONE', #2218 ) ;
#1155 = DIRECTION ( 'NONE',  ( -0.000000000000000000, -0.000000000000000000, -1.000000000000000000 ) ) ;
#1156 = CARTESIAN_POINT ( 'NONE',  ( -1.599999999999999867, -54.59375000409676915, 4.349033200812192135 ) ) ;
#1157 = ORIENTED_EDGE ( 'NONE', *, *, #1936, .T. ) ;
#1158 = DIRECTION ( 'NONE',  ( 0.000000000000000000, 0.000000000000000000, 1.000000000000000000 ) ) ;
#1159 = DIRECTION ( 'NONE',  ( 1.261617073437677999E-16, -1.000000000000000000, 0.000000000000000000 ) ) ;
#1160 = CARTESIAN_POINT ( 'NONE',  ( -1.599999999999999867, -54.40624999999999289, 4.349033200812191247 ) ) ;
#1161 = EDGE_CURVE ( 'NONE', #2308, #3632, #1434, .T. ) ;
#1162 = ORIENTED_EDGE ( 'NONE', *, *, #790, .F. ) ;
#1163 = CARTESIAN_POINT ( 'NONE',  ( -14.25516381440787228, -49.29999999999999716, 5.646144152827801577 ) ) ;
#1164 = FACE_BOUND ( 'NONE', #82, .T. ) ;
#1165 = DIRECTION ( 'NONE',  ( -0.000000000000000000, 0.000000000000000000, 1.000000000000000000 ) ) ;
#1166 = ORIENTED_EDGE ( 'NONE', *, *, #790, .T. ) ;
#1167 = CARTESIAN_POINT ( 'NONE',  ( 19.50000000000000355, -49.29999999999999716, 4.199999999999977085 ) ) ;
#1168 = EDGE_CURVE ( 'NONE', #904, #2488, #3824, .T. ) ;
#1169 = EDGE_LOOP ( 'NONE', ( #2421, #2063, #3602, #3461 ) ) ;
#1170 = AXIS2_PLACEMENT_3D ( 'NONE', #3266, #2198, #2332 ) ;
#1171 = CARTESIAN_POINT ( 'NONE',  ( -13.58810118749999951, -49.90625000204838813, 7.000000000000000000 ) ) ;
#1172 = VECTOR ( 'NONE', #750, 1000.000000000000000 ) ;
#1173 = CARTESIAN_POINT ( 'NONE',  ( -11.95138424363784857, -50.09375000204838102, 3.048615756362151874 ) ) ;
#1174 = LINE ( 'NONE', #2067, #4113 ) ;
#1175 = VERTEX_POINT ( 'NONE', #3178 ) ;
#1176 = CARTESIAN_POINT ( 'NONE',  ( -19.49999999999999645, -49.29999999999999716, 4.199999999999977085 ) ) ;
#1177 = CONICAL_SURFACE ( 'NONE', #1696, 2.199999999999979750, 0.7853981633974466137 ) ;
#1178 = CARTESIAN_POINT ( 'NONE',  ( -1.999999999999999556, -42.02370210108668402, 6.123233995736772199E-17 ) ) ;
#1179 = ORIENTED_EDGE ( 'NONE', *, *, #3503, .F. ) ;
#1180 = CARTESIAN_POINT ( 'NONE',  ( -16.50000000000001421, 54.30000000000001137, -3.000000000000000000 ) ) ;
#1181 = VECTOR ( 'NONE', #2625, 1000.000000000000000 ) ;
#1182 = CARTESIAN_POINT ( 'NONE',  ( 1.149999999999999023, 12.40000000000001101, 1.499999999999997558 ) ) ;
#1183 = CARTESIAN_POINT ( 'NONE',  ( -12.52548339959390589, -52.06249999999999289, 11.52548339959390589 ) ) ;
#1184 = VECTOR ( 'NONE', #2143, 1000.000000000000000 ) ;
#1185 = VECTOR ( 'NONE', #926, 1000.000000000000000 ) ;
#1186 = EDGE_LOOP ( 'NONE', ( #3199, #1057, #1949, #2005 ) ) ;
#1187 = DIRECTION ( 'NONE',  ( 1.000000000000000000, 1.360661377876250369E-16, -0.000000000000000000 ) ) ;
#1188 = CARTESIAN_POINT ( 'NONE',  ( -5.179782754328100758, 28.11970425054997236, 0.000000000000000000 ) ) ;
#1189 = LINE ( 'NONE', #883, #1918 ) ;
#1190 = AXIS2_PLACEMENT_3D ( 'NONE', #2649, #2333, #748 ) ;
#1191 = EDGE_CURVE ( 'NONE', #907, #3632, #16, .T. ) ;
#1192 = ORIENTED_EDGE ( 'NONE', *, *, #2132, .F. ) ;
#1193 = DIRECTION ( 'NONE',  ( 0.000000000000000000, 0.7071067811865435759, 0.7071067811865514585 ) ) ;
#1194 = VECTOR ( 'NONE', #3335, 1000.000000000000000 ) ;
#1195 = VERTEX_POINT ( 'NONE', #2166 ) ;
#1196 = PRESENTATION_STYLE_ASSIGNMENT (( #3713 ) ) ;
#1197 = CARTESIAN_POINT ( 'NONE',  ( -4.048615756362153206, -52.34375000204838102, 10.95138424363785035 ) ) ;
#1198 = LINE ( 'NONE', #2211, #2316 ) ;
#1199 = EDGE_CURVE ( 'NONE', #2167, #1662, #3719, .T. ) ;
#1200 = ORIENTED_EDGE ( 'NONE', *, *, #3427, .T. ) ;
#1201 = CARTESIAN_POINT ( 'NONE',  ( -8.000000000000000000, -49.29999999999999716, 7.000000000000000888 ) ) ;
#1202 = CARTESIAN_POINT ( 'NONE',  ( -12.63796626447899385, -54.99999999999996447, 11.23217909135716575 ) ) ;
#1203 = CARTESIAN_POINT ( 'NONE',  ( 11.15000000000000036, -34.99999999999997868, 3.199999999999997513 ) ) ;
#1204 = ORIENTED_EDGE ( 'NONE', *, *, #533, .T. ) ;
#1205 = PLANE ( 'NONE',  #3381 ) ;
#1206 = CARTESIAN_POINT ( 'NONE',  ( -1.599999999999999867, -54.59375000409676915, 4.349033200812191247 ) ) ;
#1207 = CARTESIAN_POINT ( 'NONE',  ( -5.349033200812189470, -53.28124999999999289, 13.40000000000000036 ) ) ;
#1208 = EDGE_LOOP ( 'NONE', ( #288, #642, #2678, #3417 ) ) ;
#1209 = DIRECTION ( 'NONE',  ( 0.000000000000000000, 1.000000000000000000, 0.000000000000000000 ) ) ;
#1210 = CARTESIAN_POINT ( 'NONE',  ( -4.048615756362151430, -49.34375000204838813, 3.048615756362151874 ) ) ;
#1211 = ORIENTED_EDGE ( 'NONE', *, *, #1236, .T. ) ;
#1212 = LINE ( 'NONE', #2445, #119 ) ;
#1213 = EDGE_LOOP ( 'NONE', ( #2957, #2090, #802, #216 ) ) ;
#1214 = EDGE_CURVE ( 'NONE', #1496, #3717, #968, .T. ) ;
#1215 = CARTESIAN_POINT ( 'NONE',  ( -2.411898812500000044, -52.06250000204838813, 4.685332700224302371 ) ) ;
#1216 = DIRECTION ( 'NONE',  ( -0.000000000000000000, 0.000000000000000000, 1.000000000000000000 ) ) ;
#1217 = EDGE_CURVE ( 'NONE', #3366, #2114, #3767, .T. ) ;
#1218 = ORIENTED_EDGE ( 'NONE', *, *, #1008, .T. ) ;
#1219 = LINE ( 'NONE', #3115, #2020 ) ;
#1220 = DIRECTION ( 'NONE',  ( 3.697027429032479173E-18, -1.000000000000000000, -1.424043166158921928E-51 ) ) ;
#1221 = CYLINDRICAL_SURFACE ( 'NONE', #3817, 0.3500000000000013656 ) ;
#1222 = CARTESIAN_POINT ( 'NONE',  ( -10.65096679918780787, -54.21875000409678336, 0.6000000000000007550 ) ) ;
#1223 = CARTESIAN_POINT ( 'NONE',  ( -16.50000000000001066, 52.00000000000000711, 5.000000000000000000 ) ) ;
#1224 = VERTEX_POINT ( 'NONE', #1530 ) ;
#1225 = DIRECTION ( 'NONE',  ( 0.000000000000000000, 0.000000000000000000, 1.000000000000000000 ) ) ;
#1226 = VECTOR ( 'NONE', #2725, 1000.000000000000000 ) ;
#1227 = CARTESIAN_POINT ( 'NONE',  ( -4.048615756362151430, -50.84375000204838102, 3.048615756362151874 ) ) ;
#1228 = ORIENTED_EDGE ( 'NONE', *, *, #3625, .F. ) ;
#1229 = CARTESIAN_POINT ( 'NONE',  ( -12.52548339959390589, -50.56249999999999289, 11.52548339959390589 ) ) ;
#1230 = ORIENTED_EDGE ( 'NONE', *, *, #3355, .T. ) ;
#1231 = LINE ( 'NONE', #2249, #3237 ) ;
#1232 = LINE ( 'NONE', #2475, #1047 ) ;
#1233 = CIRCLE ( 'NONE', #2170, 6.400000000000000355 ) ;
#1234 = ORIENTED_EDGE ( 'NONE', *, *, #3102, .T. ) ;
#1235 = PLANE ( 'NONE',  #1023 ) ;
#1236 = EDGE_CURVE ( 'NONE', #62, #3572, #663, .T. ) ;
#1237 = FACE_OUTER_BOUND ( 'NONE', #236, .T. ) ;
#1238 = CARTESIAN_POINT ( 'NONE',  ( 19.49999999999998934, 52.00000000000000711, 4.199999999999977085 ) ) ;
#1239 = AXIS2_PLACEMENT_3D ( 'NONE', #245, #471, #850 ) ;
#1240 = DIRECTION ( 'NONE',  ( 1.000000000000000000, 0.000000000000000000, 0.000000000000000000 ) ) ;
#1241 = VECTOR ( 'NONE', #3606, 1000.000000000000000 ) ;
#1242 = ORIENTED_EDGE ( 'NONE', *, *, #3609, .T. ) ;
#1243 = DIRECTION ( 'NONE',  ( -0.7071067811865435759, 0.000000000000000000, 0.7071067811865515695 ) ) ;
#1244 = CARTESIAN_POINT ( 'NONE',  ( -13.58810118749999951, -50.28125000204838813, 7.000000000000000000 ) ) ;
#1245 = VERTEX_POINT ( 'NONE', #287 ) ;
#1246 = VECTOR ( 'NONE', #4042, 1000.000000000000000 ) ;
#1247 = DIRECTION ( 'NONE',  ( -1.261617073437677999E-16, 1.000000000000000000, -0.000000000000000000 ) ) ;
#1248 = VERTEX_POINT ( 'NONE', #2817 ) ;
#1249 = CARTESIAN_POINT ( 'NONE',  ( -10.31466729977569585, -49.06250000204838102, 1.411898812500001377 ) ) ;
#1250 = VECTOR ( 'NONE', #2720, 1000.000000000000000 ) ;
#1251 = VECTOR ( 'NONE', #866, 1000.000000000000000 ) ;
#1252 = FACE_OUTER_BOUND ( 'NONE', #3655, .T. ) ;
#1253 = PLANE ( 'NONE',  #2530 ) ;
#1254 = CARTESIAN_POINT ( 'NONE',  ( -12.52548339959390411, -52.43749999999999289, 2.474516600406096778 ) ) ;
#1255 = FACE_OUTER_BOUND ( 'NONE', #432, .T. ) ;
#1256 = AXIS2_PLACEMENT_3D ( 'NONE', #1722, #3707, #2976 ) ;
#1257 = EDGE_CURVE ( 'NONE', #1300, #2157, #32, .T. ) ;
#1258 = FACE_OUTER_BOUND ( 'NONE', #1208, .T. ) ;
#1259 = CARTESIAN_POINT ( 'NONE',  ( -14.40000000000000036, -52.53125000409677625, 4.349033200812191247 ) ) ;
#1260 = CARTESIAN_POINT ( 'NONE',  ( -1.103914939257968208E-14, 52.50000000000000711, 5.000000000000000000 ) ) ;
#1261 = ORIENTED_EDGE ( 'NONE', *, *, #983, .F. ) ;
#1262 = ADVANCED_FACE ( 'NONE', ( #4081 ), #1177, .T. ) ;
#1263 = DIRECTION ( 'NONE',  ( 1.261617073437677999E-16, -1.000000000000000000, 0.000000000000000000 ) ) ;
#1264 = CARTESIAN_POINT ( 'NONE',  ( 11.15000000000000036, 7.400000000000011013, 9.107298248878237246E-15 ) ) ;
#1265 = ORIENTED_EDGE ( 'NONE', *, *, #3935, .F. ) ;
#1266 = CARTESIAN_POINT ( 'NONE',  ( -17.00000000000000000, 0.000000000000000000, 0.000000000000000000 ) ) ;
#1267 = ORIENTED_EDGE ( 'NONE', *, *, #2443, .F. ) ;
#1268 = EDGE_CURVE ( 'NONE', #896, #761, #2038, .T. ) ;
#1269 = CARTESIAN_POINT ( 'NONE',  ( -5.685332700224303260, -52.25000000204838102, 1.411898812500001377 ) ) ;
#1270 = DIRECTION ( 'NONE',  ( -0.000000000000000000, 0.000000000000000000, 1.000000000000000000 ) ) ;
#1271 = CARTESIAN_POINT ( 'NONE',  ( -6.699999999999999289, -18.79999999999998295, 9.107298248878237246E-15 ) ) ;
#1272 = CARTESIAN_POINT ( 'NONE',  ( -14.40000000000000213, -49.37091378998628244, 8.882856990832328492 ) ) ;
#1273 = CARTESIAN_POINT ( 'NONE',  ( -8.029782754328104843, 40.86882393736287611, 2.299999999999996270 ) ) ;
#1274 = DIRECTION ( 'NONE',  ( -0.000000000000000000, -1.000000000000000000, -7.806255641895635869E-16 ) ) ;
#1275 = CARTESIAN_POINT ( 'NONE',  ( -10.65096679918780787, -48.21875000409678336, 0.6000000000000007550 ) ) ;
#1276 = EDGE_CURVE ( 'NONE', #920, #2645, #3259, .T. ) ;
#1277 = DIRECTION ( 'NONE',  ( -0.000000000000000000, -0.000000000000000000, -1.000000000000000000 ) ) ;
#1278 = ORIENTED_EDGE ( 'NONE', *, *, #3271, .T. ) ;
#1279 = DIRECTION ( 'NONE',  ( -0.000000000000000000, -0.000000000000000000, 1.000000000000000000 ) ) ;
#1280 = CARTESIAN_POINT ( 'NONE',  ( -12.52548339959390411, -52.62500000409676915, 2.474516600406096778 ) ) ;
#1281 = ORIENTED_EDGE ( 'NONE', *, *, #1998, .T. ) ;
#1282 = EDGE_CURVE ( 'NONE', #4082, #1175, #2948, .T. ) ;
#1283 = CARTESIAN_POINT ( 'NONE',  ( 11.15000000000000036, 14.40000000000000391, 3.199999999999997513 ) ) ;
#1284 = EDGE_LOOP ( 'NONE', ( #740, #3542, #375, #230 ) ) ;
#1285 = CARTESIAN_POINT ( 'NONE',  ( -2.408822220454681862, -49.30000000000001847, 6.687272968962640007 ) ) ;
#1286 = LINE ( 'NONE', #3444, #3900 ) ;
#1287 = CARTESIAN_POINT ( 'NONE',  ( -14.40000000000000036, -49.43750000409677625, 7.000000000000000000 ) ) ;
#1288 = LINE ( 'NONE', #84, #368 ) ;
#1289 = CARTESIAN_POINT ( 'NONE',  ( -17.00000000000000000, -9.820000000000019824, 2.999999999999996891 ) ) ;
#1290 = FACE_OUTER_BOUND ( 'NONE', #691, .T. ) ;
#1291 = VECTOR ( 'NONE', #2380, 1000.000000000000000 ) ;
#1292 = CARTESIAN_POINT ( 'NONE',  ( -1.599999999999999867, -53.09375000409676915, 4.349033200812191247 ) ) ;
#1293 = CARTESIAN_POINT ( 'NONE',  ( 11.15000000000000036, 12.40000000000000391, 3.199999999999997513 ) ) ;
#1294 = ORIENTED_EDGE ( 'NONE', *, *, #653, .T. ) ;
#1295 = DIRECTION ( 'NONE',  ( 1.000000000000000000, 3.697027429032479173E-18, -0.000000000000000000 ) ) ;
#1296 = CARTESIAN_POINT ( 'NONE',  ( -7.999997598075171190, -52.06243057869298951, 13.39999999999906422 ) ) ;
#1297 = ORIENTED_EDGE ( 'NONE', *, *, #45, .F. ) ;
#1298 = DIRECTION ( 'NONE',  ( 0.000000000000000000, -1.000000000000000000, 0.000000000000000000 ) ) ;
#1299 = VECTOR ( 'NONE', #3123, 1000.000000000000000 ) ;
#1300 = VERTEX_POINT ( 'NONE', #2324 ) ;
#1301 = ORIENTED_EDGE ( 'NONE', *, *, #234, .F. ) ;
#1302 = ADVANCED_FACE ( 'NONE', ( #2004 ), #3592, .T. ) ;
#1303 = VECTOR ( 'NONE', #3412, 1000.000000000000000 ) ;
#1304 = DIRECTION ( 'NONE',  ( -0.7071067811865475727, -8.920979878885086791E-17, -0.7071067811865475727 ) ) ;
#1305 = VECTOR ( 'NONE', #3533, 1000.000000000000000 ) ;
#1306 = AXIS2_PLACEMENT_3D ( 'NONE', #3220, #666, #415 ) ;
#1307 = CARTESIAN_POINT ( 'NONE',  ( -8.000000000000001776, -52.53125000204838102, 12.58810118750000129 ) ) ;
#1308 = EDGE_CURVE ( 'NONE', #399, #2167, #3236, .T. ) ;
#1309 = VECTOR ( 'NONE', #1131, 1000.000000000000000 ) ;
#1310 = ORIENTED_EDGE ( 'NONE', *, *, #1636, .F. ) ;
#1311 = EDGE_CURVE ( 'NONE', #1480, #2897, #4040, .T. ) ;
#1312 = CARTESIAN_POINT ( 'NONE',  ( -6.699999999999999289, -3.799999999999983835, 9.107298248878237246E-15 ) ) ;
#1313 = CARTESIAN_POINT ( 'NONE',  ( -10.65096679918781497, -49.15625000409677625, 13.39999999999999858 ) ) ;
#1314 =( BOUNDED_CURVE ( )  B_SPLINE_CURVE ( 2, ( #1141, #3303, #2663 ),
 .UNSPECIFIED., .F., .T. ) 
 B_SPLINE_CURVE_WITH_KNOTS ( ( 3, 3 ),
 ( 0.1334754802535055573, 0.1500000000000001055 ),
 .UNSPECIFIED. ) 
 CURVE ( )  GEOMETRIC_REPRESENTATION_ITEM ( )  RATIONAL_B_SPLINE_CURVE ( ( 0.9658850618759287077, 0.9496858332748147058, 1.000000000000000444 ) ) 
 REPRESENTATION_ITEM ( '' )  );
#1315 = CARTESIAN_POINT ( 'NONE',  ( -1.599999999999999867, -51.59375000409676915, 4.349033200812192135 ) ) ;
#1316 = ORIENTED_EDGE ( 'NONE', *, *, #174, .F. ) ;
#1317 = CARTESIAN_POINT ( 'NONE',  ( -1.999999999999999556, 19.83287240715365840, 6.123233995736772199E-17 ) ) ;
#1318 = DIRECTION ( 'NONE',  ( 1.000000000000000000, 0.000000000000000000, 0.000000000000000000 ) ) ;
#1319 = ORIENTED_EDGE ( 'NONE', *, *, #593, .T. ) ;
#1320 = CARTESIAN_POINT ( 'NONE',  ( -11.95138424363784857, -53.46875000204838813, 3.048615756362151874 ) ) ;
#1321 = ORIENTED_EDGE ( 'NONE', *, *, #408, .F. ) ;
#1322 = FACE_OUTER_BOUND ( 'NONE', #532, .T. ) ;
#1323 = ORIENTED_EDGE ( 'NONE', *, *, #751, .T. ) ;
#1324 = CARTESIAN_POINT ( 'NONE',  ( -8.000000000000001776, -50.37499999999999289, 13.40000000000000213 ) ) ;
#1325 = EDGE_LOOP ( 'NONE', ( #247, #1267, #1850, #1534, #1465, #3957, #767, #2598, #2766, #3825, #1929, #2875 ) ) ;
#1326 = CARTESIAN_POINT ( 'NONE',  ( -16.50000000000001421, 54.30000000000001137, -2.000000000000000000 ) ) ;
#1327 = CARTESIAN_POINT ( 'NONE',  ( -13.58810118749999951, -54.31250000204838813, 9.314667299775697629 ) ) ;
#1328 = CARTESIAN_POINT ( 'NONE',  ( -17.00000000000001066, 52.00000000000000711, 5.000000000000000000 ) ) ;
#1329 = EDGE_CURVE ( 'NONE', #839, #2543, #1026, .T. ) ;
#1330 = VERTEX_POINT ( 'NONE', #431 ) ;
#1331 = CARTESIAN_POINT ( 'NONE',  ( -6.699999999999999289, -3.799999999999983835, 9.107298248878237246E-15 ) ) ;
#1332 = CARTESIAN_POINT ( 'NONE',  ( -10.65096679918781497, -52.15625000409678336, 13.39999999999999858 ) ) ;
#1333 = ADVANCED_FACE ( 'NONE', ( #390 ), #3901, .F. ) ;
#1334 = CARTESIAN_POINT ( 'NONE',  ( 8.000000000000000000, -49.29999999999999716, 3.300000000000000711 ) ) ;
#1335 = ORIENTED_EDGE ( 'NONE', *, *, #3662, .F. ) ;
#1336 = FACE_OUTER_BOUND ( 'NONE', #941, .T. ) ;
#1337 = CARTESIAN_POINT ( 'NONE',  ( -12.17319169629249309, -55.00000000000000711, 3.148182494405577625 ) ) ;
#1338 = ORIENTED_EDGE ( 'NONE', *, *, #2646, .F. ) ;
#1339 = CARTESIAN_POINT ( 'NONE',  ( -2.411898812500001377, -49.62500000204838813, 9.314667299775702958 ) ) ;
#1340 = ORIENTED_EDGE ( 'NONE', *, *, #3609, .F. ) ;
#1341 = DIRECTION ( 'NONE',  ( 1.000000000000000000, 0.000000000000000000, 0.000000000000000000 ) ) ;
#1342 = AXIS2_PLACEMENT_3D ( 'NONE', #4117, #966, #2905 ) ;
#1343 = DIRECTION ( 'NONE',  ( 1.000000000000000000, 0.000000000000000000, 0.000000000000000000 ) ) ;
#1344 = VERTEX_POINT ( 'NONE', #367 ) ;
#1345 = CARTESIAN_POINT ( 'NONE',  ( -3.474516600406096778, -54.68749999999999289, 11.52548339959390589 ) ) ;
#1346 = CARTESIAN_POINT ( 'NONE',  ( -8.000000000000001776, -54.03125000204838813, 12.58810118750000129 ) ) ;
#1347 = LINE ( 'NONE', #715, #1971 ) ;
#1348 = VECTOR ( 'NONE', #874, 1000.000000000000000 ) ;
#1349 = CARTESIAN_POINT ( 'NONE',  ( 10.07221724567190080, 40.86882393736262031, 23.36881416978414805 ) ) ;
#1350 = EDGE_CURVE ( 'NONE', #3773, #1477, #2576, .T. ) ;
#1351 = CARTESIAN_POINT ( 'NONE',  ( -8.000000000000001776, -52.53125000204838102, 12.58810118750000306 ) ) ;
#1352 = DIRECTION ( 'NONE',  ( 0.000000000000000000, -0.000000000000000000, 1.000000000000000000 ) ) ;
#1353 = VECTOR ( 'NONE', #9, 1000.000000000000000 ) ;
#1354 = ORIENTED_EDGE ( 'NONE', *, *, #3809, .F. ) ;
#1355 = CARTESIAN_POINT ( 'NONE',  ( 18.69999999999996376, 52.00000000000000711, 5.000000000000000000 ) ) ;
#1356 = EDGE_CURVE ( 'NONE', #2033, #2369, #3216, .T. ) ;
#1357 = LINE ( 'NONE', #2196, #853 ) ;
#1358 = CARTESIAN_POINT ( 'NONE',  ( -13.89486508272112530, -54.99999999999999289, 6.363181931508790967 ) ) ;
#1359 = CARTESIAN_POINT ( 'NONE',  ( -5.685332700224303260, -52.81250000204838102, 12.58810118749999774 ) ) ;
#1360 = ORIENTED_EDGE ( 'NONE', *, *, #2894, .F. ) ;
#1361 = CARTESIAN_POINT ( 'NONE',  ( -8.001938808287265559, -49.29999999999996874, 1.157708083735258464 ) ) ;
#1362 = CARTESIAN_POINT ( 'NONE',  ( 7.222217245671895824, 40.86882393736262031, 23.36881416978414805 ) ) ;
#1363 = DIRECTION ( 'NONE',  ( 0.000000000000000000, -1.000000000000000000, 0.000000000000000000 ) ) ;
#1364 = ORIENTED_EDGE ( 'NONE', *, *, #4020, .F. ) ;
#1365 = AXIS2_PLACEMENT_3D ( 'NONE', #760, #2988, #1939 ) ;
#1366 = CARTESIAN_POINT ( 'NONE',  ( 8.000000000000000000, -49.29999999999999716, 7.000000000000000888 ) ) ;
#1367 = DIRECTION ( 'NONE',  ( 0.000000000000000000, 0.000000000000000000, -1.000000000000000000 ) ) ;
#1368 = AXIS2_PLACEMENT_3D ( 'NONE', #2512, #1870, #1595 ) ;
#1369 = CARTESIAN_POINT ( 'NONE',  ( -11.95138424363784857, -54.59375000204838813, 3.048615756362151874 ) ) ;
#1370 = AXIS2_PLACEMENT_3D ( 'NONE', #3895, #1041, #422 ) ;
#1371 = AXIS2_PLACEMENT_3D ( 'NONE', #1054, #3595, #3282 ) ;
#1372 = CARTESIAN_POINT ( 'NONE',  ( -16.50000000000001421, 54.30000000000000426, -2.000000000000000000 ) ) ;
#1373 = VECTOR ( 'NONE', #2250, 1000.000000000000000 ) ;
#1374 = VECTOR ( 'NONE', #2297, 1000.000000000000000 ) ;
#1375 = CARTESIAN_POINT ( 'NONE',  ( -4.048615756362150542, -51.96875000204838102, 3.048615756362150986 ) ) ;
#1376 = DIRECTION ( 'NONE',  ( 0.000000000000000000, -5.551115123125794535E-15, -1.000000000000000000 ) ) ;
#1377 = EDGE_CURVE ( 'NONE', #3101, #34, #1009, .T. ) ;
#1378 = ORIENTED_EDGE ( 'NONE', *, *, #366, .F. ) ;
#1379 = LINE ( 'NONE', #3638, #2455 ) ;
#1380 = DIRECTION ( 'NONE',  ( 0.000000000000000000, 0.000000000000000000, 1.000000000000000000 ) ) ;
#1381 = CARTESIAN_POINT ( 'NONE',  ( -23.40312423743284143, -34.99999999999999289, 0.000000000000000000 ) ) ;
#1382 = CARTESIAN_POINT ( 'NONE',  ( -1.599999999999999867, -55.90625000000000000, 4.349033200812191247 ) ) ;
#1383 = ADVANCED_FACE ( 'NONE', ( #739 ), #3549, .F. ) ;
#1384 = ORIENTED_EDGE ( 'NONE', *, *, #2828, .T. ) ;
#1385 = CARTESIAN_POINT ( 'NONE',  ( -2.183199024749225892, -54.99999999999998579, 6.373308599903994676 ) ) ;
#1386 = DIRECTION ( 'NONE',  ( 0.000000000000000000, 0.000000000000000000, -1.000000000000000000 ) ) ;
#1387 = DIRECTION ( 'NONE',  ( 1.000000000000000000, 0.000000000000000000, 0.000000000000000000 ) ) ;
#1388 = ORIENTED_EDGE ( 'NONE', *, *, #3326, .F. ) ;
#1389 = CARTESIAN_POINT ( 'NONE',  ( 1.999999999999999112, -42.02370210108668402, -2.999999999999999556 ) ) ;
#1390 = EDGE_CURVE ( 'NONE', #972, #2949, #2597, .T. ) ;
#1391 = CARTESIAN_POINT ( 'NONE',  ( -10.31466729977569941, -53.00000000204838813, 12.58810118749999774 ) ) ;
#1392 = CARTESIAN_POINT ( 'NONE',  ( -18.79999999999999716, -56.07000000000000028, -2.000000000000000000 ) ) ;
#1393 = CARTESIAN_POINT ( 'NONE',  ( 5.072217245671896357, 40.86882393736262031, 2.299999999999996270 ) ) ;
#1394 = ORIENTED_EDGE ( 'NONE', *, *, #3427, .F. ) ;
#1395 = PLANE ( 'NONE',  #2500 ) ;
#1396 = CARTESIAN_POINT ( 'NONE',  ( -2.411898812499999156, -52.06250000204838813, 4.685332700224302371 ) ) ;
#1397 = CARTESIAN_POINT ( 'NONE',  ( -23.40312423743284143, -7.819999999999992291, 4.610000000000001208 ) ) ;
#1398 = ORIENTED_EDGE ( 'NONE', *, *, #3969, .T. ) ;
#1399 = CARTESIAN_POINT ( 'NONE',  ( 10.07221724567190080, 28.08970425054967279, 0.000000000000000000 ) ) ;
#1400 = PLANE ( 'NONE',  #2789 ) ;
#1401 = LINE ( 'NONE', #4078, #388 ) ;
#1402 = EDGE_CURVE ( 'NONE', #579, #437, #2681, .T. ) ;
#1403 = CARTESIAN_POINT ( 'NONE',  ( -10.31466729977569941, -53.00000000204838813, 12.58810118749999774 ) ) ;
#1404 = ORIENTED_EDGE ( 'NONE', *, *, #4072, .T. ) ;
#1405 = CARTESIAN_POINT ( 'NONE',  ( -12.66549420046457719, -49.29999999999998295, 2.926694348457241190 ) ) ;
#1406 = CARTESIAN_POINT ( 'NONE',  ( -10.77580939222008105, -54.99999999999997868, 2.136421355546372247 ) ) ;
#1407 = CARTESIAN_POINT ( 'NONE',  ( -6.699999999999999289, -33.00000000000001421, 0.000000000000000000 ) ) ;
#1408 = EDGE_CURVE ( 'NONE', #3692, #4075, #2111, .T. ) ;
#1409 = ORIENTED_EDGE ( 'NONE', *, *, #3217, .F. ) ;
#1410 = DIRECTION ( 'NONE',  ( -1.000000000000000000, -6.033820786006285717E-15, 0.000000000000000000 ) ) ;
#1411 = CARTESIAN_POINT ( 'NONE',  ( -10.31466729977569941, -54.50000000204839523, 12.58810118749999774 ) ) ;
#1412 = CARTESIAN_POINT ( 'NONE',  ( 19.50000000000000355, -54.99999999999999289, -3.000000000000000000 ) ) ;
#1413 = CARTESIAN_POINT ( 'NONE',  ( -8.000004241605722655, -51.31249995430538036, 0.6000000000014062973 ) ) ;
#1414 = EDGE_CURVE ( 'NONE', #1039, #3320, #1622, .T. ) ;
#1415 = VERTEX_POINT ( 'NONE', #697 ) ;
#1416 = AXIS2_PLACEMENT_3D ( 'NONE', #1349, #3276, #3656 ) ;
#1417 = PLANE ( 'NONE',  #295 ) ;
#1418 = CARTESIAN_POINT ( 'NONE',  ( -8.000000000000000000, -53.28125000204838102, 1.411898812500000489 ) ) ;
#1419 = ORIENTED_EDGE ( 'NONE', *, *, #1079, .F. ) ;
#1420 = CARTESIAN_POINT ( 'NONE',  ( -8.029782754328103067, 28.08970425054997122, 2.299999999999993161 ) ) ;
#1421 = CARTESIAN_POINT ( 'NONE',  ( -5.040612709195741559, -49.30000000000001847, 11.95309110207849557 ) ) ;
#1422 = DIRECTION ( 'NONE',  ( 1.000000000000000000, 0.000000000000000000, -0.000000000000000000 ) ) ;
#1423 = CARTESIAN_POINT ( 'NONE',  ( -14.40000000000000391, -55.15625000000000711, 9.650966799187807865 ) ) ;
#1424 = ORIENTED_EDGE ( 'NONE', *, *, #937, .T. ) ;
#1425 = CARTESIAN_POINT ( 'NONE',  ( 16.49999999999999289, 55.00000000000000711, 4.199999999999977085 ) ) ;
#1426 = CARTESIAN_POINT ( 'NONE',  ( -3.553681063963513242, -54.99999999999999289, 3.615162810299101803 ) ) ;
#1427 = CARTESIAN_POINT ( 'NONE',  ( 5.072217245671898134, 28.08970425054967279, 23.36881416978414805 ) ) ;
#1428 = ORIENTED_EDGE ( 'NONE', *, *, #1063, .T. ) ;
#1429 = CARTESIAN_POINT ( 'NONE',  ( -1.599999999999999867, -54.99999999999999289, 7.000000000000000888 ) ) ;
#1430 = EDGE_CURVE ( 'NONE', #3366, #2496, #635, .T. ) ;
#1431 = CARTESIAN_POINT ( 'NONE',  ( -4.048615756362151430, -55.34375000204838813, 3.048615756362151874 ) ) ;
#1432 = CARTESIAN_POINT ( 'NONE',  ( -4.048615756362151430, -53.46875000204838813, 3.048615756362151874 ) ) ;
#1433 = ORIENTED_EDGE ( 'NONE', *, *, #1509, .F. ) ;
#1434 = CIRCLE ( 'NONE', #711, 3.000000000000002665 ) ;
#1435 = EDGE_CURVE ( 'NONE', #628, #1148, #3968, .T. ) ;
#1436 = EDGE_LOOP ( 'NONE', ( #1455, #1769, #3554, #977, #3354, #3739 ) ) ;
#1437 = LINE ( 'NONE', #3991, #1751 ) ;
#1438 = CARTESIAN_POINT ( 'NONE',  ( -4.048615756362150542, -48.96875000204838813, 3.048615756362150986 ) ) ;
#1439 = AXIS2_PLACEMENT_3D ( 'NONE', #3351, #1759, #189 ) ;
#1440 = DIRECTION ( 'NONE',  ( 1.000000000000000000, 0.000000000000000000, 0.000000000000000000 ) ) ;
#1441 = AXIS2_PLACEMENT_3D ( 'NONE', #3200, #2599, #308 ) ;
#1442 = ORIENTED_EDGE ( 'NONE', *, *, #2307, .F. ) ;
#1443 = AXIS2_PLACEMENT_3D ( 'NONE', #1381, #578, #1836 ) ;
#1444 = DIRECTION ( 'NONE',  ( -1.360661377876250369E-16, 1.000000000000000000, 1.942890293094050570E-16 ) ) ;
#1445 = DIRECTION ( 'NONE',  ( 0.000000000000000000, -1.000000000000000000, 0.000000000000000000 ) ) ;
#1446 = AXIS2_PLACEMENT_3D ( 'NONE', #2197, #11, #3799 ) ;
#1447 = CARTESIAN_POINT ( 'NONE',  ( -1.599999999999999867, -52.90624999999999289, 4.349033200812191247 ) ) ;
#1448 = ORIENTED_EDGE ( 'NONE', *, *, #1356, .T. ) ;
#1449 = CARTESIAN_POINT ( 'NONE',  ( -5.239558727652523729, -49.30000000000001847, 2.074478937083998886 ) ) ;
#1450 = DIRECTION ( 'NONE',  ( 3.697027429032479173E-18, -1.000000000000000000, 0.000000000000000000 ) ) ;
#1451 = CARTESIAN_POINT ( 'NONE',  ( -13.58810118749999774, -54.87500000204838813, 4.685332700224302371 ) ) ;
#1452 = VERTEX_POINT ( 'NONE', #2071 ) ;
#1453 =( BOUNDED_CURVE ( )  B_SPLINE_CURVE ( 2, ( #3856, #2267, #709, #2938, #3541, #690, #3582, #1950, #1634 ),
 .UNSPECIFIED., .F., .T. ) 
 B_SPLINE_CURVE_WITH_KNOTS ( ( 3, 2, 2, 2, 3 ),
 ( 0.5500000000000002665, 0.5750000000000001776, 0.6000000000000003109, 0.6250000000000003331, 0.6500000000000003553 ),
 .UNSPECIFIED. ) 
 CURVE ( )  GEOMETRIC_REPRESENTATION_ITEM ( )  RATIONAL_B_SPLINE_CURVE ( ( 0.9999999999999993339, 0.9238795325112874046, 1.000000000000000000, 0.9238795325112867385, 1.000000000000000000, 0.9238795325112867385, 1.000000000000000000, 0.9238795325112857393, 1.000000000000001110 ) ) 
 REPRESENTATION_ITEM ( '' )  );
#1454 = DIRECTION ( 'NONE',  ( 0.000000000000000000, -1.000000000000000000, 0.000000000000000000 ) ) ;
#1455 = ORIENTED_EDGE ( 'NONE', *, *, #400, .F. ) ;
#1456 = CARTESIAN_POINT ( 'NONE',  ( -5.685332700224303260, -54.31250000204838813, 12.58810118749999774 ) ) ;
#1457 = CARTESIAN_POINT ( 'NONE',  ( -2.411898812500000044, -50.56250000204838813, 4.685332700224302371 ) ) ;
#1458 = ORIENTED_EDGE ( 'NONE', *, *, #755, .T. ) ;
#1459 = EDGE_CURVE ( 'NONE', #3360, #3572, #181, .T. ) ;
#1460 = ORIENTED_EDGE ( 'NONE', *, *, #890, .T. ) ;
#1461 = CARTESIAN_POINT ( 'NONE',  ( 1.149999999999999023, 7.400000000000011013, 1.500000000000001554 ) ) ;
#1462 = CARTESIAN_POINT ( 'NONE',  ( -13.12182911347472647, -48.52670773981807173, 4.219060626199030217 ) ) ;
#1463 = EDGE_CURVE ( 'NONE', #392, #2549, #517, .T. ) ;
#1464 = CARTESIAN_POINT ( 'NONE',  ( -10.65096679918779188, -53.46874999999998579, 13.40000000000002167 ) ) ;
#1465 = ORIENTED_EDGE ( 'NONE', *, *, #355, .F. ) ;
#1466 = DIRECTION ( 'NONE',  ( 1.000000000000000000, 3.697027429032479173E-18, -0.000000000000000000 ) ) ;
#1467 = LINE ( 'NONE', #2055, #48 ) ;
#1468 = EDGE_CURVE ( 'NONE', #2416, #2114, #1768, .T. ) ;
#1469 = CARTESIAN_POINT ( 'NONE',  ( -8.000000000000001776, -50.37499999999999289, 13.40000000000000213 ) ) ;
#1470 = ORIENTED_EDGE ( 'NONE', *, *, #2156, .F. ) ;
#1471 = LINE ( 'NONE', #548, #3981 ) ;
#1472 = FACE_BOUND ( 'NONE', #664, .T. ) ;
#1473 = CARTESIAN_POINT ( 'NONE',  ( -2.411898812500001377, -52.62500000204838813, 9.314667299775702958 ) ) ;
#1474 = ORIENTED_EDGE ( 'NONE', *, *, #1875, .F. ) ;
#1475 =( NAMED_UNIT ( * ) PLANE_ANGLE_UNIT ( ) SI_UNIT ( $, .RADIAN. ) );
#1476 = FACE_OUTER_BOUND ( 'NONE', #385, .T. ) ;
#1477 = VERTEX_POINT ( 'NONE', #1178 ) ;
#1478 = CARTESIAN_POINT ( 'NONE',  ( -8.000000000000001776, -49.53125000204838813, 12.58810118750000129 ) ) ;
#1479 = DIRECTION ( 'NONE',  ( -1.000000000000000000, -3.697027429032479173E-18, 3.851859888774471706E-34 ) ) ;
#1480 = VERTEX_POINT ( 'NONE', #1798 ) ;
#1481 = ORIENTED_EDGE ( 'NONE', *, *, #3718, .F. ) ;
#1482 = LINE ( 'NONE', #4010, #3821 ) ;
#1483 = DIRECTION ( 'NONE',  ( 0.000000000000000000, 0.000000000000000000, 1.000000000000000000 ) ) ;
#1484 = ORIENTED_EDGE ( 'NONE', *, *, #97, .F. ) ;
#1485 = ADVANCED_FACE ( 'NONE', ( #4034 ), #3659, .T. ) ;
#1486 = DIRECTION ( 'NONE',  ( 0.000000000000000000, -4.081702296416016786E-15, 1.000000000000000000 ) ) ;
#1487 = PLANE ( 'NONE',  #383 ) ;
#1488 = CARTESIAN_POINT ( 'NONE',  ( -1.599999999999999867, -52.99999999999999289, 7.000000000000000888 ) ) ;
#1489 = EDGE_LOOP ( 'NONE', ( #3435, #3593, #3478, #1153 ) ) ;
#1490 = EDGE_CURVE ( 'NONE', #3995, #2526, #3972, .T. ) ;
#1491 = DIRECTION ( 'NONE',  ( 0.000000000000000000, -1.000000000000000000, 0.000000000000000000 ) ) ;
#1492 = DIRECTION ( 'NONE',  ( -0.000000000000000000, -0.000000000000000000, -1.000000000000000000 ) ) ;
#1493 = CARTESIAN_POINT ( 'NONE',  ( -4.852837641131976909, -49.29999999999999005, 2.382398461466909367 ) ) ;
#1494 = ORIENTED_EDGE ( 'NONE', *, *, #1029, .F. ) ;
#1495 = DIRECTION ( 'NONE',  ( 0.000000000000000000, 0.000000000000000000, 1.000000000000000000 ) ) ;
#1496 = VERTEX_POINT ( 'NONE', #1732 ) ;
#1497 = CARTESIAN_POINT ( 'NONE',  ( 1.999999999999999556, -42.02370210108668402, 6.123233995736772199E-17 ) ) ;
#1498 = DIRECTION ( 'NONE',  ( -1.000000000000000000, -1.261617073437677999E-16, 0.000000000000000000 ) ) ;
#1499 = CARTESIAN_POINT ( 'NONE',  ( 18.79999999999999005, 52.00000000000000711, -2.000000000000000000 ) ) ;
#1500 = ORIENTED_EDGE ( 'NONE', *, *, #1468, .T. ) ;
#1501 = FACE_OUTER_BOUND ( 'NONE', #2364, .T. ) ;
#1502 = LINE ( 'NONE', #2793, #452 ) ;
#1503 = AXIS2_PLACEMENT_3D ( 'NONE', #2395, #497, #1445 ) ;
#1504 = LINE ( 'NONE', #1777, #3370 ) ;
#1505 = ORIENTED_EDGE ( 'NONE', *, *, #3332, .T. ) ;
#1506 = DIRECTION ( 'NONE',  ( -3.697027429032479173E-18, 1.000000000000000000, 4.081702296416016786E-15 ) ) ;
#1507 = VECTOR ( 'NONE', #3587, 1000.000000000000000 ) ;
#1508 = DIRECTION ( 'NONE',  ( 1.000000000000000000, 3.697027429032479173E-18, -0.000000000000000000 ) ) ;
#1509 = EDGE_CURVE ( 'NONE', #2699, #2369, #3722, .T. ) ;
#1510 = CARTESIAN_POINT ( 'NONE',  ( -14.40000000000000391, -53.65625000000000000, 9.650966799187807865 ) ) ;
#1511 = VECTOR ( 'NONE', #3515, 1000.000000000000000 ) ;
#1512 = VERTEX_POINT ( 'NONE', #3033 ) ;
#1513 = CARTESIAN_POINT ( 'NONE',  ( -8.000000000000001776, -53.37499999999999289, 13.40000000000000213 ) ) ;
#1514 = CARTESIAN_POINT ( 'NONE',  ( -13.58810118749999774, -51.87500000204838813, 4.685332700224302371 ) ) ;
#1515 = VECTOR ( 'NONE', #2013, 1000.000000000000000 ) ;
#1516 = VERTEX_POINT ( 'NONE', #3324 ) ;
#1517 = ADVANCED_FACE ( 'NONE', ( #2431 ), #3679, .F. ) ;
#1518 = CARTESIAN_POINT ( 'NONE',  ( -4.699999999999999289, -18.79999999999998295, 1.500000000000001554 ) ) ;
#1519 = DIRECTION ( 'NONE',  ( -1.000000000000000000, -3.697027429032479173E-18, 0.000000000000000000 ) ) ;
#1520 = ORIENTED_EDGE ( 'NONE', *, *, #1140, .T. ) ;
#1521 = FILL_AREA_STYLE_COLOUR ( '', #1889 ) ;
#1522 = CARTESIAN_POINT ( 'NONE',  ( -13.58810118749999774, -51.50000000204838813, 4.685332700224302371 ) ) ;
#1523 = LINE ( 'NONE', #4074, #985 ) ;
#1524 = ADVANCED_FACE ( 'NONE', ( #3095 ), #807, .T. ) ;
#1525 = EDGE_LOOP ( 'NONE', ( #3308, #1204, #3723, #959 ) ) ;
#1526 = CARTESIAN_POINT ( 'NONE',  ( -4.699999999999999289, -3.799999999999983835, 1.500000000000001554 ) ) ;
#1527 = LINE ( 'NONE', #1121, #4051 ) ;
#1528 = DIRECTION ( 'NONE',  ( 0.000000000000000000, 4.081702296416016786E-15, -1.000000000000000000 ) ) ;
#1529 = CARTESIAN_POINT ( 'NONE',  ( -8.000000000000001776, -53.56250000409676915, 13.40000000000000213 ) ) ;
#1530 = CARTESIAN_POINT ( 'NONE',  ( -5.179782754328102534, 40.86882393736287611, 0.000000000000000000 ) ) ;
#1531 = VERTEX_POINT ( 'NONE', #828 ) ;
#1532 = CARTESIAN_POINT ( 'NONE',  ( -17.00000000000000000, -6.175190845632641855E-17, 4.610000000000001208 ) ) ;
#1533 = CARTESIAN_POINT ( 'NONE',  ( -5.685332700224303260, -49.81250000204838813, 12.58810118749999951 ) ) ;
#1534 = ORIENTED_EDGE ( 'NONE', *, *, #1055, .F. ) ;
#1535 =( NAMED_UNIT ( * ) PLANE_ANGLE_UNIT ( ) SI_UNIT ( $, .RADIAN. ) );
#1536 = CARTESIAN_POINT ( 'NONE',  ( -11.95138424363785035, -54.59375000204838813, 10.95138424363784857 ) ) ;
#1537 = ORIENTED_EDGE ( 'NONE', *, *, #4014, .F. ) ;
#1538 = CARTESIAN_POINT ( 'NONE',  ( -4.048615756362153206, -51.21875000204838102, 10.95138424363785035 ) ) ;
#1539 = ADVANCED_FACE ( 'NONE', ( #3009 ), #3365, .T. ) ;
#1540 = LINE ( 'NONE', #279, #1568 ) ;
#1541 = CARTESIAN_POINT ( 'NONE',  ( -7.679782754328103422, 28.08970425054997122, -2.999999999999999112 ) ) ;
#1542 = ORIENTED_EDGE ( 'NONE', *, *, #1562, .F. ) ;
#1543 = EDGE_CURVE ( 'NONE', #2, #2355, #1504, .T. ) ;
#1544 = CARTESIAN_POINT ( 'NONE',  ( 1.999999999999999112, 19.83287240715365840, -2.999999999999999556 ) ) ;
#1545 = AXIS2_PLACEMENT_3D ( 'NONE', #3233, #2256, #2199 ) ;
#1546 = DIRECTION ( 'NONE',  ( -1.000000000000000000, -3.697027429032479173E-18, 3.851859888774471706E-34 ) ) ;
#1547 = LINE ( 'NONE', #879, #1303 ) ;
#1548 = AXIS2_PLACEMENT_3D ( 'NONE', #3528, #1583, #1956 ) ;
#1549 = DIRECTION ( 'NONE',  ( 0.000000000000000000, 0.000000000000000000, -1.000000000000000000 ) ) ;
#1550 = EDGE_LOOP ( 'NONE', ( #1094, #3744 ) ) ;
#1551 = DIRECTION ( 'NONE',  ( 0.000000000000000000, -1.000000000000000000, -1.424043166158922225E-51 ) ) ;
#1552 = VECTOR ( 'NONE', #848, 1000.000000000000000 ) ;
#1553 = CARTESIAN_POINT ( 'NONE',  ( -8.000000000000000000, -52.15625000204838102, 1.411898812500001377 ) ) ;
#1554 = ORIENTED_EDGE ( 'NONE', *, *, #1308, .T. ) ;
#1555 = CARTESIAN_POINT ( 'NONE',  ( -8.000000000000001776, -54.40625000204838813, 12.58810118750000129 ) ) ;
#1556 = ORIENTED_EDGE ( 'NONE', *, *, #916, .F. ) ;
#1557 = DIRECTION ( 'NONE',  ( 1.000000000000000000, 0.000000000000000000, 0.000000000000000000 ) ) ;
#1558 = DIRECTION ( 'NONE',  ( -3.697027429032479173E-18, 1.000000000000000000, 0.000000000000000000 ) ) ;
#1559 = FACE_OUTER_BOUND ( 'NONE', #2453, .T. ) ;
#1560 = EDGE_CURVE ( 'NONE', #125, #907, #3056, .T. ) ;
#1561 = DIRECTION ( 'NONE',  ( 1.000000000000000000, 0.000000000000000000, 0.000000000000000000 ) ) ;
#1562 = EDGE_CURVE ( 'NONE', #57, #1803, #1093, .T. ) ;
#1563 = CARTESIAN_POINT ( 'NONE',  ( 18.80000000000000426, -54.99999999999999289, -3.000000000000000000 ) ) ;
#1564 = LINE ( 'NONE', #3391, #4104 ) ;
#1565 = VECTOR ( 'NONE', #1277, 1000.000000000000000 ) ;
#1566 = EDGE_CURVE ( 'NONE', #1868, #3497, #3302, .T. ) ;
#1567 = CARTESIAN_POINT ( 'NONE',  ( -17.00000000000000000, -7.819999999999992291, 3.000000000000000000 ) ) ;
#1568 = VECTOR ( 'NONE', #2641, 1000.000000000000000 ) ;
#1569 = ORIENTED_EDGE ( 'NONE', *, *, #804, .F. ) ;
#1570 = DIRECTION ( 'NONE',  ( 1.826024711554533913E-16, 0.000000000000000000, 1.000000000000000000 ) ) ;
#1571 = CARTESIAN_POINT ( 'NONE',  ( -8.000000000000001776, -49.90625000204838813, 12.58810118750000129 ) ) ;
#1572 = ORIENTED_EDGE ( 'NONE', *, *, #3917, .T. ) ;
#1573 = CIRCLE ( 'NONE', #320, 0.3499999999999996447 ) ;
#1574 = LINE ( 'NONE', #1266, #2242 ) ;
#1575 = ORIENTED_EDGE ( 'NONE', *, *, #2165, .F. ) ;
#1576 = CARTESIAN_POINT ( 'NONE',  ( -11.95138424363785035, -50.09375000204838813, 10.95138424363784857 ) ) ;
#1577 = VECTOR ( 'NONE', #2493, 1000.000000000000000 ) ;
#1578 = DIRECTION ( 'NONE',  ( -1.000000000000000000, -0.000000000000000000, -0.000000000000000000 ) ) ;
#1579 = CARTESIAN_POINT ( 'NONE',  ( -7.999999958082395501, -50.56249881076335839, 13.40000000000000213 ) ) ;
#1580 = LINE ( 'NONE', #65, #3363 ) ;
#1581 = DIRECTION ( 'NONE',  ( -1.000000000000000000, 0.000000000000000000, 0.000000000000000000 ) ) ;
#1582 = ADVANCED_FACE ( 'NONE', ( #4058 ), #1400, .T. ) ;
#1583 = DIRECTION ( 'NONE',  ( -1.000000000000000000, 0.000000000000000000, 0.000000000000000000 ) ) ;
#1584 = EDGE_CURVE ( 'NONE', #592, #2052, #4115, .T. ) ;
#1585 = CARTESIAN_POINT ( 'NONE',  ( -12.52548339959390589, -52.25000000409676915, 11.52548339959390589 ) ) ;
#1586 = DIRECTION ( 'NONE',  ( -1.000000000000000000, -2.102695122396129916E-16, 0.000000000000000000 ) ) ;
#1587 = ORIENTED_EDGE ( 'NONE', *, *, #1435, .F. ) ;
#1588 = DIRECTION ( 'NONE',  ( 1.000000000000000000, 0.000000000000000000, 0.000000000000000000 ) ) ;
#1589 = EDGE_CURVE ( 'NONE', #3888, #2754, #4016, .T. ) ;
#1590 = DIRECTION ( 'NONE',  ( -0.000000000000000000, -0.000000000000000000, 1.000000000000000000 ) ) ;
#1591 = ORIENTED_EDGE ( 'NONE', *, *, #1589, .F. ) ;
#1592 = LINE ( 'NONE', #2547, #192 ) ;
#1593 = VERTEX_POINT ( 'NONE', #3997 ) ;
#1594 = LINE ( 'NONE', #2309, #257 ) ;
#1595 = DIRECTION ( 'NONE',  ( 1.284148034404965108E-16, -1.000000000000000000, 0.000000000000000000 ) ) ;
#1596 = DIRECTION ( 'NONE',  ( 0.000000000000000000, 0.000000000000000000, -1.000000000000000000 ) ) ;
#1597 = CARTESIAN_POINT ( 'NONE',  ( 16.49999999999998934, 52.50000000000000711, 0.000000000000000000 ) ) ;
#1598 = DIRECTION ( 'NONE',  ( -1.000000000000000000, 0.000000000000000000, 0.000000000000000000 ) ) ;
#1599 = DIRECTION ( 'NONE',  ( 0.000000000000000000, -1.000000000000000000, 0.000000000000000000 ) ) ;
#1600 = CARTESIAN_POINT ( 'NONE',  ( 1.149999999999999023, -34.99999999999997868, 1.499999999999997558 ) ) ;
#1601 = CARTESIAN_POINT ( 'NONE',  ( -14.40000000000000391, -50.84375000409676915, 9.650966799187807865 ) ) ;
#1602 = CARTESIAN_POINT ( 'NONE',  ( -13.86597994007255430, -49.37045788864038087, 3.815013140884745635 ) ) ;
#1603 = EDGE_CURVE ( 'NONE', #2192, #1674, #1314, .T. ) ;
#1604 = ORIENTED_EDGE ( 'NONE', *, *, #1820, .F. ) ;
#1605 = CARTESIAN_POINT ( 'NONE',  ( 15.99999999999999645, -3.799999999999983835, 1.500000000000001776 ) ) ;
#1606 = CARTESIAN_POINT ( 'NONE',  ( -12.52548339959390589, -52.25000000409676915, 11.52548339959390589 ) ) ;
#1607 = ORIENTED_EDGE ( 'NONE', *, *, #2315, .F. ) ;
#1608 = LINE ( 'NONE', #2585, #786 ) ;
#1609 = EDGE_CURVE ( 'NONE', #2266, #1772, #3682, .T. ) ;
#1610 = ORIENTED_EDGE ( 'NONE', *, *, #302, .F. ) ;
#1611 = CARTESIAN_POINT ( 'NONE',  ( -2.952579049128144284, -49.30000000000000426, 4.574520280194519728 ) ) ;
#1612 = VERTEX_POINT ( 'NONE', #2327 ) ;
#1613 = CARTESIAN_POINT ( 'NONE',  ( -23.40312423743284143, -33.00000000000001421, 2.999999999999999556 ) ) ;
#1614 = LINE ( 'NONE', #2311, #1980 ) ;
#1615 = VECTOR ( 'NONE', #825, 1000.000000000000000 ) ;
#1616 = DIRECTION ( 'NONE',  ( 0.000000000000000000, -1.000000000000000000, 0.000000000000000000 ) ) ;
#1617 = CARTESIAN_POINT ( 'NONE',  ( -11.95138424363784857, -54.59375000204838813, 3.048615756362151874 ) ) ;
#1618 = CIRCLE ( 'NONE', #3559, 1.999999999999999556 ) ;
#1619 = ORIENTED_EDGE ( 'NONE', *, *, #1013, .F. ) ;
#1620 = PLANE ( 'NONE',  #1342 ) ;
#1621 = CARTESIAN_POINT ( 'NONE',  ( -5.349033200812190358, -51.40625000409676915, 0.6000000000000007550 ) ) ;
#1622 = LINE ( 'NONE', #53, #312 ) ;
#1623 = EDGE_LOOP ( 'NONE', ( #3476, #2202, #2361, #2953 ) ) ;
#1624 = FACE_OUTER_BOUND ( 'NONE', #2078, .T. ) ;
#1625 =( BOUNDED_CURVE ( )  B_SPLINE_CURVE ( 2, ( #3162, #353, #3462, #3537, #2532, #2823, #1229, #611, #22 ),
 .UNSPECIFIED., .F., .T. ) 
 B_SPLINE_CURVE_WITH_KNOTS ( ( 3, 2, 2, 2, 3 ),
 ( 0.6500000000000003553, 0.6750000000000001554, 0.6999999999999999556, 0.7249999999999997558, 0.7499999999999995559 ),
 .UNSPECIFIED. ) 
 CURVE ( )  GEOMETRIC_REPRESENTATION_ITEM ( )  RATIONAL_B_SPLINE_CURVE ( ( 0.9999999999999990008, 0.9238795325112877377, 1.000000000000000000, 0.9238795325112867385, 1.000000000000000000, 0.9238795325112867385, 1.000000000000000000, 0.9238795325112880708, 0.9999999999999986677 ) ) 
 REPRESENTATION_ITEM ( '' )  );
#1626 = DIRECTION ( 'NONE',  ( -0.000000000000000000, -0.000000000000000000, 1.000000000000000000 ) ) ;
#1627 = ADVANCED_FACE ( 'NONE', ( #1782 ), #121, .F. ) ;
#1628 = VERTEX_POINT ( 'NONE', #3927 ) ;
#1629 = CARTESIAN_POINT ( 'NONE',  ( -8.000000000000000000, -53.65625000204838813, 1.411898812500001377 ) ) ;
#1630 = AXIS2_PLACEMENT_3D ( 'NONE', #2660, #1984, #115 ) ;
#1631 = VERTEX_POINT ( 'NONE', #475 ) ;
#1632 = CARTESIAN_POINT ( 'NONE',  ( -2.413784025268604250, -49.30000000000001137, 7.232624234691139797 ) ) ;
#1633 = ORIENTED_EDGE ( 'NONE', *, *, #2254, .F. ) ;
#1634 = CARTESIAN_POINT ( 'NONE',  ( -8.000000000000000000, -51.12499999999999289, 0.6000000000000007550 ) ) ;
#1635 = VECTOR ( 'NONE', #3776, 1000.000000000000000 ) ;
#1636 = EDGE_CURVE ( 'NONE', #2835, #1628, #1467, .T. ) ;
#1637 = ORIENTED_EDGE ( 'NONE', *, *, #3230, .T. ) ;
#1638 = DIRECTION ( 'NONE',  ( 0.000000000000000000, 0.000000000000000000, -1.000000000000000000 ) ) ;
#1639 = AXIS2_PLACEMENT_3D ( 'NONE', #19, #1279, #3826 ) ;
#1640 = VECTOR ( 'NONE', #2577, 1000.000000000000000 ) ;
#1641 = CARTESIAN_POINT ( 'NONE',  ( 0.000000000000000000, -42.02370210108668402, 6.123233995736772199E-17 ) ) ;
#1642 = DIRECTION ( 'NONE',  ( -1.284148034404965108E-16, 1.000000000000000000, 0.000000000000000000 ) ) ;
#1643 = EDGE_CURVE ( 'NONE', #1010, #1452, #2769, .T. ) ;
#1644 = CIRCLE ( 'NONE', #4116, 2.199999999999972644 ) ;
#1645 = DIRECTION ( 'NONE',  ( 0.000000000000000000, 1.000000000000000000, 1.942890293094050570E-16 ) ) ;
#1646 = CARTESIAN_POINT ( 'NONE',  ( -13.86598295670863124, -48.05795774186644564, 3.815016157520822571 ) ) ;
#1647 = CARTESIAN_POINT ( 'NONE',  ( 17.00000000000000355, -18.79999999999998295, -1.068032374619191342E-50 ) ) ;
#1648 = EDGE_LOOP ( 'NONE', ( #253, #1340, #572, #1166 ) ) ;
#1649 = CARTESIAN_POINT ( 'NONE',  ( 11.15000000000000036, -29.99999999999997868, 9.107298248878237246E-15 ) ) ;
#1650 = DIRECTION ( 'NONE',  ( 0.000000000000000000, 0.000000000000000000, -1.000000000000000000 ) ) ;
#1651 = EDGE_LOOP ( 'NONE', ( #402, #24, #1607, #2904 ) ) ;
#1652 = CARTESIAN_POINT ( 'NONE',  ( -2.411898812500000044, -52.43750000204839523, 4.685332700224302371 ) ) ;
#1653 = ORIENTED_EDGE ( 'NONE', *, *, #3437, .F. ) ;
#1654 = CARTESIAN_POINT ( 'NONE',  ( 7.222217245671899377, 28.08970425054967279, -3.000000000000000000 ) ) ;
#1655 = LINE ( 'NONE', #81, #1515 ) ;
#1656 = VERTEX_POINT ( 'NONE', #1120 ) ;
#1657 = CARTESIAN_POINT ( 'NONE',  ( 7.922217245671898667, 28.08970425054967279, 2.299999999999994049 ) ) ;
#1658 = EDGE_CURVE ( 'NONE', #2733, #1415, #2180, .T. ) ;
#1659 = CARTESIAN_POINT ( 'NONE',  ( -13.58810118749999951, -51.50000000204838813, 4.685332700224302371 ) ) ;
#1660 = CARTESIAN_POINT ( 'NONE',  ( -7.329782754328105554, 40.86882393736287611, 2.299999999999996270 ) ) ;
#1661 = EDGE_CURVE ( 'NONE', #1662, #924, #2434, .T. ) ;
#1662 = VERTEX_POINT ( 'NONE', #1238 ) ;
#1663 = FACE_BOUND ( 'NONE', #2089, .T. ) ;
#1664 = CARTESIAN_POINT ( 'NONE',  ( -1.600000000000001865, -48.78125000409677625, 9.650966799187814971 ) ) ;
#1665 = CARTESIAN_POINT ( 'NONE',  ( -5.179782754328102534, 40.86882393736287611, 23.36881416978414805 ) ) ;
#1666 = ORIENTED_EDGE ( 'NONE', *, *, #97, .T. ) ;
#1667 = DIRECTION ( 'NONE',  ( 0.000000000000000000, 0.000000000000000000, -1.000000000000000000 ) ) ;
#1668 = CYLINDRICAL_SURFACE ( 'NONE', #1703, 1.999999999999999112 ) ;
#1669 = CARTESIAN_POINT ( 'NONE',  ( -2.411898812500000489, -54.03125000204838813, 7.000000000000000888 ) ) ;
#1670 = ORIENTED_EDGE ( 'NONE', *, *, #1661, .T. ) ;
#1671 = DIRECTION ( 'NONE',  ( 0.000000000000000000, 0.000000000000000000, -1.000000000000000000 ) ) ;
#1672 = CARTESIAN_POINT ( 'NONE',  ( -18.49999999999999645, -49.29999999999999716, 16.00000000000000000 ) ) ;
#1673 = DIRECTION ( 'NONE',  ( 1.826024711554533913E-16, -0.000000000000000000, -1.000000000000000000 ) ) ;
#1674 = VERTEX_POINT ( 'NONE', #3470 ) ;
#1675 = CARTESIAN_POINT ( 'NONE',  ( 1.149999999999999023, -29.99999999999997868, 0.000000000000000000 ) ) ;
#1676 = CARTESIAN_POINT ( 'NONE',  ( -5.685332700224303260, -54.87500000204839523, 1.411898812500001377 ) ) ;
#1677 = CARTESIAN_POINT ( 'NONE',  ( 0.000000000000000000, 19.83287240715365840, -2.999999999999999556 ) ) ;
#1678 = ADVANCED_FACE ( 'NONE', ( #603 ), #1487, .F. ) ;
#1679 = ORIENTED_EDGE ( 'NONE', *, *, #1643, .T. ) ;
#1680 = FACE_BOUND ( 'NONE', #2224, .T. ) ;
#1681 = VECTOR ( 'NONE', #3875, 1000.000000000000000 ) ;
#1682 = CARTESIAN_POINT ( 'NONE',  ( -4.048615756362152318, -52.34375000204838102, 10.95138424363785035 ) ) ;
#1683 = EDGE_CURVE ( 'NONE', #1127, #3000, #2121, .T. ) ;
#1684 = CARTESIAN_POINT ( 'NONE',  ( -23.40312423743284143, -5.820000000000019824, 3.230749001659223203E-14 ) ) ;
#1685 = ORIENTED_EDGE ( 'NONE', *, *, #3486, .T. ) ;
#1686 = CARTESIAN_POINT ( 'NONE',  ( -4.699999999999999289, -3.799999999999983835, 4.610000000000001208 ) ) ;
#1687 = CARTESIAN_POINT ( 'NONE',  ( -9.990185162577665423, -49.29999999999999005, 12.79764606707475671 ) ) ;
#1688 = DIRECTION ( 'NONE',  ( 0.000000000000000000, 0.000000000000000000, 1.000000000000000000 ) ) ;
#1689 = EDGE_CURVE ( 'NONE', #3731, #904, #3703, .T. ) ;
#1690 = CARTESIAN_POINT ( 'NONE',  ( -5.685332700224303260, -49.81250000204838813, 12.58810118749999774 ) ) ;
#1691 = ORIENTED_EDGE ( 'NONE', *, *, #730, .T. ) ;
#1692 = CARTESIAN_POINT ( 'NONE',  ( -5.659096890651369449, -49.29999999999999005, 1.821830372962616629 ) ) ;
#1693 = CARTESIAN_POINT ( 'NONE',  ( -23.40312423743284143, -6.175190845632641855E-17, 3.000000000000000000 ) ) ;
#1694 = DIRECTION ( 'NONE',  ( 0.000000000000000000, 0.000000000000000000, -1.000000000000000000 ) ) ;
#1695 = ORIENTED_EDGE ( 'NONE', *, *, #1214, .F. ) ;
#1696 = AXIS2_PLACEMENT_3D ( 'NONE', #1223, #1549, #2834 ) ;
#1697 = LINE ( 'NONE', #2314, #2570 ) ;
#1698 = CARTESIAN_POINT ( 'NONE',  ( -11.95138424363785035, -53.09375000204838102, 10.95138424363784857 ) ) ;
#1699 = VECTOR ( 'NONE', #3500, 1000.000000000000000 ) ;
#1700 = CARTESIAN_POINT ( 'NONE',  ( -13.58810118749999951, -54.40625000204838813, 7.000000000000000000 ) ) ;
#1701 = VECTOR ( 'NONE', #1528, 1000.000000000000000 ) ;
#1702 = CARTESIAN_POINT ( 'NONE',  ( -18.49999999999999645, -54.99999999999999289, 16.00000000000000000 ) ) ;
#1703 = AXIS2_PLACEMENT_3D ( 'NONE', #1943, #1626, #1926 ) ;
#1704 = ORIENTED_EDGE ( 'NONE', *, *, #943, .F. ) ;
#1705 = EDGE_CURVE ( 'NONE', #3163, #307, #1564, .T. ) ;
#1706 = CYLINDRICAL_SURFACE ( 'NONE', #1947, 6.400000000000000355 ) ;
#1707 = VECTOR ( 'NONE', #3914, 1000.000000000000000 ) ;
#1708 = CARTESIAN_POINT ( 'NONE',  ( -4.048615756362150542, -53.46875000204838813, 3.048615756362150986 ) ) ;
#1709 = DIRECTION ( 'NONE',  ( -0.000000000000000000, -0.000000000000000000, 1.000000000000000000 ) ) ;
#1710 = ORIENTED_EDGE ( 'NONE', *, *, #1463, .T. ) ;
#1711 = ADVANCED_FACE ( 'NONE', ( #2200 ), #621, .F. ) ;
#1712 = DIRECTION ( 'NONE',  ( 1.000000000000000000, 3.697027429032479173E-18, -0.000000000000000000 ) ) ;
#1713 = CARTESIAN_POINT ( 'NONE',  ( -8.033543319631016644, -49.30000000000000426, 12.99573700063487713 ) ) ;
#1714 = CARTESIAN_POINT ( 'NONE',  ( -18.49999999999999645, -49.29999999999999716, 17.00000000000000355 ) ) ;
#1715 = VECTOR ( 'NONE', #817, 1000.000000000000000 ) ;
#1716 = CARTESIAN_POINT ( 'NONE',  ( -4.048615756362153206, -54.21875000204838813, 10.95138424363785035 ) ) ;
#1717 = ORIENTED_EDGE ( 'NONE', *, *, #3789, .T. ) ;
#1718 = ADVANCED_FACE ( 'NONE', ( #935 ), #2816, .F. ) ;
#1719 = STYLED_ITEM ( 'NONE', ( #2469 ), #3819 ) ;
#1720 = CARTESIAN_POINT ( 'NONE',  ( -2.141265870269443372, -54.99999999999999289, 7.000000000000000888 ) ) ;
#1721 = CARTESIAN_POINT ( 'NONE',  ( -8.706002612858551259, -55.00000000000000000, 1.453665640556744965 ) ) ;
#1722 = CARTESIAN_POINT ( 'NONE',  ( 16.99999999999999645, -3.799999999999983835, 1.500000000000001554 ) ) ;
#1723 = ORIENTED_EDGE ( 'NONE', *, *, #2084, .T. ) ;
#1724 = CARTESIAN_POINT ( 'NONE',  ( 11.15000000000000036, 14.40000000000000391, 9.107298248878237246E-15 ) ) ;
#1725 = CARTESIAN_POINT ( 'NONE',  ( -8.000000000000000000, -55.15625000204838813, 1.411898812500001377 ) ) ;
#1726 = CARTESIAN_POINT ( 'NONE',  ( -10.31466729977570118, -54.12500000204838813, 12.58810118749999951 ) ) ;
#1727 = CARTESIAN_POINT ( 'NONE',  ( -7.329782754328100225, -9.949939064162594458E-16, -3.000000000000000000 ) ) ;
#1728 = ORIENTED_EDGE ( 'NONE', *, *, #1276, .F. ) ;
#1729 = LINE ( 'NONE', #3633, #2891 ) ;
#1730 = CARTESIAN_POINT ( 'NONE',  ( -2.411898812499999600, -50.65625000204838813, 7.000000000000000888 ) ) ;
#1731 = B_SPLINE_CURVE_WITH_KNOTS ( 'NONE', 3,
 ( #1720, #1385, #3932, #3620, #4000, #768 ),
 .UNSPECIFIED., .F., .F.,
 ( 4, 2, 4 ),
 ( 0.000000000000000000, 0.001857527796785698061, 0.003715055593571396121 ),
 .UNSPECIFIED. ) ;
#1732 = CARTESIAN_POINT ( 'NONE',  ( 17.00000000000000711, -3.799999999999983835, 9.107298248878237246E-15 ) ) ;
#1733 = ORIENTED_EDGE ( 'NONE', *, *, #1257, .F. ) ;
#1734 = DIRECTION ( 'NONE',  ( 0.000000000000000000, -1.000000000000000000, 0.000000000000000000 ) ) ;
#1735 = CARTESIAN_POINT ( 'NONE',  ( -1.599999999999999867, -50.18750000409677625, 7.000000000000000888 ) ) ;
#1736 = PLANE ( 'NONE',  #719 ) ;
#1737 = ADVANCED_FACE ( 'NONE', ( #227 ), #3156, .T. ) ;
#1738 = CARTESIAN_POINT ( 'NONE',  ( -12.52548339959390411, -53.93749999999999289, 2.474516600406096778 ) ) ;
#1739 = EDGE_LOOP ( 'NONE', ( #2533, #2303, #2178, #2603 ) ) ;
#1740 = DIRECTION ( 'NONE',  ( -0.7071067811865435759, 0.000000000000000000, 0.7071067811865515695 ) ) ;
#1741 = FACE_OUTER_BOUND ( 'NONE', #3067, .T. ) ;
#1742 = CARTESIAN_POINT ( 'NONE',  ( -8.000000000000000000, -49.29999999999999716, 13.40000000000000213 ) ) ;
#1743 = VERTEX_POINT ( 'NONE', #3099 ) ;
#1744 = EDGE_CURVE ( 'NONE', #34, #3247, #4037, .T. ) ;
#1745 = LINE ( 'NONE', #1104, #103 ) ;
#1746 = CARTESIAN_POINT ( 'NONE',  ( -13.46598776921091023, -48.45535584170597332, 5.838168433646399258 ) ) ;
#1747 = CARTESIAN_POINT ( 'NONE',  ( -2.411898812500000489, -52.15625000204838102, 7.000000000000000888 ) ) ;
#1748 = ORIENTED_EDGE ( 'NONE', *, *, #2665, .T. ) ;
#1749 = EDGE_CURVE ( 'NONE', #2044, #1531, #305, .T. ) ;
#1750 = ORIENTED_EDGE ( 'NONE', *, *, #454, .F. ) ;
#1751 = VECTOR ( 'NONE', #1134, 1000.000000000000000 ) ;
#1752 = DIRECTION ( 'NONE',  ( 0.000000000000000000, -1.000000000000000000, 0.000000000000000000 ) ) ;
#1753 = CARTESIAN_POINT ( 'NONE',  ( -5.685332700224303260, -48.87500000204838813, 1.411898812500000489 ) ) ;
#1754 = DIRECTION ( 'NONE',  ( 0.000000000000000000, 0.000000000000000000, 1.000000000000000000 ) ) ;
#1755 = VERTEX_POINT ( 'NONE', #3725 ) ;
#1756 = LINE ( 'NONE', #1052, #523 ) ;
#1757 = CARTESIAN_POINT ( 'NONE',  ( -1.599999999999999867, -49.99999999999999289, 7.000000000000000888 ) ) ;
#1758 = VERTEX_POINT ( 'NONE', #4097 ) ;
#1759 = DIRECTION ( 'NONE',  ( -0.000000000000000000, -0.000000000000000000, -1.000000000000000000 ) ) ;
#1760 = CARTESIAN_POINT ( 'NONE',  ( -17.00000000000000000, -49.29999999999999716, 5.000000000000000000 ) ) ;
#1761 = DIRECTION ( 'NONE',  ( 0.000000000000000000, -1.000000000000000000, -0.000000000000000000 ) ) ;
#1762 = ORIENTED_EDGE ( 'NONE', *, *, #2334, .F. ) ;
#1763 = FILL_AREA_STYLE_COLOUR ( '', #4062 ) ;
#1764 = VERTEX_POINT ( 'NONE', #3137 ) ;
#1765 = CARTESIAN_POINT ( 'NONE',  ( -10.31466729977569585, -48.68750000204838102, 1.411898812500001377 ) ) ;
#1766 = EDGE_CURVE ( 'NONE', #3361, #584, #1547, .T. ) ;
#1767 = CARTESIAN_POINT ( 'NONE',  ( -8.000000000000000000, -50.28125000204838813, 1.411898812500001377 ) ) ;
#1768 =( BOUNDED_CURVE ( )  B_SPLINE_CURVE ( 2, ( #4012, #1156, #2704, #1115, #2392, #2748, #3946 ),
 .UNSPECIFIED., .F., .T. ) 
 B_SPLINE_CURVE_WITH_KNOTS ( ( 3, 2, 2, 3 ),
 ( 0.000000000000000000, 0.02798692786243470870, 0.05597385572486941741, 0.05597394396316991011 ),
 .UNSPECIFIED. ) 
 CURVE ( )  GEOMETRIC_REPRESENTATION_ITEM ( )  RATIONAL_B_SPLINE_CURVE ( ( 1.000000000000000000, 0.9238795325112867385, 1.000000000000000000, 0.9238795325112867385, 1.000000000000000000, 0.9999997600043591950, 0.9999995200102317350 ) ) 
 REPRESENTATION_ITEM ( '' )  );
#1769 = ORIENTED_EDGE ( 'NONE', *, *, #2181, .F. ) ;
#1770 = AXIS2_PLACEMENT_3D ( 'NONE', #3640, #831, #207 ) ;
#1771 = CIRCLE ( 'NONE', #714, 2.500000000000000444 ) ;
#1772 = VERTEX_POINT ( 'NONE', #2144 ) ;
#1773 = ADVANCED_FACE ( 'NONE', ( #2799 ), #3748, .F. ) ;
#1774 = CARTESIAN_POINT ( 'NONE',  ( -3.699999999999998401, -18.79999999999998295, 9.107298248878237246E-15 ) ) ;
#1775 = CARTESIAN_POINT ( 'NONE',  ( -13.46598319172498748, -48.45535679073112334, 5.838146898476902713 ) ) ;
#1776 = VECTOR ( 'NONE', #1570, 1000.000000000000000 ) ;
#1777 = CARTESIAN_POINT ( 'NONE',  ( 16.49999999999998579, 54.30000000000001137, -2.000000000000000000 ) ) ;
#1778 = VECTOR ( 'NONE', #616, 1000.000000000000000 ) ;
#1779 = ORIENTED_EDGE ( 'NONE', *, *, #2831, .T. ) ;
#1780 = AXIS2_PLACEMENT_3D ( 'NONE', #2761, #2806, #3086 ) ;
#1781 = LINE ( 'NONE', #1859, #1701 ) ;
#1782 = FACE_OUTER_BOUND ( 'NONE', #1525, .T. ) ;
#1783 = CARTESIAN_POINT ( 'NONE',  ( -14.40000000000000391, -50.65625000000000711, 9.650966799187807865 ) ) ;
#1784 = ORIENTED_EDGE ( 'NONE', *, *, #1897, .F. ) ;
#1785 = CARTESIAN_POINT ( 'NONE',  ( -14.40000000000000036, -53.93750000409676915, 7.000000000000000000 ) ) ;
#1786 = CARTESIAN_POINT ( 'NONE',  ( 15.99999999999999645, -3.799999999999983835, 1.500000000000001776 ) ) ;
#1787 = CARTESIAN_POINT ( 'NONE',  ( -11.95138424363785035, -53.09375000204838102, 10.95138424363784857 ) ) ;
#1788 = ORIENTED_EDGE ( 'NONE', *, *, #66, .T. ) ;
#1789 = DIRECTION ( 'NONE',  ( 0.000000000000000000, 0.000000000000000000, 1.000000000000000000 ) ) ;
#1790 = ORIENTED_EDGE ( 'NONE', *, *, #174, .T. ) ;
#1791 = CARTESIAN_POINT ( 'NONE',  ( -2.411898812500000489, -49.15625000204838813, 7.000000000000000888 ) ) ;
#1792 = CARTESIAN_POINT ( 'NONE',  ( -8.000000000000001776, -52.53125000204838102, 12.58810118750000129 ) ) ;
#1793 = ORIENTED_EDGE ( 'NONE', *, *, #2901, .T. ) ;
#1794 = EDGE_CURVE ( 'NONE', #2393, #628, #4011, .T. ) ;
#1795 = ORIENTED_EDGE ( 'NONE', *, *, #3535, .T. ) ;
#1796 = DIRECTION ( 'NONE',  ( 0.000000000000000000, 0.000000000000000000, -1.000000000000000000 ) ) ;
#1797 = EDGE_CURVE ( 'NONE', #489, #1512, #184, .T. ) ;
#1798 = CARTESIAN_POINT ( 'NONE',  ( -5.179782754328102534, 40.86882393736287611, 2.299999999999996270 ) ) ;
#1799 = ORIENTED_EDGE ( 'NONE', *, *, #2573, .T. ) ;
#1800 = CARTESIAN_POINT ( 'NONE',  ( -8.029782754328104843, 40.86882393736288321, 2.299999999999996270 ) ) ;
#1801 = CARTESIAN_POINT ( 'NONE',  ( -8.000000000000000000, -49.29999999999999716, 7.000000000000000888 ) ) ;
#1802 = CARTESIAN_POINT ( 'NONE',  ( -10.65096679918780787, -54.03124999999999289, 0.6000000000000007550 ) ) ;
#1803 = VERTEX_POINT ( 'NONE', #2697 ) ;
#1804 = CARTESIAN_POINT ( 'NONE',  ( -6.699999999999999289, -9.820000000000019824, 0.000000000000000000 ) ) ;
#1805 = CYLINDRICAL_SURFACE ( 'NONE', #3430, 2.500000000000000444 ) ;
#1806 = LINE ( 'NONE', #2780, #872 ) ;
#1807 = ORIENTED_EDGE ( 'NONE', *, *, #3386, .F. ) ;
#1808 = FACE_OUTER_BOUND ( 'NONE', #2861, .T. ) ;
#1809 = ORIENTED_EDGE ( 'NONE', *, *, #1584, .T. ) ;
#1810 = CARTESIAN_POINT ( 'NONE',  ( -11.95138424363784857, -51.96875000204838102, 3.048615756362151874 ) ) ;
#1811 = PLANE ( 'NONE',  #49 ) ;
#1812 = CARTESIAN_POINT ( 'NONE',  ( -6.699999999999999289, -34.99999999999999289, 0.000000000000000000 ) ) ;
#1813 = ORIENTED_EDGE ( 'NONE', *, *, #2273, .T. ) ;
#1814 = CARTESIAN_POINT ( 'NONE',  ( -6.699999999999999289, -18.79999999999998295, 0.000000000000000000 ) ) ;
#1815 = EDGE_CURVE ( 'NONE', #1245, #1531, #85, .T. ) ;
#1816 = DIRECTION ( 'NONE',  ( 2.714934234111455128E-16, -1.000000000000000000, -1.942890293094050816E-16 ) ) ;
#1817 = CARTESIAN_POINT ( 'NONE',  ( -14.40000000000000391, -53.65625000000000000, 9.650966799187807865 ) ) ;
#1818 = EDGE_LOOP ( 'NONE', ( #2047, #2107, #3242, #524 ) ) ;
#1819 = DIRECTION ( 'NONE',  ( 1.000000000000000000, 1.261617073437677999E-16, -0.000000000000000000 ) ) ;
#1820 = EDGE_CURVE ( 'NONE', #1344, #2737, #1347, .T. ) ;
#1821 = DIRECTION ( 'NONE',  ( -0.000000000000000000, 0.000000000000000000, 1.000000000000000000 ) ) ;
#1822 = CARTESIAN_POINT ( 'NONE',  ( -12.52548339959390589, -50.56249999999999289, 11.52548339959390589 ) ) ;
#1823 = ORIENTED_EDGE ( 'NONE', *, *, #1543, .T. ) ;
#1824 = CARTESIAN_POINT ( 'NONE',  ( -1.599999999999999867, -54.68750000409676915, 7.000000000000000888 ) ) ;
#1825 = CARTESIAN_POINT ( 'NONE',  ( -11.95138424363785035, -50.09375000204838813, 10.95138424363784857 ) ) ;
#1826 = AXIS2_PLACEMENT_3D ( 'NONE', #860, #2779, #2126 ) ;
#1827 = ORIENTED_EDGE ( 'NONE', *, *, #755, .F. ) ;
#1828 = CARTESIAN_POINT ( 'NONE',  ( -5.349033200812166378, -53.28124999999998579, 13.39999999999997726 ) ) ;
#1829 = ORIENTED_EDGE ( 'NONE', *, *, #2568, .T. ) ;
#1830 = CARTESIAN_POINT ( 'NONE',  ( -4.048615756362153206, -49.71875000204838813, 10.95138424363785035 ) ) ;
#1831 = AXIS2_PLACEMENT_3D ( 'NONE', #3624, #2958, #1410 ) ;
#1832 = CARTESIAN_POINT ( 'NONE',  ( -5.685332700224303260, -51.87500000204838813, 1.411898812500001377 ) ) ;
#1833 = PLANE ( 'NONE',  #2191 ) ;
#1834 = ORIENTED_EDGE ( 'NONE', *, *, #2901, .F. ) ;
#1835 = CARTESIAN_POINT ( 'NONE',  ( -3.699999999999998401, -18.79999999999998295, 1.500000000000001776 ) ) ;
#1836 = DIRECTION ( 'NONE',  ( -1.000000000000000000, -3.697027429032479173E-18, 0.000000000000000000 ) ) ;
#1837 = AXIS2_PLACEMENT_3D ( 'NONE', #2368, #2094, #2457 ) ;
#1838 = EDGE_CURVE ( 'NONE', #1656, #896, #1085, .T. ) ;
#1839 = ORIENTED_EDGE ( 'NONE', *, *, #3230, .F. ) ;
#1840 = DIRECTION ( 'NONE',  ( -0.000000000000000000, 0.000000000000000000, 1.000000000000000000 ) ) ;
#1841 = VECTOR ( 'NONE', #424, 1000.000000000000000 ) ;
#1842 = DIRECTION ( 'NONE',  ( -0.000000000000000000, -0.000000000000000000, -1.000000000000000000 ) ) ;
#1843 = DIRECTION ( 'NONE',  ( 0.7071067811865435759, 0.000000000000000000, 0.7071067811865514585 ) ) ;
#1844 = AXIS2_PLACEMENT_3D ( 'NONE', #2683, #3615, #2370 ) ;
#1845 = EDGE_CURVE ( 'NONE', #2754, #3853, #2927, .T. ) ;
#1846 = VECTOR ( 'NONE', #1586, 1000.000000000000000 ) ;
#1847 = VERTEX_POINT ( 'NONE', #2043 ) ;
#1848 = CARTESIAN_POINT ( 'NONE',  ( -19.50000000000001066, 55.00000000000000711, -3.000000000000000000 ) ) ;
#1849 = DIRECTION ( 'NONE',  ( -1.000000000000000000, 0.000000000000000000, 0.000000000000000000 ) ) ;
#1850 = ORIENTED_EDGE ( 'NONE', *, *, #349, .F. ) ;
#1851 = LINE ( 'NONE', #1088, #863 ) ;
#1852 = EDGE_CURVE ( 'NONE', #2543, #3021, #318, .T. ) ;
#1853 = ORIENTED_EDGE ( 'NONE', *, *, #4118, .F. ) ;
#1854 = CARTESIAN_POINT ( 'NONE',  ( -11.95138424363784857, -48.96875000204838813, 3.048615756362151874 ) ) ;
#1855 = CARTESIAN_POINT ( 'NONE',  ( 16.99999999999999645, -18.79999999999998295, 1.500000000000001554 ) ) ;
#1856 = CARTESIAN_POINT ( 'NONE',  ( -16.50000000000001066, 55.00000000000000711, -3.000000000000000000 ) ) ;
#1857 = ORIENTED_EDGE ( 'NONE', *, *, #3097, .T. ) ;
#1858 = LINE ( 'NONE', #3677, #1615 ) ;
#1859 = CARTESIAN_POINT ( 'NONE',  ( 11.15000000000000036, 12.40000000000000391, 3.199999999999997513 ) ) ;
#1860 = DIRECTION ( 'NONE',  ( -3.697027429032479173E-18, 1.000000000000000000, 0.000000000000000000 ) ) ;
#1861 = CARTESIAN_POINT ( 'NONE',  ( -10.65096679918780787, -49.53124999999998579, 0.6000000000000007550 ) ) ;
#1862 = ORIENTED_EDGE ( 'NONE', *, *, #2776, .T. ) ;
#1863 = CARTESIAN_POINT ( 'NONE',  ( -8.000000000000000000, -49.29999999999999716, 13.40000000000000213 ) ) ;
#1864 = CYLINDRICAL_SURFACE ( 'NONE', #329, 2.500000000000002220 ) ;
#1865 = ADVANCED_FACE ( 'NONE', ( #2656 ), #1022, .F. ) ;
#1866 = VERTEX_POINT ( 'NONE', #3919 ) ;
#1867 = DIRECTION ( 'NONE',  ( -0.000000000000000000, -0.000000000000000000, 1.000000000000000000 ) ) ;
#1868 = VERTEX_POINT ( 'NONE', #1660 ) ;
#1869 = CARTESIAN_POINT ( 'NONE',  ( -2.411898812500001377, -49.62500000204838813, 9.314667299775702958 ) ) ;
#1870 = DIRECTION ( 'NONE',  ( -1.000000000000000000, -1.284148034404965108E-16, 0.000000000000000000 ) ) ;
#1871 = CARTESIAN_POINT ( 'NONE',  ( -23.40312423743284143, -9.820000000000019824, -1.398410389168064527E-50 ) ) ;
#1872 = EDGE_CURVE ( 'NONE', #2264, #2562, #406, .T. ) ;
#1873 = DIRECTION ( 'NONE',  ( 0.000000000000000000, 0.000000000000000000, 1.000000000000000000 ) ) ;
#1874 = DIRECTION ( 'NONE',  ( -0.000000000000000000, 1.000000000000000000, 0.000000000000000000 ) ) ;
#1875 = EDGE_CURVE ( 'NONE', #1985, #57, #1066, .T. ) ;
#1876 =( BOUNDED_SURFACE ( )  B_SPLINE_SURFACE ( 1, 2, ( 
 ( #2883, #3272, #1935, #1676, #2630, #2959, #1617, #67, #2655, #1327, #2609, #3212, #1346, #3918, #3231, #382, #361, #3876, #2291, #1916, #423, #1065, #2318, #2903, #28, #713, #2571, #47, #1307, #3563, #107, #3836, #1977, #3253, #3859, #1003, #404, #3586, #733, #1659, #1997, #3627, #843, #2717, #2041, #2674, #3652, #2108, #2763, #3986, #534, #800, #465, #2065, #486, #3938, #1171, #3673, #3024, #173, #1478, #2981, #1129, #4028, #1791, #2404, #3338, #2087, #3960, #1765, #153, #2447, #1746 ),
 ( #3003, #196, #1431, #3693, #1725, #2018, #3290, #3358, #821, #3317, #509, #1411, #3047, #1456, #3070, #2740, #2694, #4006, #1151, #1083, #752, #2425, #3380, #217, #443, #133, #1698, #1391, #2359, #773, #1106, #2381, #2808, #613, #3109, #1269, #3443, #2786, #1810, #3479, #629, #4089, #3421, #2534, #3164, #573, #1538, #594, #2491, #314, #2195, #2133, #4106, #278, #2175, #3755, #554, #2472, #1576, #3089, #2511, #3465, #1830, #1869, #3401, #2825, #1888, #3774, #261, #1249, #1854, #2862, #3735 ) ),
 .UNSPECIFIED., .F., .F., .F. ) 
 B_SPLINE_SURFACE_WITH_KNOTS ( ( 2, 2 ),
 ( 3, 2, 2, 2, 2, 2, 2, 2, 2, 2, 2, 2, 2, 2, 2, 2, 2, 2, 2, 2, 2, 2, 2, 2, 2, 2, 2, 2, 2, 2, 2, 2, 2, 2, 2, 2, 3 ),
 ( 0.000000000000000000, 1.000000000000000000 ),
 ( 0.000000000000000000, 0.02500000000000000139, 0.05000000000000000278, 0.07499999999999999722, 0.1000000000000000056, 0.1250000000000000000, 0.1499999999999999944, 0.1749999999999999889, 0.2000000000000000111, 0.2250000000000000056, 0.2500000000000000000, 0.2750000000000000222, 0.2999999999999999889, 0.3250000000000000111, 0.3499999999999999778, 0.3750000000000000000, 0.4000000000000000222, 0.4249999999999999889, 0.4500000000000000111, 0.4749999999999999778, 0.5000000000000000000, 0.5250000000000000222, 0.5500000000000000444, 0.5749999999999999556, 0.5999999999999999778, 0.6250000000000000000, 0.6500000000000000222, 0.6750000000000000444, 0.6999999999999999556, 0.7249999999999999778, 0.7500000000000000000, 0.7750000000000000222, 0.8000000000000000444, 0.8249999999999999556, 0.8499999999999999778, 0.8750000000000000000, 0.8932743450594844425 ),
 .UNSPECIFIED. ) 
 GEOMETRIC_REPRESENTATION_ITEM ( )  RATIONAL_B_SPLINE_SURFACE ( (
 ( 1.000000000000000000, 0.9238795325112867385, 1.000000000000000000, 0.9238795325112867385, 1.000000000000000000, 0.9238795325112867385, 1.000000000000000000, 0.9238795325112867385, 1.000000000000000000, 0.9238795325112867385, 1.000000000000000000, 0.9238795325112867385, 1.000000000000000000, 0.9238795325112867385, 1.000000000000000000, 0.9238795325112867385, 1.000000000000000000, 0.9238795325112867385, 1.000000000000000000, 0.9238795325112867385, 1.000000000000000000, 0.9238795325112867385, 1.000000000000000000, 0.9238795325112867385, 1.000000000000000000, 0.9238795325112867385, 1.000000000000000000, 0.9238795325112867385, 1.000000000000000000, 0.9238795325112867385, 1.000000000000000000, 0.9238795325112867385, 1.000000000000000000, 0.9238795325112867385, 1.000000000000000000, 0.9238795325112867385, 1.000000000000000000, 0.9238795325112867385, 1.000000000000000000, 0.9238795325112867385, 1.000000000000000000, 0.9238795325112867385, 1.000000000000000000, 0.9238795325112867385, 1.000000000000000000, 0.9238795325112867385, 1.000000000000000000, 0.9238795325112867385, 1.000000000000000000, 0.9238795325112867385, 1.000000000000000000, 0.9238795325112867385, 1.000000000000000000, 0.9238795325112867385, 1.000000000000000000, 0.9238795325112867385, 1.000000000000000000, 0.9238795325112867385, 1.000000000000000000, 0.9238795325112867385, 1.000000000000000000, 0.9238795325112867385, 1.000000000000000000, 0.9238795325112867385, 1.000000000000000000, 0.9238795325112867385, 1.000000000000000000, 0.9238795325112867385, 1.000000000000000000, 0.9238795325112867385, 1.000000000000000000, 0.9443579324408795106, 0.9700616522736400515),
 ( 1.000000000000000000, 0.9238795325112867385, 1.000000000000000000, 0.9238795325112867385, 1.000000000000000000, 0.9238795325112867385, 1.000000000000000000, 0.9238795325112867385, 1.000000000000000000, 0.9238795325112867385, 1.000000000000000000, 0.9238795325112867385, 1.000000000000000000, 0.9238795325112867385, 1.000000000000000000, 0.9238795325112867385, 1.000000000000000000, 0.9238795325112867385, 1.000000000000000000, 0.9238795325112867385, 1.000000000000000000, 0.9238795325112867385, 1.000000000000000000, 0.9238795325112867385, 1.000000000000000000, 0.9238795325112867385, 1.000000000000000000, 0.9238795325112867385, 1.000000000000000000, 0.9238795325112867385, 1.000000000000000000, 0.9238795325112867385, 1.000000000000000000, 0.9238795325112867385, 1.000000000000000000, 0.9238795325112867385, 1.000000000000000000, 0.9238795325112867385, 1.000000000000000000, 0.9238795325112867385, 1.000000000000000000, 0.9238795325112867385, 1.000000000000000000, 0.9238795325112867385, 1.000000000000000000, 0.9238795325112867385, 1.000000000000000000, 0.9238795325112867385, 1.000000000000000000, 0.9238795325112867385, 1.000000000000000000, 0.9238795325112867385, 1.000000000000000000, 0.9238795325112867385, 1.000000000000000000, 0.9238795325112867385, 1.000000000000000000, 0.9238795325112867385, 1.000000000000000000, 0.9238795325112867385, 1.000000000000000000, 0.9238795325112867385, 1.000000000000000000, 0.9238795325112867385, 1.000000000000000000, 0.9238795325112867385, 1.000000000000000000, 0.9238795325112867385, 1.000000000000000000, 0.9238795325112867385, 1.000000000000000000, 0.9443579324408795106, 0.9700616522736400515) ) ) 
 REPRESENTATION_ITEM ( '' )  SURFACE ( )  );
#1877 = CARTESIAN_POINT ( 'NONE',  ( 8.000000000000000000, -54.99999999999999289, 10.70000000000000107 ) ) ;
#1878 = CARTESIAN_POINT ( 'NONE',  ( 7.572217245671899022, 40.86882393736261321, 2.299999999999996270 ) ) ;
#1879 = CARTESIAN_POINT ( 'NONE',  ( -3.474516600406096778, -51.87500000409676915, 11.52548339959390589 ) ) ;
#1880 = ORIENTED_EDGE ( 'NONE', *, *, #3796, .F. ) ;
#1881 = VECTOR ( 'NONE', #3646, 1000.000000000000000 ) ;
#1882 = CARTESIAN_POINT ( 'NONE',  ( -8.000000000000000000, -49.62499999999999289, 0.6000000000000007550 ) ) ;
#1883 = VECTOR ( 'NONE', #2986, 1000.000000000000000 ) ;
#1884 = CARTESIAN_POINT ( 'NONE',  ( -13.58810118749999774, -50.37500000204839523, 4.685332700224302371 ) ) ;
#1885 = ORIENTED_EDGE ( 'NONE', *, *, #2165, .T. ) ;
#1886 = CARTESIAN_POINT ( 'NONE',  ( -17.00000000000000000, 52.00000000000000711, 0.000000000000000000 ) ) ;
#1887 = ORIENTED_EDGE ( 'NONE', *, *, #2968, .F. ) ;
#1888 = CARTESIAN_POINT ( 'NONE',  ( -4.048615756362151430, -49.34375000204838813, 3.048615756362151874 ) ) ;
#1889 = COLOUR_RGB ( '',0.7921568627450980005, 0.8196078431372548767, 0.9333333333333333481 ) ;
#1890 = CARTESIAN_POINT ( 'NONE',  ( -8.000015443710063678, -54.31249945793744871, 0.6000000000186342941 ) ) ;
#1891 = DIRECTION ( 'NONE',  ( -0.000000000000000000, -0.000000000000000000, -1.000000000000000000 ) ) ;
#1892 = LINE ( 'NONE', #1326, #3490 ) ;
#1893 = AXIS2_PLACEMENT_3D ( 'NONE', #3483, #12, #1638 ) ;
#1894 = VECTOR ( 'NONE', #1616, 1000.000000000000000 ) ;
#1895 = EDGE_CURVE ( 'NONE', #4045, #687, #68, .T. ) ;
#1896 = DIRECTION ( 'NONE',  ( -0.000000000000000000, -0.000000000000000000, -1.000000000000000000 ) ) ;
#1897 = EDGE_CURVE ( 'NONE', #3161, #957, #3896, .T. ) ;
#1898 = LINE ( 'NONE', #950, #2217 ) ;
#1899 = CARTESIAN_POINT ( 'NONE',  ( -10.65096679918780787, -52.71875000409678336, 0.6000000000000007550 ) ) ;
#1900 =( BOUNDED_CURVE ( )  B_SPLINE_CURVE ( 2, ( #2279, #20, #1280, #3574, #394, #76, #1606, #1905, #1296 ),
 .UNSPECIFIED., .F., .T. ) 
 B_SPLINE_CURVE_WITH_KNOTS ( ( 3, 2, 2, 2, 3 ),
 ( 0.2798692806025217528, 0.3078562064867823578, 0.3358431343492170873, 0.3638300622116519278, 0.3918170180604718111 ),
 .UNSPECIFIED. ) 
 CURVE ( )  GEOMETRIC_REPRESENTATION_ITEM ( )  RATIONAL_B_SPLINE_CURVE ( ( 1.000000000000000000, 0.9238795325112867385, 1.000000000000000000, 0.9238795325112867385, 1.000000000000000000, 0.9238795325112867385, 1.000000000000000000, 0.9238795325112867385, 1.000000000000000000 ) ) 
 REPRESENTATION_ITEM ( '' )  );
#1901 = CARTESIAN_POINT ( 'NONE',  ( 5.072217245671896357, 40.86882393736262031, 23.36881416978414805 ) ) ;
#1902 = AXIS2_PLACEMENT_3D ( 'NONE', #315, #296, #1557 ) ;
#1903 = ORIENTED_EDGE ( 'NONE', *, *, #1311, .F. ) ;
#1904 = LINE ( 'NONE', #643, #3903 ) ;
#1905 = CARTESIAN_POINT ( 'NONE',  ( -10.65096679918781497, -52.15625000409678336, 13.39999999999999858 ) ) ;
#1906 = EDGE_LOOP ( 'NONE', ( #553, #3087, #1633, #205 ) ) ;
#1907 = VECTOR ( 'NONE', #1546, 1000.000000000000000 ) ;
#1908 = CIRCLE ( 'NONE', #1306, 1.999999999999999556 ) ;
#1909 = PLANE ( 'NONE',  #263 ) ;
#1910 = ORIENTED_EDGE ( 'NONE', *, *, #3486, .F. ) ;
#1911 = CARTESIAN_POINT ( 'NONE',  ( -1.599999999999999867, -53.09375000409677625, 4.349033200812192135 ) ) ;
#1912 = VECTOR ( 'NONE', #3531, 1000.000000000000000 ) ;
#1913 = DIRECTION ( 'NONE',  ( -3.697027429032479173E-18, 1.000000000000000000, 0.000000000000000000 ) ) ;
#1914 = DIRECTION ( 'NONE',  ( 0.000000000000000000, 0.000000000000000000, -1.000000000000000000 ) ) ;
#1915 = CARTESIAN_POINT ( 'NONE',  ( -18.79999999999999716, -54.99999999999999289, -3.000000000000000000 ) ) ;
#1916 = CARTESIAN_POINT ( 'NONE',  ( -5.685332700224303260, -53.37500000204839523, 1.411898812500001377 ) ) ;
#1917 = DIRECTION ( 'NONE',  ( 3.697027429032479173E-18, -1.000000000000000000, 0.000000000000000000 ) ) ;
#1918 = VECTOR ( 'NONE', #4067, 1000.000000000000000 ) ;
#1919 = EDGE_CURVE ( 'NONE', #3158, #2973, #2019, .T. ) ;
#1920 = CARTESIAN_POINT ( 'NONE',  ( 11.15000000000000036, -34.99999999999997868, 1.499999999999997558 ) ) ;
#1921 = CARTESIAN_POINT ( 'NONE',  ( -14.40000000000000036, -49.53125000409676915, 4.349033200812191247 ) ) ;
#1922 = EDGE_CURVE ( 'NONE', #2463, #3021, #3318, .T. ) ;
#1923 = CARTESIAN_POINT ( 'NONE',  ( -8.000000000000000000, -49.62499999999999289, 0.6000000000000007550 ) ) ;
#1924 = ORIENTED_EDGE ( 'NONE', *, *, #3150, .T. ) ;
#1925 = LINE ( 'NONE', #1605, #3117 ) ;
#1926 = DIRECTION ( 'NONE',  ( 1.000000000000000000, 0.000000000000000000, 0.000000000000000000 ) ) ;
#1927 = EDGE_LOOP ( 'NONE', ( #468, #1981, #1398, #74 ) ) ;
#1928 = DIRECTION ( 'NONE',  ( -0.000000000000000000, -1.000000000000000000, -0.000000000000000000 ) ) ;
#1929 = ORIENTED_EDGE ( 'NONE', *, *, #636, .F. ) ;
#1930 = CARTESIAN_POINT ( 'NONE',  ( -3.174685578961603305, -49.29999999999999716, 9.842400412562016143 ) ) ;
#1931 = ORIENTED_EDGE ( 'NONE', *, *, #1845, .T. ) ;
#1932 = CARTESIAN_POINT ( 'NONE',  ( -4.852837641131976909, -49.29999999999999005, 2.382398461466909367 ) ) ;
#1933 = DIRECTION ( 'NONE',  ( 2.714934234111455128E-16, -1.000000000000000000, -1.942890293094050816E-16 ) ) ;
#1934 = LINE ( 'NONE', #3211, #3766 ) ;
#1935 = CARTESIAN_POINT ( 'NONE',  ( -4.048615756362151430, -54.96875000204838813, 3.048615756362151874 ) ) ;
#1936 = EDGE_CURVE ( 'NONE', #392, #3536, #4109, .T. ) ;
#1937 = CARTESIAN_POINT ( 'NONE',  ( -17.00000000000000000, -5.820000000000005613, -8.287931227044935005E-51 ) ) ;
#1938 = CARTESIAN_POINT ( 'NONE',  ( -5.685332700224303260, -54.87500000204839523, 1.411898812500000489 ) ) ;
#1939 = DIRECTION ( 'NONE',  ( 0.000000000000000000, -1.000000000000000000, 0.000000000000000000 ) ) ;
#1940 = ORIENTED_EDGE ( 'NONE', *, *, #2443, .T. ) ;
#1941 = EDGE_CURVE ( 'NONE', #987, #592, #2743, .T. ) ;
#1942 = DIRECTION ( 'NONE',  ( 3.697027429032479173E-18, -1.000000000000000000, -1.424043166158921928E-51 ) ) ;
#1943 = CARTESIAN_POINT ( 'NONE',  ( 0.000000000000000000, -42.02370210108668402, 0.000000000000000000 ) ) ;
#1944 = VERTEX_POINT ( 'NONE', #3049 ) ;
#1945 = CARTESIAN_POINT ( 'NONE',  ( -13.58810118749999951, -54.78125000204838813, 7.000000000000000000 ) ) ;
#1946 = ORIENTED_EDGE ( 'NONE', *, *, #355, .T. ) ;
#1947 = AXIS2_PLACEMENT_3D ( 'NONE', #2389, #2658, #2322 ) ;
#1948 = CARTESIAN_POINT ( 'NONE',  ( -8.000000000000000000, -49.29999999999999716, 7.000000000000000888 ) ) ;
#1949 = ORIENTED_EDGE ( 'NONE', *, *, #2672, .T. ) ;
#1950 = CARTESIAN_POINT ( 'NONE',  ( -5.349033200812217892, -51.21874999999999289, 0.5999999999999735545 ) ) ;
#1951 = ORIENTED_EDGE ( 'NONE', *, *, #2499, .T. ) ;
#1952 = CARTESIAN_POINT ( 'NONE',  ( -10.65096679918780787, -49.71875000409677625, 0.6000000000000007550 ) ) ;
#1953 = DIRECTION ( 'NONE',  ( -0.7071067811865490160, 0.000000000000000000, 0.7071067811865460184 ) ) ;
#1954 = AXIS2_PLACEMENT_3D ( 'NONE', #1786, #1145, #2376 ) ;
#1955 = ORIENTED_EDGE ( 'NONE', *, *, #1191, .T. ) ;
#1956 = DIRECTION ( 'NONE',  ( 0.000000000000000000, 0.000000000000000000, 1.000000000000000000 ) ) ;
#1957 = VECTOR ( 'NONE', #3916, 1000.000000000000000 ) ;
#1958 = CARTESIAN_POINT ( 'NONE',  ( -10.65096679918780787, -51.21875000409677625, 0.6000000000000007550 ) ) ;
#1959 = CARTESIAN_POINT ( 'NONE',  ( -1.599999999999999867, -51.68750000409676915, 7.000000000000000888 ) ) ;
#1960 = ORIENTED_EDGE ( 'NONE', *, *, #2104, .F. ) ;
#1961 = DIRECTION ( 'NONE',  ( 0.000000000000000000, 0.000000000000000000, -1.000000000000000000 ) ) ;
#1962 = CARTESIAN_POINT ( 'NONE',  ( -13.88714564720715750, -54.99999999999996447, 8.573207146283433389 ) ) ;
#1963 = ORIENTED_EDGE ( 'NONE', *, *, #400, .T. ) ;
#1964 = EDGE_CURVE ( 'NONE', #1764, #975, #3383, .T. ) ;
#1965 = CARTESIAN_POINT ( 'NONE',  ( -13.58810118749999951, -53.28125000204838102, 7.000000000000000000 ) ) ;
#1966 = AXIS2_PLACEMENT_3D ( 'NONE', #1677, #154, #3653 ) ;
#1967 = EDGE_LOOP ( 'NONE', ( #4024, #3218, #969, #3699 ) ) ;
#1968 = FACE_OUTER_BOUND ( 'NONE', #3264, .T. ) ;
#1969 = ORIENTED_EDGE ( 'NONE', *, *, #1356, .F. ) ;
#1970 = DIRECTION ( 'NONE',  ( 0.000000000000000000, 0.000000000000000000, -1.000000000000000000 ) ) ;
#1971 = VECTOR ( 'NONE', #3291, 1000.000000000000000 ) ;
#1972 = ORIENTED_EDGE ( 'NONE', *, *, #2499, .F. ) ;
#1973 = EDGE_CURVE ( 'NONE', #2, #125, #3447, .T. ) ;
#1974 = CARTESIAN_POINT ( 'NONE',  ( -17.00000000000000000, -49.29999999999999716, 5.000000000000000000 ) ) ;
#1975 = VECTOR ( 'NONE', #1491, 1000.000000000000000 ) ;
#1976 = VECTOR ( 'NONE', #2657, 1000.000000000000000 ) ;
#1977 = CARTESIAN_POINT ( 'NONE',  ( -2.411898812500000489, -52.15625000204838102, 7.000000000000000888 ) ) ;
#1978 = CARTESIAN_POINT ( 'NONE',  ( 8.000000000000000000, -54.99999999999999289, 7.000000000000000888 ) ) ;
#1979 = CIRCLE ( 'NONE', #791, 0.3499999999999996447 ) ;
#1980 = VECTOR ( 'NONE', #26, 1000.000000000000000 ) ;
#1981 = ORIENTED_EDGE ( 'NONE', *, *, #90, .T. ) ;
#1982 = FACE_OUTER_BOUND ( 'NONE', #4035, .T. ) ;
#1983 = CARTESIAN_POINT ( 'NONE',  ( -14.40000000000000391, -49.34375000409676915, 9.650966799187807865 ) ) ;
#1984 = DIRECTION ( 'NONE',  ( 5.551115123125780237E-17, -1.942890293094050570E-16, 1.000000000000000000 ) ) ;
#1985 = VERTEX_POINT ( 'NONE', #3402 ) ;
#1986 = PLANE ( 'NONE',  #1844 ) ;
#1987 = CARTESIAN_POINT ( 'NONE',  ( -4.699999999999999289, -18.79999999999998295, 4.610000000000001208 ) ) ;
#1988 = CIRCLE ( 'NONE', #3064, 3.700000000000000178 ) ;
#1989 = CARTESIAN_POINT ( 'NONE',  ( -11.95138424363785035, -51.59375000204838102, 10.95138424363784857 ) ) ;
#1990 = ORIENTED_EDGE ( 'NONE', *, *, #2615, .T. ) ;
#1991 = DIRECTION ( 'NONE',  ( 0.000000000000000000, -1.000000000000000000, 0.000000000000000000 ) ) ;
#1992 = PLANE ( 'NONE',  #1170 ) ;
#1993 = ADVANCED_FACE ( 'NONE', ( #555 ), #1811, .T. ) ;
#1994 = LINE ( 'NONE', #3267, #128 ) ;
#1995 = ORIENTED_EDGE ( 'NONE', *, *, #1236, .F. ) ;
#1996 = CARTESIAN_POINT ( 'NONE',  ( -5.349033200812181477, -54.78125000000000000, 13.39999999999999147 ) ) ;
#1997 = CARTESIAN_POINT ( 'NONE',  ( -13.58810118749999951, -51.40625000204838102, 7.000000000000000000 ) ) ;
#1998 = EDGE_CURVE ( 'NONE', #161, #3689, #1771, .T. ) ;
#1999 = DIRECTION ( 'NONE',  ( 0.000000000000000000, -1.000000000000000000, -1.734723475976805615E-16 ) ) ;
#2000 = EDGE_LOOP ( 'NONE', ( #2325, #1062, #3911, #2661, #1793, #2913, #1360, #2471, #3184, #1862, #1335, #3575, #2508, #3870, #3053, #3403 ) ) ;
#2001 = EDGE_CURVE ( 'NONE', #3704, #2194, #3307, .T. ) ;
#2002 = FACE_BOUND ( 'NONE', #3142, .T. ) ;
#2003 = CARTESIAN_POINT ( 'NONE',  ( -10.31466729977569763, -50.18750000204838813, 1.411898812500000489 ) ) ;
#2004 = FACE_OUTER_BOUND ( 'NONE', #3660, .T. ) ;
#2005 = ORIENTED_EDGE ( 'NONE', *, *, #3809, .T. ) ;
#2006 = CARTESIAN_POINT ( 'NONE',  ( -2.005949406250000067, -55.76562500102419051, 7.000000000000000888 ) ) ;
#2007 = CARTESIAN_POINT ( 'NONE',  ( -7.999999958082395501, -50.56249881076335839, 13.40000000000000213 ) ) ;
#2008 = FACE_OUTER_BOUND ( 'NONE', #2321, .T. ) ;
#2009 = CARTESIAN_POINT ( 'NONE',  ( -13.58810118749999951, -50.37500000204838813, 4.685332700224302371 ) ) ;
#2010 = ORIENTED_EDGE ( 'NONE', *, *, #3274, .F. ) ;
#2011 = CARTESIAN_POINT ( 'NONE',  ( -8.738992638113543876, -49.29999999999999716, 1.154022716273737981 ) ) ;
#2012 = DIRECTION ( 'NONE',  ( 0.000000000000000000, 0.000000000000000000, 1.000000000000000000 ) ) ;
#2013 = DIRECTION ( 'NONE',  ( 0.000000000000000000, -1.000000000000000000, 0.000000000000000000 ) ) ;
#2014 = ORIENTED_EDGE ( 'NONE', *, *, #3784, .F. ) ;
#2015 = DIRECTION ( 'NONE',  ( -1.000000000000000000, 0.000000000000000000, 0.000000000000000000 ) ) ;
#2016 = EDGE_CURVE ( 'NONE', #938, #2335, #1357, .T. ) ;
#2017 = AXIS2_PLACEMENT_3D ( 'NONE', #2048, #2961, #3879 ) ;
#2018 = CARTESIAN_POINT ( 'NONE',  ( -10.31466729977569585, -55.06250000204838813, 1.411898812500001377 ) ) ;
#2019 = LINE ( 'NONE', #734, #2972 ) ;
#2020 = VECTOR ( 'NONE', #1155, 1000.000000000000000 ) ;
#2021 = CARTESIAN_POINT ( 'NONE',  ( -16.50000000000001421, 55.00000000000000711, -1.299999999999992939 ) ) ;
#2022 = EDGE_CURVE ( 'NONE', #687, #4005, #3521, .T. ) ;
#2023 = LINE ( 'NONE', #137, #1883 ) ;
#2024 = CARTESIAN_POINT ( 'NONE',  ( -11.95138424363784857, -51.59375000204838102, 3.048615756362150986 ) ) ;
#2025 = EDGE_CURVE ( 'NONE', #1944, #2687, #931, .T. ) ;
#2026 = DIRECTION ( 'NONE',  ( 0.000000000000000000, 0.000000000000000000, -1.000000000000000000 ) ) ;
#2027 = ORIENTED_EDGE ( 'NONE', *, *, #832, .T. ) ;
#2028 = CARTESIAN_POINT ( 'NONE',  ( 16.49999999999999289, 54.19999999999998153, 5.000000000000000000 ) ) ;
#2029 = CARTESIAN_POINT ( 'NONE',  ( -13.38038934198074514, -49.29999999999999716, 10.46574819176177762 ) ) ;
#2030 = DIRECTION ( 'NONE',  ( -1.000000000000000000, -3.697027429032479173E-18, 0.000000000000000000 ) ) ;
#2031 = PRODUCT_DEFINITION_SHAPE ( 'NONE', 'NONE',  #886 ) ;
#2032 = CARTESIAN_POINT ( 'NONE',  ( -3.474516600406095890, -55.81249999999999289, 2.474516600406096778 ) ) ;
#2033 = VERTEX_POINT ( 'NONE', #1855 ) ;
#2034 = CARTESIAN_POINT ( 'NONE',  ( -2.141265870269443372, -54.99999999999999289, 7.000000000000000888 ) ) ;
#2035 = CARTESIAN_POINT ( 'NONE',  ( 11.15000000000000036, -34.99999999999997868, 3.199999999999997513 ) ) ;
#2036 = CARTESIAN_POINT ( 'NONE',  ( -13.58810118749999774, -53.18750000204839523, 9.314667299775697629 ) ) ;
#2037 = VERTEX_POINT ( 'NONE', #2842 ) ;
#2038 =( BOUNDED_CURVE ( )  B_SPLINE_CURVE ( 2, ( #3787, #622, #1879, #3924, #1959, #1315, #2908, #990, #2258 ),
 .UNSPECIFIED., .F., .T. ) 
 B_SPLINE_CURVE_WITH_KNOTS ( ( 3, 2, 2, 2, 3 ),
 ( 0.3918170180604718111, 0.4198039179365213869, 0.4477908457989561719, 0.4757777736613909014, 0.5037647257382026345 ),
 .UNSPECIFIED. ) 
 CURVE ( )  GEOMETRIC_REPRESENTATION_ITEM ( )  RATIONAL_B_SPLINE_CURVE ( ( 1.000000000000000000, 0.9238795325112867385, 1.000000000000000000, 0.9238795325112867385, 1.000000000000000000, 0.9238795325112867385, 1.000000000000000000, 0.9238795325112867385, 1.000000000000000000 ) ) 
 REPRESENTATION_ITEM ( '' )  );
#2039 = VECTOR ( 'NONE', #721, 1000.000000000000000 ) ;
#2040 = DIRECTION ( 'NONE',  ( 0.000000000000000000, -1.000000000000000000, 0.000000000000000000 ) ) ;
#2041 = CARTESIAN_POINT ( 'NONE',  ( -8.000000000000001776, -51.03125000204838102, 12.58810118750000129 ) ) ;
#2042 = AXIS2_PLACEMENT_3D ( 'NONE', #3188, #2604, #2937 ) ;
#2043 = CARTESIAN_POINT ( 'NONE',  ( -8.000000000000000000, -51.12499999999999289, 0.6000000000000007550 ) ) ;
#2044 = VERTEX_POINT ( 'NONE', #649 ) ;
#2045 = VECTOR ( 'NONE', #3473, 1000.000000000000000 ) ;
#2046 = CIRCLE ( 'NONE', #1371, 3.700000000000000178 ) ;
#2047 = ORIENTED_EDGE ( 'NONE', *, *, #3784, .T. ) ;
#2048 = CARTESIAN_POINT ( 'NONE',  ( 0.000000000000000000, 19.83287240715365840, 6.123233995736772199E-17 ) ) ;
#2049 = EDGE_CURVE ( 'NONE', #125, #2990, #3798, .T. ) ;
#2050 = CARTESIAN_POINT ( 'NONE',  ( -2.411898812500000044, -52.25000000204838102, 9.314667299775702958 ) ) ;
#2051 = CARTESIAN_POINT ( 'NONE',  ( -14.40000000000000036, -53.84374999999999289, 4.349033200812192135 ) ) ;
#2052 = VERTEX_POINT ( 'NONE', #10 ) ;
#2053 = CYLINDRICAL_SURFACE ( 'NONE', #3243, 1.000000000000004441 ) ;
#2054 = EDGE_CURVE ( 'NONE', #2167, #2308, #3906, .T. ) ;
#2055 = CARTESIAN_POINT ( 'NONE',  ( -23.40312423743284143, -37.00000000000000000, 9.107295601900706216E-15 ) ) ;
#2056 = CARTESIAN_POINT ( 'NONE',  ( -13.06648974194963131, -55.00000000000000000, 10.62611085049580062 ) ) ;
#2057 = CARTESIAN_POINT ( 'NONE',  ( -2.411898812500001377, -51.12500000204838813, 9.314667299775702958 ) ) ;
#2058 = ORIENTED_EDGE ( 'NONE', *, *, #2746, .T. ) ;
#2059 = FACE_OUTER_BOUND ( 'NONE', #2174, .T. ) ;
#2060 = CARTESIAN_POINT ( 'NONE',  ( -2.005949406250000067, -54.99999999999999289, 7.000000000000000888 ) ) ;
#2061 = ADVANCED_FACE ( 'NONE', ( #3132 ), #25, .F. ) ;
#2062 = LINE ( 'NONE', #1427, #1194 ) ;
#2063 = ORIENTED_EDGE ( 'NONE', *, *, #1199, .T. ) ;
#2064 = DIRECTION ( 'NONE',  ( -0.000000000000000000, -0.000000000000000000, -1.000000000000000000 ) ) ;
#2065 = CARTESIAN_POINT ( 'NONE',  ( -10.31466729977569585, -50.18750000204838813, 1.411898812500001377 ) ) ;
#2066 = CARTESIAN_POINT ( 'NONE',  ( -8.000000000000001776, -54.03125000204838813, 12.58810118750000129 ) ) ;
#2067 = CARTESIAN_POINT ( 'NONE',  ( -1.999999999999999112, -42.02370210108668402, 0.000000000000000000 ) ) ;
#2068 = ORIENTED_EDGE ( 'NONE', *, *, #222, .F. ) ;
#2069 = CARTESIAN_POINT ( 'NONE',  ( 0.000000000000000000, 0.000000000000000000, 0.000000000000000000 ) ) ;
#2070 = CARTESIAN_POINT ( 'NONE',  ( -13.58810118750000129, -52.81250000204838102, 9.314667299775697629 ) ) ;
#2071 = CARTESIAN_POINT ( 'NONE',  ( -7.999996402997784806, -49.81250013130286902, 0.6000000000010118351 ) ) ;
#2072 = EDGE_CURVE ( 'NONE', #2687, #441, #1540, .T. ) ;
#2073 = VERTEX_POINT ( 'NONE', #3208 ) ;
#2074 = DIRECTION ( 'NONE',  ( 0.000000000000000000, -1.000000000000000000, 0.000000000000000000 ) ) ;
#2075 = CARTESIAN_POINT ( 'NONE',  ( -7.999996402997784806, -49.81250013130286902, 0.6000000000010118351 ) ) ;
#2076 = CARTESIAN_POINT ( 'NONE',  ( -8.000000000000001776, -53.37499999999999289, 13.40000000000000213 ) ) ;
#2077 = EDGE_CURVE ( 'NONE', #3319, #3853, #2826, .T. ) ;
#2078 = EDGE_LOOP ( 'NONE', ( #3676, #2205, #1723, #2582 ) ) ;
#2079 = CARTESIAN_POINT ( 'NONE',  ( -14.40000000000000036, -54.03125000409677625, 4.349033200812192135 ) ) ;
#2080 = CARTESIAN_POINT ( 'NONE',  ( -8.525067631210101027, -55.00000000000002132, 1.433652280573439297 ) ) ;
#2081 = CARTESIAN_POINT ( 'NONE',  ( -13.58810118749999951, -54.78125000204838813, 7.000000000000000000 ) ) ;
#2082 = ORIENTED_EDGE ( 'NONE', *, *, #1922, .F. ) ;
#2083 = LINE ( 'NONE', #1518, #2086 ) ;
#2084 = EDGE_CURVE ( 'NONE', #3536, #146, #978, .T. ) ;
#2085 = ORIENTED_EDGE ( 'NONE', *, *, #1257, .T. ) ;
#2086 = VECTOR ( 'NONE', #4086, 1000.000000000000000 ) ;
#2087 = CARTESIAN_POINT ( 'NONE',  ( -5.685332700224303260, -48.87500000204838813, 1.411898812500001377 ) ) ;
#2088 = CARTESIAN_POINT ( 'NONE',  ( -8.000000000000000000, -51.78125000204838102, 1.411898812500001377 ) ) ;
#2089 = EDGE_LOOP ( 'NONE', ( #623, #1321, #2839, #1685 ) ) ;
#2090 = ORIENTED_EDGE ( 'NONE', *, *, #1168, .T. ) ;
#2091 = VECTOR ( 'NONE', #301, 1000.000000000000000 ) ;
#2092 = DIRECTION ( 'NONE',  ( 0.000000000000000000, 1.424043166158921928E-51, -1.000000000000000000 ) ) ;
#2093 = CARTESIAN_POINT ( 'NONE',  ( -2.411898812500000044, -50.75000000204838813, 9.314667299775702958 ) ) ;
#2094 = DIRECTION ( 'NONE',  ( -0.000000000000000000, -0.000000000000000000, 1.000000000000000000 ) ) ;
#2095 = EDGE_LOOP ( 'NONE', ( #1857, #2910, #2871, #2777 ) ) ;
#2096 = LINE ( 'NONE', #206, #2276 ) ;
#2097 = CARTESIAN_POINT ( 'NONE',  ( -12.74852264394504786, -49.29999999999992610, 11.22442813469029410 ) ) ;
#2098 = VECTOR ( 'NONE', #692, 1000.000000000000000 ) ;
#2099 = CARTESIAN_POINT ( 'NONE',  ( -5.349033200812190358, -54.21874999999999289, 0.6000000000000007550 ) ) ;
#2100 = ORIENTED_EDGE ( 'NONE', *, *, #1490, .T. ) ;
#2101 = CARTESIAN_POINT ( 'NONE',  ( -19.49999999999999645, -54.99999999999999289, -1.299999999999992939 ) ) ;
#2102 = CARTESIAN_POINT ( 'NONE',  ( -5.504450496184232655, -55.00000000000000711, 1.986780719098021564 ) ) ;
#2103 = DIRECTION ( 'NONE',  ( 0.000000000000000000, -1.000000000000000000, 0.000000000000000000 ) ) ;
#2104 = EDGE_CURVE ( 'NONE', #3888, #2990, #338, .T. ) ;
#2105 = ORIENTED_EDGE ( 'NONE', *, *, #1029, .T. ) ;
#2106 = FACE_OUTER_BOUND ( 'NONE', #2259, .T. ) ;
#2107 = ORIENTED_EDGE ( 'NONE', *, *, #2921, .F. ) ;
#2108 = CARTESIAN_POINT ( 'NONE',  ( -2.411898812500001377, -50.75000000204838813, 9.314667299775702958 ) ) ;
#2109 = CARTESIAN_POINT ( 'NONE',  ( -13.58810118749999774, -49.81250000204838813, 9.314667299775697629 ) ) ;
#2110 = LINE ( 'NONE', #1727, #391 ) ;
#2111 = CIRCLE ( 'NONE', #1365, 0.3499999999999996447 ) ;
#2112 = EDGE_CURVE ( 'NONE', #924, #1344, #1286, .T. ) ;
#2113 = VECTOR ( 'NONE', #2566, 1000.000000000000000 ) ;
#2114 = VERTEX_POINT ( 'NONE', #1890 ) ;
#2115 = CARTESIAN_POINT ( 'NONE',  ( -6.699999999999999289, -37.00000000000000000, 2.053912595556543891E-13 ) ) ;
#2116 = DIRECTION ( 'NONE',  ( -0.000000000000000000, -0.000000000000000000, 1.000000000000000000 ) ) ;
#2117 = AXIS2_PLACEMENT_3D ( 'NONE', #1001, #1343, #1596 ) ;
#2118 = VERTEX_POINT ( 'NONE', #3466 ) ;
#2119 = AXIS2_PLACEMENT_3D ( 'NONE', #1702, #531, #1789 ) ;
#2120 = CARTESIAN_POINT ( 'NONE',  ( 7.922217245671898667, 40.86882393736262742, 2.299999999999996270 ) ) ;
#2121 = LINE ( 'NONE', #2522, #2715 ) ;
#2122 = CARTESIAN_POINT ( 'NONE',  ( -1.600000000000001865, -53.09375000000000711, 9.650966799187814971 ) ) ;
#2123 = ORIENTED_EDGE ( 'NONE', *, *, #3298, .T. ) ;
#2124 = CARTESIAN_POINT ( 'NONE',  ( -16.50000000000001421, 54.30000000000000426, -3.000000000000000000 ) ) ;
#2125 = VECTOR ( 'NONE', #3751, 1000.000000000000000 ) ;
#2126 = DIRECTION ( 'NONE',  ( 1.000000000000000000, 0.000000000000000000, 0.000000000000000000 ) ) ;
#2127 = LINE ( 'NONE', #1264, #2125 ) ;
#2128 = EDGE_LOOP ( 'NONE', ( #1460, #1089, #2710, #645, #3043, #2621 ) ) ;
#2129 = CARTESIAN_POINT ( 'NONE',  ( -8.000000000000000000, -49.29999999999999716, 0.6000000000000007550 ) ) ;
#2130 = CARTESIAN_POINT ( 'NONE',  ( -7.999997598075171190, -52.06243057869298951, 13.39999999999906422 ) ) ;
#2131 = ORIENTED_EDGE ( 'NONE', *, *, #3863, .F. ) ;
#2132 = EDGE_CURVE ( 'NONE', #1496, #2393, #1231, .T. ) ;
#2133 = CARTESIAN_POINT ( 'NONE',  ( -5.685332700224303260, -50.75000000204838813, 1.411898812500001377 ) ) ;
#2134 = DIRECTION ( 'NONE',  ( -4.525365589504707780E-15, 1.000000000000000000, 0.000000000000000000 ) ) ;
#2135 = ORIENTED_EDGE ( 'NONE', *, *, #1566, .T. ) ;
#2136 = ADVANCED_FACE ( 'NONE', ( #1252 ), #3165, .T. ) ;
#2137 = ORIENTED_EDGE ( 'NONE', *, *, #1895, .T. ) ;
#2138 = LINE ( 'NONE', #558, #1552 ) ;
#2139 = PLANE ( 'NONE',  #1443 ) ;
#2140 = CARTESIAN_POINT ( 'NONE',  ( 15.99999999999999645, -18.79999999999998295, 1.500000000000001776 ) ) ;
#2141 = EDGE_CURVE ( 'NONE', #3000, #584, #3710, .T. ) ;
#2142 = EDGE_LOOP ( 'NONE', ( #3518, #1542, #1474, #829 ) ) ;
#2143 = DIRECTION ( 'NONE',  ( -1.000000000000000000, -3.697027429032479173E-18, 3.851859888774471706E-34 ) ) ;
#2144 = CARTESIAN_POINT ( 'NONE',  ( -6.699999999999999289, -36.99999999999997158, 5.000000000000000000 ) ) ;
#2145 = CARTESIAN_POINT ( 'NONE',  ( -10.65096679918780787, -51.03124999999998579, 0.6000000000000007550 ) ) ;
#2146 = ORIENTED_EDGE ( 'NONE', *, *, #3941, .T. ) ;
#2147 = DIRECTION ( 'NONE',  ( -0.000000000000000000, -0.000000000000000000, -1.000000000000000000 ) ) ;
#2148 = DIRECTION ( 'NONE',  ( 0.000000000000000000, 0.000000000000000000, -1.000000000000000000 ) ) ;
#2149 = EDGE_LOOP ( 'NONE', ( #2330, #1117, #2805, #3275 ) ) ;
#2150 = SURFACE_STYLE_USAGE ( .BOTH. , #507 ) ;
#2151 = CARTESIAN_POINT ( 'NONE',  ( -17.00000000000000000, -7.819999999999992291, 4.610000000000001208 ) ) ;
#2152 = VERTEX_POINT ( 'NONE', #2880 ) ;
#2153 =( NAMED_UNIT ( * ) PLANE_ANGLE_UNIT ( ) SI_UNIT ( $, .RADIAN. ) );
#2154 = CARTESIAN_POINT ( 'NONE',  ( -5.685332700224303260, -50.93750000204839523, 12.58810118749999951 ) ) ;
#2155 = CARTESIAN_POINT ( 'NONE',  ( -8.000000000000000000, -49.29999999999999716, 13.40000000000000213 ) ) ;
#2156 = EDGE_CURVE ( 'NONE', #1755, #592, #1132, .T. ) ;
#2157 = VERTEX_POINT ( 'NONE', #3246 ) ;
#2158 = CARTESIAN_POINT ( 'NONE',  ( -6.699999999999999289, -18.79999999999998295, 4.610000000000001208 ) ) ;
#2159 = VECTOR ( 'NONE', #988, 1000.000000000000114 ) ;
#2160 = CARTESIAN_POINT ( 'NONE',  ( 1.149999999999999023, -34.99999999999997868, 3.199999999999997513 ) ) ;
#2161 = ADVANCED_FACE ( 'NONE', ( #2245, #100 ), #648, .T. ) ;
#2162 = ORIENTED_EDGE ( 'NONE', *, *, #1414, .F. ) ;
#2163 = DIRECTION ( 'NONE',  ( 1.000000000000000000, 0.000000000000000000, -0.000000000000000000 ) ) ;
#2164 = CARTESIAN_POINT ( 'NONE',  ( -14.40000000000000036, -53.93750000409676915, 7.000000000000000000 ) ) ;
#2165 = EDGE_CURVE ( 'NONE', #1866, #1944, #1017, .T. ) ;
#2166 = CARTESIAN_POINT ( 'NONE',  ( 18.80000000000000426, -54.99999999999999289, -2.000000000000000000 ) ) ;
#2167 = VERTEX_POINT ( 'NONE', #3519 ) ;
#2168 = DIRECTION ( 'NONE',  ( -1.360661377876250369E-16, 1.000000000000000000, 0.000000000000000000 ) ) ;
#2169 = LINE ( 'NONE', #995, #661 ) ;
#2170 = AXIS2_PLACEMENT_3D ( 'NONE', #3544, #341, #1367 ) ;
#2171 = ORIENTED_EDGE ( 'NONE', *, *, #2700, .F. ) ;
#2172 = SURFACE_STYLE_FILL_AREA ( #3418 ) ;
#2173 = CARTESIAN_POINT ( 'NONE',  ( -5.349033200812217892, -52.71875000000000000, 0.5999999999999735545 ) ) ;
#2174 = EDGE_LOOP ( 'NONE', ( #2744, #2135, #3357, #996 ) ) ;
#2175 = CARTESIAN_POINT ( 'NONE',  ( -11.95138424363784857, -50.46875000204838102, 3.048615756362151874 ) ) ;
#2176 = CARTESIAN_POINT ( 'NONE',  ( -3.677767937886354144, -49.32250809879047182, 10.58053642516205350 ) ) ;
#2177 = CYLINDRICAL_SURFACE ( 'NONE', #322, 6.400000000000000355 ) ;
#2178 = ORIENTED_EDGE ( 'NONE', *, *, #3718, .T. ) ;
#2179 = LINE ( 'NONE', #3697, #2767 ) ;
#2180 = CIRCLE ( 'NONE', #1503, 0.3499999999999996447 ) ;
#2181 = EDGE_CURVE ( 'NONE', #3780, #4005, #42, .T. ) ;
#2182 = DIRECTION ( 'NONE',  ( 1.000000000000000000, 2.102695122396129916E-16, 0.000000000000000000 ) ) ;
#2183 = CARTESIAN_POINT ( 'NONE',  ( -12.52548339959390411, -54.12500000409676915, 2.474516600406096778 ) ) ;
#2184 = DIRECTION ( 'NONE',  ( 0.000000000000000000, 0.000000000000000000, 1.000000000000000000 ) ) ;
#2185 = VECTOR ( 'NONE', #413, 1000.000000000000000 ) ;
#2186 = AXIS2_PLACEMENT_3D ( 'NONE', #1714, #789, #3928 ) ;
#2187 = ORIENTED_EDGE ( 'NONE', *, *, #2926, .T. ) ;
#2188 = EDGE_CURVE ( 'NONE', #3520, #6, #615, .T. ) ;
#2189 = DIRECTION ( 'NONE',  ( 0.000000000000000000, -1.000000000000000000, 0.000000000000000000 ) ) ;
#2190 = CARTESIAN_POINT ( 'NONE',  ( -11.95138424363785035, -51.59375000204838102, 10.95138424363784857 ) ) ;
#2191 = AXIS2_PLACEMENT_3D ( 'NONE', #3133, #1558, #3481 ) ;
#2192 = VERTEX_POINT ( 'NONE', #376 ) ;
#2193 = LINE ( 'NONE', #3143, #2456 ) ;
#2194 = VERTEX_POINT ( 'NONE', #2225 ) ;
#2195 = CARTESIAN_POINT ( 'NONE',  ( -4.048615756362151430, -50.84375000204838102, 3.048615756362151874 ) ) ;
#2196 = CARTESIAN_POINT ( 'NONE',  ( -6.699999999999999289, 0.000000000000000000, 3.000000000000000000 ) ) ;
#2197 = CARTESIAN_POINT ( 'NONE',  ( 7.922217245671898667, 40.86882393736262031, 23.36881416978414805 ) ) ;
#2198 = DIRECTION ( 'NONE',  ( 5.551115123125780237E-17, -1.942890293094050570E-16, 1.000000000000000000 ) ) ;
#2199 = DIRECTION ( 'NONE',  ( 1.000000000000000000, 0.000000000000000000, 0.000000000000000000 ) ) ;
#2200 = FACE_OUTER_BOUND ( 'NONE', #1906, .T. ) ;
#2201 = DIRECTION ( 'NONE',  ( 0.000000000000000000, 1.000000000000000000, -0.000000000000000000 ) ) ;
#2202 = ORIENTED_EDGE ( 'NONE', *, *, #4095, .F. ) ;
#2203 = CARTESIAN_POINT ( 'NONE',  ( -17.00000000000000000, -5.820000000000019824, 3.230749001659223203E-14 ) ) ;
#2204 = CARTESIAN_POINT ( 'NONE',  ( -2.411898812500000489, -52.53125000204838102, 7.000000000000000888 ) ) ;
#2205 = ORIENTED_EDGE ( 'NONE', *, *, #1063, .F. ) ;
#2206 = ADVANCED_FACE ( 'NONE', ( #1968 ), #670, .F. ) ;
#2207 = CARTESIAN_POINT ( 'NONE',  ( -13.58810118749999951, -54.68750000204838813, 9.314667299775697629 ) ) ;
#2208 = ORIENTED_EDGE ( 'NONE', *, *, #3097, .F. ) ;
#2209 = CARTESIAN_POINT ( 'NONE',  ( 1.149999999999999023, -34.99999999999997868, 1.499999999999997558 ) ) ;
#2210 = CARTESIAN_POINT ( 'NONE',  ( -4.263801190530221774, -49.30000000000002558, 2.828504490320153941 ) ) ;
#2211 = CARTESIAN_POINT ( 'NONE',  ( 0.000000000000000000, 54.19999999999998153, 5.000000000000000000 ) ) ;
#2212 = ADVANCED_FACE ( 'NONE', ( #1322 ), #3225, .T. ) ;
#2213 = PLANE ( 'NONE',  #3963 ) ;
#2214 = DIRECTION ( 'NONE',  ( 0.000000000000000000, 0.000000000000000000, -1.000000000000000000 ) ) ;
#2215 = CARTESIAN_POINT ( 'NONE',  ( 11.15000000000000036, -34.99999999999997868, 1.499999999999997558 ) ) ;
#2216 = CARTESIAN_POINT ( 'NONE',  ( -8.000000000000001776, -49.06250000409677625, 13.40000000000000213 ) ) ;
#2217 = VECTOR ( 'NONE', #30, 1000.000000000000000 ) ;
#2218 = CARTESIAN_POINT ( 'NONE',  ( -14.25516381440787228, -49.29999999999999716, 5.646144152827801577 ) ) ;
#2219 = ORIENTED_EDGE ( 'NONE', *, *, #2477, .F. ) ;
#2220 = CARTESIAN_POINT ( 'NONE',  ( -6.699999999999999289, -7.819999999999992291, 4.610000000000001208 ) ) ;
#2221 = CARTESIAN_POINT ( 'NONE',  ( -13.97773245841216117, -54.99999999999997158, 7.096092749072084871 ) ) ;
#2222 = VERTEX_POINT ( 'NONE', #1654 ) ;
#2223 = LINE ( 'NONE', #4087, #2723 ) ;
#2224 = EDGE_LOOP ( 'NONE', ( #3808, #3288, #3970, #2515 ) ) ;
#2225 = CARTESIAN_POINT ( 'NONE',  ( 16.49999999999998934, 52.50000000000000711, 5.000000000000000000 ) ) ;
#2226 = EDGE_CURVE ( 'NONE', #1612, #957, #2790, .T. ) ;
#2227 = CARTESIAN_POINT ( 'NONE',  ( -18.80000000000001847, 51.99999999999999289, -2.000000000000000000 ) ) ;
#2228 = CARTESIAN_POINT ( 'NONE',  ( -5.179782754328102534, 40.86882393736287611, 23.36881416978414805 ) ) ;
#2229 = EDGE_CURVE ( 'NONE', #2714, #3336, #1594, .T. ) ;
#2230 = DIRECTION ( 'NONE',  ( -4.525365589504707780E-15, 1.000000000000000000, 0.000000000000000000 ) ) ;
#2231 = FACE_BOUND ( 'NONE', #3828, .T. ) ;
#2232 = CARTESIAN_POINT ( 'NONE',  ( -3.474516600406096778, -51.87500000409676915, 11.52548339959390589 ) ) ;
#2233 = VECTOR ( 'NONE', #2345, 1000.000000000000000 ) ;
#2234 = DIRECTION ( 'NONE',  ( 0.000000000000000000, -1.000000000000000000, 0.000000000000000000 ) ) ;
#2235 = VECTOR ( 'NONE', #2292, 1000.000000000000000 ) ;
#2236 = ORIENTED_EDGE ( 'NONE', *, *, #1560, .T. ) ;
#2237 = LINE ( 'NONE', #2890, #2850 ) ;
#2238 = VECTOR ( 'NONE', #2064, 1000.000000000000000 ) ;
#2239 = LINE ( 'NONE', #2302, #2984 ) ;
#2240 = ORIENTED_EDGE ( 'NONE', *, *, #2271, .T. ) ;
#2241 = AXIS2_PLACEMENT_3D ( 'NONE', #2300, #723, #1263 ) ;
#2242 = VECTOR ( 'NONE', #2563, 1000.000000000000000 ) ;
#2243 = CARTESIAN_POINT ( 'NONE',  ( 2.772770571774359071E-17, -18.79999999999998295, -1.068032374619191342E-50 ) ) ;
#2244 = ORIENTED_EDGE ( 'NONE', *, *, #4, .T. ) ;
#2245 = FACE_BOUND ( 'NONE', #2446, .T. ) ;
#2246 = VERTEX_POINT ( 'NONE', #3891 ) ;
#2247 = VECTOR ( 'NONE', #1673, 1000.000000000000000 ) ;
#2248 = PRODUCT_DEFINITION_FORMATION_WITH_SPECIFIED_SOURCE ( 'ANY', '', #1105, .NOT_KNOWN. ) ;
#2249 = CARTESIAN_POINT ( 'NONE',  ( 15.99999999999999645, -3.799999999999983835, 9.107298248878237246E-15 ) ) ;
#2250 = DIRECTION ( 'NONE',  ( 0.000000000000000000, 1.000000000000000000, -0.000000000000000000 ) ) ;
#2251 = CARTESIAN_POINT ( 'NONE',  ( -12.52548339959390589, -52.06249999999999289, 11.52548339959390589 ) ) ;
#2252 = EDGE_CURVE ( 'NONE', #2936, #3161, #2382, .T. ) ;
#2253 = CARTESIAN_POINT ( 'NONE',  ( 16.99999999999999645, 52.00000000000000711, 0.000000000000000000 ) ) ;
#2254 = EDGE_CURVE ( 'NONE', #2114, #3520, #3771, .T. ) ;
#2255 = VERTEX_POINT ( 'NONE', #3667 ) ;
#2256 = DIRECTION ( 'NONE',  ( -0.000000000000000000, -0.000000000000000000, 1.000000000000000000 ) ) ;
#2257 = CARTESIAN_POINT ( 'NONE',  ( -2.411898812499999600, -55.15625000204838813, 7.000000000000000888 ) ) ;
#2258 = CARTESIAN_POINT ( 'NONE',  ( -8.000004241605722655, -51.31249995430538036, 0.6000000000014062973 ) ) ;
#2259 = EDGE_LOOP ( 'NONE', ( #2277, #3295, #1143, #3540 ) ) ;
#2260 = CARTESIAN_POINT ( 'NONE',  ( -8.000000000000000000, -49.29999999999999716, 7.000000000000000888 ) ) ;
#2261 = CARTESIAN_POINT ( 'NONE',  ( -6.699999999999999289, -5.820000000000019824, 3.230749001659223203E-14 ) ) ;
#2262 = ORIENTED_EDGE ( 'NONE', *, *, #343, .T. ) ;
#2263 = CARTESIAN_POINT ( 'NONE',  ( -10.31466729977569585, -55.06250000204838813, 1.411898812500001377 ) ) ;
#2264 = VERTEX_POINT ( 'NONE', #3686 ) ;
#2265 = CARTESIAN_POINT ( 'NONE',  ( 1.149999999999999023, 14.40000000000000391, 9.107298248878237246E-15 ) ) ;
#2266 = VERTEX_POINT ( 'NONE', #2352 ) ;
#2267 = CARTESIAN_POINT ( 'NONE',  ( -5.349033200812170818, -51.78124999999999289, 13.39999999999998259 ) ) ;
#2268 = ORIENTED_EDGE ( 'NONE', *, *, #430, .F. ) ;
#2269 = LINE ( 'NONE', #3543, #1957 ) ;
#2270 = DIRECTION ( 'NONE',  ( -0.000000000000000000, 0.000000000000000000, -1.000000000000000000 ) ) ;
#2271 = EDGE_CURVE ( 'NONE', #1631, #34, #2647, .T. ) ;
#2272 = DIRECTION ( 'NONE',  ( 1.000000000000000000, 0.000000000000000000, 0.000000000000000000 ) ) ;
#2273 = EDGE_CURVE ( 'NONE', #2754, #62, #2974, .T. ) ;
#2274 = CARTESIAN_POINT ( 'NONE',  ( -8.000000000000000000, -48.31250000409677625, 0.6000000000000007550 ) ) ;
#2275 = DIRECTION ( 'NONE',  ( 0.000000000000000000, 1.000000000000000000, 0.000000000000000000 ) ) ;
#2276 = VECTOR ( 'NONE', #1466, 1000.000000000000000 ) ;
#2277 = ORIENTED_EDGE ( 'NONE', *, *, #3832, .T. ) ;
#2278 = FACE_OUTER_BOUND ( 'NONE', #2771, .T. ) ;
#2279 = CARTESIAN_POINT ( 'NONE',  ( -8.000000346225398573, -52.81249999185290989, 0.6000000000000101918 ) ) ;
#2280 = VECTOR ( 'NONE', #1645, 1000.000000000000000 ) ;
#2281 = ORIENTED_EDGE ( 'NONE', *, *, #1109, .T. ) ;
#2282 = CARTESIAN_POINT ( 'NONE',  ( -8.000000000000001776, -49.90625000204838813, 12.58810118750000129 ) ) ;
#2283 = AXIS2_PLACEMENT_3D ( 'NONE', #3818, #3581, #1599 ) ;
#2284 = ORIENTED_EDGE ( 'NONE', *, *, #1402, .F. ) ;
#2285 = AXIS2_PLACEMENT_3D ( 'NONE', #1201, #601, #912 ) ;
#2286 = CARTESIAN_POINT ( 'NONE',  ( -3.474516600406095890, -53.00000000409676915, 2.474516600406096778 ) ) ;
#2287 = ORIENTED_EDGE ( 'NONE', *, *, #3832, .F. ) ;
#2288 = PLANE ( 'NONE',  #2117 ) ;
#2289 = ORIENTED_EDGE ( 'NONE', *, *, #1276, .T. ) ;
#2290 = DIRECTION ( 'NONE',  ( -1.284148034404965108E-16, 1.000000000000000000, 0.000000000000000000 ) ) ;
#2291 = CARTESIAN_POINT ( 'NONE',  ( -4.048615756362151430, -53.46875000204838813, 3.048615756362151874 ) ) ;
#2292 = DIRECTION ( 'NONE',  ( -0.000000000000000000, -0.000000000000000000, -1.000000000000000000 ) ) ;
#2293 = MECHANICAL_DESIGN_GEOMETRIC_PRESENTATION_REPRESENTATION (  '', ( #2702 ), #3031 ) ;
#2294 = ORIENTED_EDGE ( 'NONE', *, *, #3860, .T. ) ;
#2295 = CYLINDRICAL_SURFACE ( 'NONE', #3546, 0.5000000000000073275 ) ;
#2296 = CARTESIAN_POINT ( 'NONE',  ( -3.474516600406095890, -51.50000000409676915, 2.474516600406096778 ) ) ;
#2297 = DIRECTION ( 'NONE',  ( -1.000000000000000000, -3.697027429032479173E-18, 3.851859888774471706E-34 ) ) ;
#2298 = EDGE_CURVE ( 'NONE', #1154, #1755, #345, .T. ) ;
#2299 = ORIENTED_EDGE ( 'NONE', *, *, #916, .T. ) ;
#2300 = CARTESIAN_POINT ( 'NONE',  ( -18.69999999999998153, -2.359223927328455676E-15, 5.000000000000000000 ) ) ;
#2301 = VECTOR ( 'NONE', #1137, 1000.000000000000000 ) ;
#2302 = CARTESIAN_POINT ( 'NONE',  ( -3.699999999999998401, -3.799999999999983835, 1.500000000000001776 ) ) ;
#2303 = ORIENTED_EDGE ( 'NONE', *, *, #38, .T. ) ;
#2304 =( BOUNDED_SURFACE ( )  B_SPLINE_SURFACE ( 1, 2, ( 
 ( #40, #3852, #997, #2509, #3222, #2263, #686, #292, #1945, #2207, #1536, #3772, #1555, #3477, #1716, #2305, #1669, #2350, #3930, #725, #1629, #3951, #1320, #2994, #1965, #145, #1075, #1403, #78, #1359, #1098, #2643, #1056, #1652, #2666, #416, #766, #3596, #1015, #3578, #2686, #2373, #1989, #3642, #3618, #704, #792, #2057, #3283, #2329, #374, #3909, #2916, #58, #744, #2009, #1033, #396, #3244, #436, #2282, #1690, #2935, #1339, #458, #2971, #2622, #3555, #3263, #2602, #3869, #124, #3889, #2952, #98 ),
 ( #3306, #1382, #2032, #2415, #229, #2732, #900, #3061, #2398, #1423, #3100, #250, #3080, #3037, #546, #2709, #186, #1160, #208, #2099, #2800, #1802, #1738, #3726, #1142, #1510, #4063, #3747, #2076, #1207, #3975, #2122, #1488, #1447, #2775, #3015, #2437, #2484, #3392, #3998, #4018, #855, #1183, #3413, #477, #3330, #4039, #2462, #3665, #880, #3683, #165, #833, #2145, #522, #566, #3369, #1783, #1822, #1122, #1469, #812, #3349, #500, #1757, #2753, #3702, #2870, #1923, #1861, #3157, #1602, #306, #2853, #3456 ) ),
 .UNSPECIFIED., .F., .F., .F. ) 
 B_SPLINE_SURFACE_WITH_KNOTS ( ( 2, 2 ),
 ( 3, 2, 2, 2, 2, 2, 2, 2, 2, 2, 2, 2, 2, 2, 2, 2, 2, 2, 2, 2, 2, 2, 2, 2, 2, 2, 2, 2, 2, 2, 2, 2, 2, 2, 2, 2, 2, 3 ),
 ( 0.000000000000000000, 1.000000000000000000 ),
 ( 0.000000000000000000, 0.02500000000000000139, 0.05000000000000000278, 0.07499999999999999722, 0.1000000000000000056, 0.1250000000000000000, 0.1499999999999999944, 0.1749999999999999889, 0.2000000000000000111, 0.2250000000000000056, 0.2500000000000000000, 0.2750000000000000222, 0.2999999999999999889, 0.3250000000000000111, 0.3499999999999999778, 0.3750000000000000000, 0.4000000000000000222, 0.4249999999999999889, 0.4500000000000000111, 0.4749999999999999778, 0.5000000000000000000, 0.5250000000000000222, 0.5500000000000000444, 0.5749999999999999556, 0.5999999999999999778, 0.6250000000000000000, 0.6500000000000000222, 0.6750000000000000444, 0.6999999999999999556, 0.7249999999999999778, 0.7500000000000000000, 0.7750000000000000222, 0.8000000000000000444, 0.8249999999999999556, 0.8499999999999999778, 0.8750000000000000000, 0.8932741813849550683, 0.9022069231988045779 ),
 .UNSPECIFIED. ) 
 GEOMETRIC_REPRESENTATION_ITEM ( )  RATIONAL_B_SPLINE_SURFACE ( (
 ( 1.000000000000000000, 0.9238795325112867385, 1.000000000000000000, 0.9238795325112867385, 1.000000000000000000, 0.9238795325112867385, 1.000000000000000000, 0.9238795325112867385, 1.000000000000000000, 0.9238795325112867385, 1.000000000000000000, 0.9238795325112867385, 1.000000000000000000, 0.9238795325112867385, 1.000000000000000000, 0.9238795325112867385, 1.000000000000000000, 0.9238795325112867385, 1.000000000000000000, 0.9238795325112867385, 1.000000000000000000, 0.9238795325112867385, 1.000000000000000000, 0.9238795325112867385, 1.000000000000000000, 0.9238795325112867385, 1.000000000000000000, 0.9238795325112867385, 1.000000000000000000, 0.9238795325112867385, 1.000000000000000000, 0.9238795325112867385, 1.000000000000000000, 0.9238795325112867385, 1.000000000000000000, 0.9238795325112867385, 1.000000000000000000, 0.9238795325112867385, 1.000000000000000000, 0.9238795325112867385, 1.000000000000000000, 0.9238795325112867385, 1.000000000000000000, 0.9238795325112867385, 1.000000000000000000, 0.9238795325112867385, 1.000000000000000000, 0.9238795325112867385, 1.000000000000000000, 0.9238795325112867385, 1.000000000000000000, 0.9238795325112867385, 1.000000000000000000, 0.9238795325112867385, 1.000000000000000000, 0.9238795325112867385, 1.000000000000000000, 0.9238795325112867385, 1.000000000000000000, 0.9238795325112867385, 1.000000000000000000, 0.9238795325112867385, 1.000000000000000000, 0.9238795325112867385, 1.000000000000000000, 0.9238795325112867385, 1.000000000000000000, 0.9238795325112867385, 1.000000000000000000, 0.9238795325112867385, 1.000000000000000000, 0.9443584308001471417, 0.9700611918484255414, 0.9700611918484255414, 0.9700611918484255414),
 ( 1.000000000000000000, 0.9238795325112867385, 1.000000000000000000, 0.9238795325112867385, 1.000000000000000000, 0.9238795325112867385, 1.000000000000000000, 0.9238795325112867385, 1.000000000000000000, 0.9238795325112867385, 1.000000000000000000, 0.9238795325112867385, 1.000000000000000000, 0.9238795325112867385, 1.000000000000000000, 0.9238795325112867385, 1.000000000000000000, 0.9238795325112867385, 1.000000000000000000, 0.9238795325112867385, 1.000000000000000000, 0.9238795325112867385, 1.000000000000000000, 0.9238795325112867385, 1.000000000000000000, 0.9238795325112867385, 1.000000000000000000, 0.9238795325112867385, 1.000000000000000000, 0.9238795325112867385, 1.000000000000000000, 0.9238795325112867385, 1.000000000000000000, 0.9238795325112867385, 1.000000000000000000, 0.9238795325112867385, 1.000000000000000000, 0.9238795325112867385, 1.000000000000000000, 0.9238795325112867385, 1.000000000000000000, 0.9238795325112867385, 1.000000000000000000, 0.9238795325112867385, 1.000000000000000000, 0.9238795325112867385, 1.000000000000000000, 0.9238795325112867385, 1.000000000000000000, 0.9238795325112867385, 1.000000000000000000, 0.9238795325112867385, 1.000000000000000000, 0.9238795325112867385, 1.000000000000000000, 0.9238795325112867385, 1.000000000000000000, 0.9238795325112867385, 1.000000000000000000, 0.9238795325112867385, 1.000000000000000000, 0.9238795325112867385, 1.000000000000000000, 0.9238795325112867385, 1.000000000000000000, 0.9238795325112867385, 1.000000000000000000, 0.9238795325112867385, 1.000000000000000000, 0.9238795325112867385, 1.000000000000000000, 0.9443584308001471417, 0.9700611918484255414, 0.9700611918484255414, 0.9700611918484255414) ) ) 
 REPRESENTATION_ITEM ( '' )  SURFACE ( )  );
#2305 = CARTESIAN_POINT ( 'NONE',  ( -2.411898812500001377, -54.12500000204838813, 9.314667299775702958 ) ) ;
#2306 = VECTOR ( 'NONE', #2551, 1000.000000000000000 ) ;
#2307 = EDGE_CURVE ( 'NONE', #2313, #987, #1731, .T. ) ;
#2308 = VERTEX_POINT ( 'NONE', #2997 ) ;
#2309 = CARTESIAN_POINT ( 'NONE',  ( 10.07221724567190080, 40.86882393736262031, 0.000000000000000000 ) ) ;
#2310 = CARTESIAN_POINT ( 'NONE',  ( 1.149999999999999023, -36.99999999999997158, 3.199999999999997513 ) ) ;
#2311 = CARTESIAN_POINT ( 'NONE',  ( -16.50000000000001421, 54.30000000000001137, -2.000000000000000000 ) ) ;
#2312 = CIRCLE ( 'NONE', #1639, 1.999999999999999112 ) ;
#2313 = VERTEX_POINT ( 'NONE', #2034 ) ;
#2314 = CARTESIAN_POINT ( 'NONE',  ( -23.40312423743284143, -5.820000000000005613, 4.610000000000001208 ) ) ;
#2315 = EDGE_CURVE ( 'NONE', #2167, #2749, #3040, .T. ) ;
#2316 = VECTOR ( 'NONE', #3445, 1000.000000000000000 ) ;
#2317 = VECTOR ( 'NONE', #3399, 1000.000000000000000 ) ;
#2318 = CARTESIAN_POINT ( 'NONE',  ( -11.95138424363784857, -53.09375000204838102, 3.048615756362151874 ) ) ;
#2319 = CARTESIAN_POINT ( 'NONE',  ( 11.15000000000000036, 14.40000000000000391, 9.107298248878237246E-15 ) ) ;
#2320 = VECTOR ( 'NONE', #482, 1000.000000000000000 ) ;
#2321 = EDGE_LOOP ( 'NONE', ( #407, #1265, #1733, #3010 ) ) ;
#2322 = DIRECTION ( 'NONE',  ( 0.000000000000000000, 0.000000000000000000, -1.000000000000000000 ) ) ;
#2323 = CARTESIAN_POINT ( 'NONE',  ( -5.685332700224303260, -53.37500000204839523, 1.411898812500000489 ) ) ;
#2324 = CARTESIAN_POINT ( 'NONE',  ( 11.15000000000000036, -29.99999999999997868, 0.000000000000000000 ) ) ;
#2325 = ORIENTED_EDGE ( 'NONE', *, *, #3910, .F. ) ;
#2326 = CARTESIAN_POINT ( 'NONE',  ( -18.49999999999999645, -49.29999999999999716, 17.00000000000000355 ) ) ;
#2327 = CARTESIAN_POINT ( 'NONE',  ( -16.50000000000001066, 52.50000000000000711, 0.000000000000000000 ) ) ;
#2328 = CARTESIAN_POINT ( 'NONE',  ( -12.47839741114390399, -54.99999999999997158, 11.42246522326576930 ) ) ;
#2329 = CARTESIAN_POINT ( 'NONE',  ( -2.411898812500000044, -50.93750000204839523, 4.685332700224302371 ) ) ;
#2330 = ORIENTED_EDGE ( 'NONE', *, *, #1689, .F. ) ;
#2331 = CARTESIAN_POINT ( 'NONE',  ( -12.52548339959390411, -54.12500000409676915, 2.474516600406096778 ) ) ;
#2332 = DIRECTION ( 'NONE',  ( 2.465190328815664081E-32, 1.000000000000000000, 1.942890293094050570E-16 ) ) ;
#2333 = DIRECTION ( 'NONE',  ( 0.000000000000000000, 0.000000000000000000, 1.000000000000000000 ) ) ;
#2334 = EDGE_CURVE ( 'NONE', #1148, #2033, #3954, .T. ) ;
#2335 = VERTEX_POINT ( 'NONE', #3309 ) ;
#2336 =( BOUNDED_CURVE ( )  B_SPLINE_CURVE ( 2, ( #861, #2441, #440, #1451, #2081, #2691, #3353, #3956, #2736, #130, #504, #3311, #3647, #3019, #2670, #169, #4002, #770, #1147, #3287, #2420, #2036, #1787, #1102, #797, #3066, #212, #1473, #2204, #3396, #3807, #923, #1553, #2467, #3460, #1514, #309, #2487, #2190, #3438, #3474, #2837, #4101, #273, #903, #625, #1227, #587, #940, #3104, #3730, #1884, #1244, #3160, #1825, #3126, #1571, #1533, #2820, #3416, #290, #3084, #1210, #2529, #1493 ),
 .UNSPECIFIED., .F., .T. ) 
 B_SPLINE_CURVE_WITH_KNOTS ( ( 3, 2, 2, 2, 2, 2, 2, 2, 2, 2, 2, 2, 2, 2, 2, 2, 2, 2, 2, 2, 2, 2, 2, 2, 2, 2, 2, 2, 2, 2, 2, 2, 3 ),
 ( 0.07909219498069874899, 0.08396076794862573911, 0.1119476905981676429, 0.1399346132477095606, 0.1679215358972514505, 0.1959084585467933404, 0.2238953811963352580, 0.2518823038458771757, 0.2798692264954190656, 0.3078561491449610110, 0.3358430717945028454, 0.3638299944440447908, 0.3918169170935866807, 0.4198038397431286262, 0.4477907623926705716, 0.4757776850422124060, 0.5037646076917543514, 0.5317515303412961858, 0.5597384529908382422, 0.5877253756403800766, 0.6157122982899220220, 0.6436992209394638564, 0.6716861435890058019, 0.6996730662385476363, 0.7276599888880896927, 0.7556469115376316381, 0.7836338341871733615, 0.8116207568367153069, 0.8396076794862572523, 0.8675946021357991977, 0.8955815247853410321, 0.9235684474348828665, 0.9303064177988719097 ),
 .UNSPECIFIED. ) 
 CURVE ( )  GEOMETRIC_REPRESENTATION_ITEM ( )  RATIONAL_B_SPLINE_CURVE ( ( 0.9781234083980414606, 0.9867581707727490770, 1.000000000000000000, 0.9238795325112867385, 1.000000000000000000, 0.9238795325112867385, 1.000000000000000000, 0.9238795325112867385, 1.000000000000000000, 0.9238795325112867385, 1.000000000000000000, 0.9238795325112867385, 1.000000000000000000, 0.9238795325112867385, 1.000000000000000000, 0.9238795325112867385, 1.000000000000000000, 0.9238795325112867385, 1.000000000000000000, 0.9238795325112867385, 1.000000000000000000, 0.9238795325112867385, 1.000000000000000000, 0.9238795325112867385, 1.000000000000000000, 0.9238795325112867385, 1.000000000000000000, 0.9238795325112867385, 1.000000000000000000, 0.9238795325112867385, 1.000000000000000000, 0.9238795325112867385, 1.000000000000000000, 0.9238795325112867385, 1.000000000000000000, 0.9238795325112867385, 1.000000000000000000, 0.9238795325112867385, 1.000000000000000000, 0.9238795325112867385, 1.000000000000000000, 0.9238795325112867385, 1.000000000000000000, 0.9238795325112867385, 1.000000000000000000, 0.9238795325112867385, 1.000000000000000000, 0.9238795325112867385, 1.000000000000000000, 0.9238795325112867385, 1.000000000000000000, 0.9238795325112867385, 1.000000000000000000, 0.9238795325112867385, 1.000000000000000000, 0.9238795325112867385, 1.000000000000000000, 0.9238795325112867385, 1.000000000000000000, 0.9238795325112867385, 1.000000000000000000, 0.9238795325112867385, 1.000000000000000000, 0.9816736745066777514, 0.9721716302393474951 ) ) 
 REPRESENTATION_ITEM ( '' )  );
#2337 = LINE ( 'NONE', #732, #177 ) ;
#2338 = DIRECTION ( 'NONE',  ( 1.000000000000000000, 0.000000000000000000, 0.000000000000000000 ) ) ;
#2339 = B_SPLINE_CURVE_WITH_KNOTS ( 'NONE', 1,
 ( #2778, #586 ),
 .UNSPECIFIED., .F., .F.,
 ( 2, 2 ),
 ( 0.000000000000000000, 0.6666666608401325966 ),
 .UNSPECIFIED. ) ;
#2340 = DIRECTION ( 'NONE',  ( 0.000000000000000000, -1.000000000000000000, 0.000000000000000000 ) ) ;
#2341 = ADVANCED_FACE ( 'NONE', ( #2059 ), #815, .F. ) ;
#2342 = CARTESIAN_POINT ( 'NONE',  ( -4.699999999999999289, -3.799999999999983835, 4.610000000000001208 ) ) ;
#2343 = CARTESIAN_POINT ( 'NONE',  ( 0.000000000000000000, -42.02370210108668402, 0.000000000000000000 ) ) ;
#2344 = CARTESIAN_POINT ( 'NONE',  ( -11.95138424363784857, -53.09375000204838102, 3.048615756362150986 ) ) ;
#2345 = DIRECTION ( 'NONE',  ( 1.000000000000000000, -0.000000000000000000, -2.168404344971006896E-16 ) ) ;
#2346 = ORIENTED_EDGE ( 'NONE', *, *, #809, .T. ) ;
#2347 = FACE_OUTER_BOUND ( 'NONE', #331, .T. ) ;
#2348 = DIRECTION ( 'NONE',  ( -0.7071067811865435759, 0.000000000000000000, -0.7071067811865515695 ) ) ;
#2349 = CARTESIAN_POINT ( 'NONE',  ( -12.93262050883618564, -54.99999999999997868, 10.83285394123996248 ) ) ;
#2350 = CARTESIAN_POINT ( 'NONE',  ( -2.411898812500000044, -53.93750000204840234, 4.685332700224302371 ) ) ;
#2351 = ORIENTED_EDGE ( 'NONE', *, *, #2049, .F. ) ;
#2352 = CARTESIAN_POINT ( 'NONE',  ( -17.00000000000000000, -36.99999999999997158, 5.000000000000000000 ) ) ;
#2353 = DIRECTION ( 'NONE',  ( 0.000000000000000000, -1.000000000000000000, 0.000000000000000000 ) ) ;
#2354 = CARTESIAN_POINT ( 'NONE',  ( -4.699999999999999289, -18.79999999999998295, 1.500000000000001554 ) ) ;
#2355 = VERTEX_POINT ( 'NONE', #3082 ) ;
#2356 = DIRECTION ( 'NONE',  ( -1.000000000000000000, -3.697027429032479173E-18, 3.851859888774471706E-34 ) ) ;
#2357 = CIRCLE ( 'NONE', #2017, 1.999999999999999556 ) ;
#2358 = ADVANCED_FACE ( 'NONE', ( #289 ), #3394, .T. ) ;
#2359 = CARTESIAN_POINT ( 'NONE',  ( -8.000000000000001776, -52.90625000204838102, 12.58810118750000129 ) ) ;
#2360 = DIRECTION ( 'NONE',  ( 0.000000000000000000, 0.000000000000000000, -1.000000000000000000 ) ) ;
#2361 = ORIENTED_EDGE ( 'NONE', *, *, #2568, .F. ) ;
#2362 = DIRECTION ( 'NONE',  ( 3.697027429032479173E-18, -1.000000000000000000, 0.000000000000000000 ) ) ;
#2363 = ADVANCED_FACE ( 'NONE', ( #3790 ), #3415, .F. ) ;
#2364 = EDGE_LOOP ( 'NONE', ( #1750, #2346, #3203, #547 ) ) ;
#2365 = CARTESIAN_POINT ( 'NONE',  ( 11.15000000000000036, 12.40000000000001101, 1.499999999999997558 ) ) ;
#2366 = VECTOR ( 'NONE', #1078, 1000.000000000000000 ) ;
#2367 = CARTESIAN_POINT ( 'NONE',  ( -2.411898812500000044, -49.25000000204838102, 9.314667299775702958 ) ) ;
#2368 = CARTESIAN_POINT ( 'NONE',  ( 0.000000000000000000, -42.02370210108668402, -2.999999999999999556 ) ) ;
#2369 = VERTEX_POINT ( 'NONE', #568 ) ;
#2370 = DIRECTION ( 'NONE',  ( -2.714934234111455128E-16, 1.000000000000000000, 0.000000000000000000 ) ) ;
#2371 = CARTESIAN_POINT ( 'NONE',  ( -23.40312423743284143, -36.99999999999997158, 5.000000000000000000 ) ) ;
#2372 = CARTESIAN_POINT ( 'NONE',  ( -8.000004241605722655, -51.31249995430538036, 0.6000000000014062973 ) ) ;
#2373 = CARTESIAN_POINT ( 'NONE',  ( -13.58810118749999951, -51.68750000204838813, 9.314667299775697629 ) ) ;
#2374 = ORIENTED_EDGE ( 'NONE', *, *, #2947, .T. ) ;
#2375 = CARTESIAN_POINT ( 'NONE',  ( 16.99999999999999645, -18.79999999999998295, 1.500000000000001554 ) ) ;
#2376 = DIRECTION ( 'NONE',  ( -3.697027429032479173E-18, 1.000000000000000000, 0.000000000000000000 ) ) ;
#2377 = CARTESIAN_POINT ( 'NONE',  ( 11.15000000000000036, -29.99999999999997868, 9.107298248878237246E-15 ) ) ;
#2378 = ORIENTED_EDGE ( 'NONE', *, *, #1897, .T. ) ;
#2379 = AXIS2_PLACEMENT_3D ( 'NONE', #3076, #1483, #1440 ) ;
#2380 = DIRECTION ( 'NONE',  ( -1.000000000000000000, -2.102695122396129916E-16, 0.000000000000000000 ) ) ;
#2381 = CARTESIAN_POINT ( 'NONE',  ( -2.411898812500001377, -52.62500000204838813, 9.314667299775702958 ) ) ;
#2382 = CIRCLE ( 'NONE', #2909, 0.4999999999999970024 ) ;
#2383 = CARTESIAN_POINT ( 'NONE',  ( -4.048615756362151430, -54.96875000204838813, 3.048615756362151874 ) ) ;
#2384 = ORIENTED_EDGE ( 'NONE', *, *, #814, .T. ) ;
#2385 = EDGE_CURVE ( 'NONE', #3410, #920, #2527, .T. ) ;
#2386 = VECTOR ( 'NONE', #332, 1000.000000000000000 ) ;
#2387 = CONICAL_SURFACE ( 'NONE', #655, 2.300000000000003375, 0.7853981633974427279 ) ;
#2388 = ORIENTED_EDGE ( 'NONE', *, *, #3631, .T. ) ;
#2389 = CARTESIAN_POINT ( 'NONE',  ( -8.000000000000000000, -49.29999999999999716, 7.000000000000000888 ) ) ;
#2390 = CARTESIAN_POINT ( 'NONE',  ( -13.58810118749999951, -54.40625000204838813, 7.000000000000000000 ) ) ;
#2391 = EDGE_CURVE ( 'NONE', #3632, #1662, #3436, .T. ) ;
#2392 = CARTESIAN_POINT ( 'NONE',  ( -8.000000000000000000, -54.31250000409676915, 0.6000000000000007550 ) ) ;
#2393 = VERTEX_POINT ( 'NONE', #3750 ) ;
#2394 = CARTESIAN_POINT ( 'NONE',  ( 17.00000000000000355, -49.29999999999999716, 0.000000000000000000 ) ) ;
#2395 = CARTESIAN_POINT ( 'NONE',  ( -7.679782754328103422, 28.08970425054997122, 2.299999999999993161 ) ) ;
#2396 = DIRECTION ( 'NONE',  ( 1.000000000000000000, 3.697027429032479173E-18, 0.000000000000000000 ) ) ;
#2397 = EDGE_CURVE ( 'NONE', #2266, #3608, #2486, .T. ) ;
#2398 = CARTESIAN_POINT ( 'NONE',  ( -14.40000000000000036, -55.24999999999999289, 7.000000000000000000 ) ) ;
#2399 = ORIENTED_EDGE ( 'NONE', *, *, #2435, .F. ) ;
#2400 = CARTESIAN_POINT ( 'NONE',  ( -10.65096679918781497, -53.65625000409679046, 13.39999999999999858 ) ) ;
#2401 = DIRECTION ( 'NONE',  ( 0.000000000000000000, 0.000000000000000000, 1.000000000000000000 ) ) ;
#2402 = LINE ( 'NONE', #4023, #325 ) ;
#2403 = ORIENTED_EDGE ( 'NONE', *, *, #1845, .F. ) ;
#2404 = CARTESIAN_POINT ( 'NONE',  ( -2.411898812500000044, -49.06250000204838102, 4.685332700224302371 ) ) ;
#2405 = CARTESIAN_POINT ( 'NONE',  ( -13.58810118749999774, -51.31250000204838813, 9.314667299775697629 ) ) ;
#2406 = CARTESIAN_POINT ( 'NONE',  ( -8.000000346225398573, -52.81249999185290989, 0.6000000000000101918 ) ) ;
#2407 = ORIENTED_EDGE ( 'NONE', *, *, #1329, .F. ) ;
#2408 = FACE_OUTER_BOUND ( 'NONE', #706, .T. ) ;
#2409 = CARTESIAN_POINT ( 'NONE',  ( -13.58810118749999951, -52.90625000204838102, 7.000000000000000000 ) ) ;
#2410 = DIRECTION ( 'NONE',  ( 1.000000000000000000, 0.000000000000000000, 0.000000000000000000 ) ) ;
#2411 = ORIENTED_EDGE ( 'NONE', *, *, #922, .T. ) ;
#2412 = EDGE_CURVE ( 'NONE', #2416, #2313, #2339, .T. ) ;
#2413 = PLANE ( 'NONE',  #1116 ) ;
#2414 = DIRECTION ( 'NONE',  ( 0.7071067811865515695, 9.080297831751316913E-17, -0.7071067811865435759 ) ) ;
#2415 = CARTESIAN_POINT ( 'NONE',  ( -5.349033200812190358, -55.71875000000000000, 0.6000000000000007550 ) ) ;
#2416 = VERTEX_POINT ( 'NONE', #1824 ) ;
#2417 = ADVANCED_FACE ( 'NONE', ( #4083 ), #2439, .T. ) ;
#2418 = CARTESIAN_POINT ( 'NONE',  ( -7.756302319760409070, -49.30000000000000426, 1.179301470032571242 ) ) ;
#2419 = DIRECTION ( 'NONE',  ( 1.000000000000000000, 3.697027429032479173E-18, 0.000000000000000000 ) ) ;
#2420 = CARTESIAN_POINT ( 'NONE',  ( -13.58810118749999951, -53.28125000204838102, 7.000000000000000000 ) ) ;
#2421 = ORIENTED_EDGE ( 'NONE', *, *, #2054, .F. ) ;
#2422 = DIRECTION ( 'NONE',  ( 0.000000000000000000, 0.000000000000000000, -1.000000000000000000 ) ) ;
#2423 = ORIENTED_EDGE ( 'NONE', *, *, #3902, .F. ) ;
#2424 = VECTOR ( 'NONE', #1454, 1000.000000000000000 ) ;
#2425 = CARTESIAN_POINT ( 'NONE',  ( -10.31466729977569585, -53.56250000204839523, 1.411898812500001377 ) ) ;
#2426 = CARTESIAN_POINT ( 'NONE',  ( -10.31466729977570118, -52.62500000204838813, 12.58810118749999951 ) ) ;
#2427 = ORIENTED_EDGE ( 'NONE', *, *, #3625, .T. ) ;
#2428 = CIRCLE ( 'NONE', #3626, 6.400000000000000355 ) ;
#2429 = ORIENTED_EDGE ( 'NONE', *, *, #735, .F. ) ;
#2430 = DIRECTION ( 'NONE',  ( -1.360661377876250369E-16, 1.000000000000000000, -0.000000000000000000 ) ) ;
#2431 = FACE_OUTER_BOUND ( 'NONE', #3092, .T. ) ;
#2432 = ORIENTED_EDGE ( 'NONE', *, *, #1191, .F. ) ;
#2433 = DIRECTION ( 'NONE',  ( 1.360661377876250369E-16, -1.000000000000000000, -1.942890293094050570E-16 ) ) ;
#2434 = LINE ( 'NONE', #917, #3169 ) ;
#2435 = EDGE_CURVE ( 'NONE', #3119, #3410, #2464, .T. ) ;
#2436 = CIRCLE ( 'NONE', #3494, 2.300000000000003375 ) ;
#2437 = CARTESIAN_POINT ( 'NONE',  ( -8.000000000000000000, -52.62499999999999289, 0.6000000000000007550 ) ) ;
#2438 = ORIENTED_EDGE ( 'NONE', *, *, #3002, .F. ) ;
#2439 = PLANE ( 'NONE',  #716 ) ;
#2440 = FACE_OUTER_BOUND ( 'NONE', #2739, .T. ) ;
#2441 = CARTESIAN_POINT ( 'NONE',  ( -11.68480598358511102, -54.98401941804220172, 2.782037496309412994 ) ) ;
#2442 = ORIENTED_EDGE ( 'NONE', *, *, #604, .F. ) ;
#2443 = EDGE_CURVE ( 'NONE', #1516, #1154, #3343, .T. ) ;
#2444 = SHAPE_DEFINITION_REPRESENTATION ( #2031, #3819 ) ;
#2445 = CARTESIAN_POINT ( 'NONE',  ( -17.00000000000000000, 0.000000000000000000, 0.000000000000000000 ) ) ;
#2446 = EDGE_LOOP ( 'NONE', ( #4102, #778, #195, #3420 ) ) ;
#2447 = CARTESIAN_POINT ( 'NONE',  ( -13.12183758038401038, -48.52670725483944381, 4.219069093108315016 ) ) ;
#2448 = CARTESIAN_POINT ( 'NONE',  ( -4.048615756362153206, -49.34375000204838813, 10.95138424363785035 ) ) ;
#2449 = ORIENTED_EDGE ( 'NONE', *, *, #2727, .T. ) ;
#2450 = AXIS2_PLACEMENT_3D ( 'NONE', #2773, #1508, #1860 ) ;
#2451 = ADVANCED_FACE ( 'NONE', ( #210, #4021, #902 ), #3728, .T. ) ;
#2452 = AXIS2_PLACEMENT_3D ( 'NONE', #614, #1270, #4107 ) ;
#2453 = EDGE_LOOP ( 'NONE', ( #1051, #2510, #334, #2877 ) ) ;
#2454 = PLANE ( 'NONE',  #3953 ) ;
#2455 = VECTOR ( 'NONE', #1712, 1000.000000000000000 ) ;
#2456 = VECTOR ( 'NONE', #1247, 1000.000000000000000 ) ;
#2457 = DIRECTION ( 'NONE',  ( 1.000000000000000000, 0.000000000000000000, 0.000000000000000000 ) ) ;
#2458 = EDGE_LOOP ( 'NONE', ( #8, #1261, #2667, #808 ) ) ;
#2459 = LINE ( 'NONE', #285, #3450 ) ;
#2460 = DIRECTION ( 'NONE',  ( 0.000000000000000000, -1.000000000000000000, 7.806255641895630939E-16 ) ) ;
#2461 = AXIS2_PLACEMENT_3D ( 'NONE', #2758, #1761, #1694 ) ;
#2462 = CARTESIAN_POINT ( 'NONE',  ( -1.600000000000001865, -51.59375000000000711, 9.650966799187814971 ) ) ;
#2463 = VERTEX_POINT ( 'NONE', #2836 ) ;
#2464 = LINE ( 'NONE', #2203, #2045 ) ;
#2465 = CONICAL_SURFACE ( 'NONE', #3186, 2.199999999999976197, 0.7853981633974488341 ) ;
#2466 = DIRECTION ( 'NONE',  ( 1.000000000000000000, 0.000000000000000000, 0.000000000000000000 ) ) ;
#2467 = CARTESIAN_POINT ( 'NONE',  ( -10.31466729977569763, -52.06250000204838813, 1.411898812500001377 ) ) ;
#2468 = VERTEX_POINT ( 'NONE', #2124 ) ;
#2469 = PRESENTATION_STYLE_ASSIGNMENT (( #2150 ) ) ;
#2470 = DIRECTION ( 'NONE',  ( 0.000000000000000000, -1.000000000000000000, 0.000000000000000000 ) ) ;
#2471 = ORIENTED_EDGE ( 'NONE', *, *, #2397, .F. ) ;
#2472 = CARTESIAN_POINT ( 'NONE',  ( -13.58810118749999951, -50.18750000204838813, 9.314667299775697629 ) ) ;
#2473 = EDGE_CURVE ( 'NONE', #2733, #2562, #1471, .T. ) ;
#2474 = CARTESIAN_POINT ( 'NONE',  ( -5.685332700224303260, -52.43750000204839523, 12.58810118749999951 ) ) ;
#2475 = CARTESIAN_POINT ( 'NONE',  ( -6.699999999999999289, -3.799999999999983835, 4.610000000000001208 ) ) ;
#2476 = ORIENTED_EDGE ( 'NONE', *, *, #2054, .T. ) ;
#2477 = EDGE_CURVE ( 'NONE', #2335, #1133, #607, .T. ) ;
#2478 = LINE ( 'NONE', #1835, #362 ) ;
#2479 = PLANE ( 'NONE',  #3783 ) ;
#2480 = DIRECTION ( 'NONE',  ( -1.000000000000000000, -3.697027429032479173E-18, 3.851859888774471706E-34 ) ) ;
#2481 = ORIENTED_EDGE ( 'NONE', *, *, #2929, .T. ) ;
#2482 = CARTESIAN_POINT ( 'NONE',  ( 19.49999999999998934, 55.00000000000000711, -3.000000000000000000 ) ) ;
#2483 = CARTESIAN_POINT ( 'NONE',  ( -3.474516600406095890, -54.50000000409676915, 2.474516600406096778 ) ) ;
#2484 = CARTESIAN_POINT ( 'NONE',  ( -10.65096679918780787, -52.53124999999999289, 0.6000000000000007550 ) ) ;
#2485 = ORIENTED_EDGE ( 'NONE', *, *, #3382, .F. ) ;
#2486 = LINE ( 'NONE', #231, #1975 ) ;
#2487 = CARTESIAN_POINT ( 'NONE',  ( -13.58810118749999774, -51.68750000204838813, 9.314667299775697629 ) ) ;
#2488 = VERTEX_POINT ( 'NONE', #882 ) ;
#2489 = PLANE ( 'NONE',  #529 ) ;
#2490 = ORIENTED_EDGE ( 'NONE', *, *, #3168, .T. ) ;
#2491 = CARTESIAN_POINT ( 'NONE',  ( -2.411898812500000489, -51.03125000204838813, 7.000000000000000888 ) ) ;
#2492 = CARTESIAN_POINT ( 'NONE',  ( -4.048615756362151430, -50.46875000204838102, 3.048615756362151874 ) ) ;
#2493 = DIRECTION ( 'NONE',  ( 0.000000000000000000, -1.000000000000000000, 0.000000000000000000 ) ) ;
#2494 = EDGE_CURVE ( 'NONE', #2194, #3872, #3103, .T. ) ;
#2495 = VECTOR ( 'NONE', #2815, 1000.000000000000000 ) ;
#2496 = VERTEX_POINT ( 'NONE', #1513 ) ;
#2497 = DIRECTION ( 'NONE',  ( 0.000000000000000000, 1.000000000000000000, 1.424043166158921928E-51 ) ) ;
#2498 = DIRECTION ( 'NONE',  ( -1.000000000000000000, -3.697027429032479173E-18, 3.851859888774471706E-34 ) ) ;
#2499 = EDGE_CURVE ( 'NONE', #1674, #1248, #4065, .T. ) ;
#2500 = AXIS2_PLACEMENT_3D ( 'NONE', #2365, #3944, #1091 ) ;
#2501 = LINE ( 'NONE', #1180, #228 ) ;
#2502 = DIRECTION ( 'NONE',  ( 0.000000000000000000, -1.000000000000000000, -1.734723475976805615E-16 ) ) ;
#2503 = CARTESIAN_POINT ( 'NONE',  ( 17.00000000000000355, 0.000000000000000000, 0.000000000000000000 ) ) ;
#2504 = ORIENTED_EDGE ( 'NONE', *, *, #1998, .F. ) ;
#2505 = DIRECTION ( 'NONE',  ( 0.000000000000000000, -0.000000000000000000, 1.000000000000000000 ) ) ;
#2506 = UNCERTAINTY_MEASURE_WITH_UNIT (LENGTH_MEASURE( 1.000000000000000082E-05 ), #3398, 'distance_accuracy_value', 'NONE');
#2507 = FACE_OUTER_BOUND ( 'NONE', #736, .T. ) ;
#2508 = ORIENTED_EDGE ( 'NONE', *, *, #2252, .F. ) ;
#2509 = CARTESIAN_POINT ( 'NONE',  ( -5.685332700224303260, -55.25000000204838813, 1.411898812500001377 ) ) ;
#2510 = ORIENTED_EDGE ( 'NONE', *, *, #1838, .T. ) ;
#2511 = CARTESIAN_POINT ( 'NONE',  ( -8.000000000000001776, -49.90625000204838813, 12.58810118750000129 ) ) ;
#2512 = CARTESIAN_POINT ( 'NONE',  ( -18.79999999999999716, -56.07000000000000028, -2.000000000000000000 ) ) ;
#2513 = CARTESIAN_POINT ( 'NONE',  ( -8.000000000000000000, -49.29999999999999716, 7.000000000000000888 ) ) ;
#2514 = VECTOR ( 'NONE', #2026, 1000.000000000000000 ) ;
#2515 = ORIENTED_EDGE ( 'NONE', *, *, #538, .F. ) ;
#2516 = CARTESIAN_POINT ( 'NONE',  ( -23.40312423743284143, -9.820000000000019824, 0.000000000000000000 ) ) ;
#2517 = EDGE_CURVE ( 'NONE', #839, #2463, #784, .T. ) ;
#2518 = VECTOR ( 'NONE', #753, 1000.000000000000000 ) ;
#2519 = DIRECTION ( 'NONE',  ( -1.000000000000000000, 0.000000000000000000, 0.000000000000000000 ) ) ;
#2520 = VECTOR ( 'NONE', #3948, 1000.000000000000000 ) ;
#2521 = EDGE_CURVE ( 'NONE', #1133, #3371, #2237, .T. ) ;
#2522 = CARTESIAN_POINT ( 'NONE',  ( 7.922217245671898667, 40.86882393736262031, 23.36881416978414805 ) ) ;
#2523 = DIRECTION ( 'NONE',  ( -0.000000000000000000, -0.000000000000000000, 1.000000000000000000 ) ) ;
#2524 = VECTOR ( 'NONE', #2966, 1000.000000000000000 ) ;
#2525 = VECTOR ( 'NONE', #701, 1000.000000000000000 ) ;
#2526 = VERTEX_POINT ( 'NONE', #993 ) ;
#2527 = LINE ( 'NONE', #1532, #116 ) ;
#2528 = EDGE_CURVE ( 'NONE', #1531, #2152, #4111, .T. ) ;
#2529 = CARTESIAN_POINT ( 'NONE',  ( -4.419463574837949160, -49.32250809879047182, 2.677767937886353700 ) ) ;
#2530 = AXIS2_PLACEMENT_3D ( 'NONE', #2536, #962, #3148 ) ;
#2531 = VERTEX_POINT ( 'NONE', #55 ) ;
#2532 = CARTESIAN_POINT ( 'NONE',  ( -14.40000000000000036, -50.74999999999999289, 7.000000000000000000 ) ) ;
#2533 = ORIENTED_EDGE ( 'NONE', *, *, #2665, .F. ) ;
#2534 = CARTESIAN_POINT ( 'NONE',  ( -10.31466729977569941, -51.50000000204838813, 12.58810118749999774 ) ) ;
#2535 = DIRECTION ( 'NONE',  ( 1.000000000000000000, 3.697027429032479173E-18, 0.000000000000000000 ) ) ;
#2536 = CARTESIAN_POINT ( 'NONE',  ( 18.79999999999999005, 52.00000000000000711, -2.000000000000000000 ) ) ;
#2537 = CARTESIAN_POINT ( 'NONE',  ( -14.40000000000000036, -52.24999999999999289, 7.000000000000000000 ) ) ;
#2538 = LINE ( 'NONE', #747, #2627 ) ;
#2539 = LINE ( 'NONE', #677, #899 ) ;
#2540 = CARTESIAN_POINT ( 'NONE',  ( -1.599999999999999867, -51.68750000409676915, 7.000000000000000888 ) ) ;
#2541 = LINE ( 'NONE', #1293, #1640 ) ;
#2542 = ADVANCED_FACE ( 'NONE', ( #3514 ), #3239, .F. ) ;
#2543 = VERTEX_POINT ( 'NONE', #2618 ) ;
#2544 = CARTESIAN_POINT ( 'NONE',  ( -7.679782754328103422, 40.86882393736287611, -2.999999999999999112 ) ) ;
#2545 = CARTESIAN_POINT ( 'NONE',  ( -6.699999999999999289, -3.799999999999983835, 4.610000000000001208 ) ) ;
#2546 = VERTEX_POINT ( 'NONE', #1011 ) ;
#2547 = CARTESIAN_POINT ( 'NONE',  ( 16.99999999999999645, -49.29999999999999716, 4.610000000000001208 ) ) ;
#2548 = ADVANCED_FACE ( 'NONE', ( #2278 ), #3159, .T. ) ;
#2549 = VERTEX_POINT ( 'NONE', #1317 ) ;
#2550 = CARTESIAN_POINT ( 'NONE',  ( -3.524290217509285839, -49.29999999999997584, 3.634267267396383172 ) ) ;
#2551 = DIRECTION ( 'NONE',  ( 1.000000000000000000, 3.697027429032479173E-18, -0.000000000000000000 ) ) ;
#2552 = DIRECTION ( 'NONE',  ( 0.000000000000000000, -1.000000000000000000, 0.000000000000000000 ) ) ;
#2553 = CARTESIAN_POINT ( 'NONE',  ( -8.000000000000001776, -51.87499999999999289, 13.40000000000000213 ) ) ;
#2554 = LINE ( 'NONE', #342, #2960 ) ;
#2555 = CYLINDRICAL_SURFACE ( 'NONE', #1545, 1.999999999999999112 ) ;
#2556 = CARTESIAN_POINT ( 'NONE',  ( -12.52548339959390411, -49.62500000409676915, 2.474516600406096778 ) ) ;
#2557 = CARTESIAN_POINT ( 'NONE',  ( 16.49999999999998934, 52.00000000000000711, 4.199999999999977085 ) ) ;
#2558 = ORIENTED_EDGE ( 'NONE', *, *, #846, .F. ) ;
#2559 = LINE ( 'NONE', #3219, #1776 ) ;
#2560 = CARTESIAN_POINT ( 'NONE',  ( 16.49999999999998934, 52.00000000000000711, -2.000000000000000000 ) ) ;
#2561 = EDGE_CURVE ( 'NONE', #924, #2044, #2559, .T. ) ;
#2562 = VERTEX_POINT ( 'NONE', #3552 ) ;
#2563 = DIRECTION ( 'NONE',  ( 0.000000000000000000, -1.000000000000000000, 0.000000000000000000 ) ) ;
#2564 = ORIENTED_EDGE ( 'NONE', *, *, #593, .F. ) ;
#2565 = CARTESIAN_POINT ( 'NONE',  ( -2.424287419561728107, -49.29999999999998295, 7.414359429054440120 ) ) ;
#2566 = DIRECTION ( 'NONE',  ( -0.000000000000000000, -0.000000000000000000, 1.000000000000000000 ) ) ;
#2567 = CARTESIAN_POINT ( 'NONE',  ( -16.50000000000001421, 55.00000000000000711, -1.299999999999992939 ) ) ;
#2568 = EDGE_CURVE ( 'NONE', #2393, #972, #1925, .T. ) ;
#2569 = LINE ( 'NONE', #46, #2098 ) ;
#2570 = VECTOR ( 'NONE', #106, 1000.000000000000000 ) ;
#2571 = CARTESIAN_POINT ( 'NONE',  ( -11.95138424363785035, -52.71875000204838102, 10.95138424363784857 ) ) ;
#2572 = CARTESIAN_POINT ( 'NONE',  ( 1.149999999999999023, -29.99999999999997868, 9.107298248878237246E-15 ) ) ;
#2573 = EDGE_CURVE ( 'NONE', #1866, #2246, #75, .T. ) ;
#2574 = PLANE ( 'NONE',  #4017 ) ;
#2575 = CARTESIAN_POINT ( 'NONE',  ( -10.65096679918780787, -49.71875000409678336, 0.6000000000000007550 ) ) ;
#2576 = CIRCLE ( 'NONE', #919, 1.999999999999999556 ) ;
#2577 = DIRECTION ( 'NONE',  ( -1.000000000000000000, -3.697027429032479173E-18, 3.851859888774471706E-34 ) ) ;
#2578 = VECTOR ( 'NONE', #746, 1000.000000000000000 ) ;
#2579 = ORIENTED_EDGE ( 'NONE', *, *, #2132, .T. ) ;
#2580 = DIRECTION ( 'NONE',  ( -0.000000000000000000, -0.000000000000000000, 1.000000000000000000 ) ) ;
#2581 = CARTESIAN_POINT ( 'NONE',  ( -12.82171789996766087, -55.00000000000001421, 3.896354833624266600 ) ) ;
#2582 = ORIENTED_EDGE ( 'NONE', *, *, #617, .T. ) ;
#2583 = AXIS2_PLACEMENT_3D ( 'NONE', #624, #2189, #272 ) ;
#2584 = CIRCLE ( 'NONE', #2915, 2.500000000000000444 ) ;
#2585 = CARTESIAN_POINT ( 'NONE',  ( 11.15000000000000036, 7.400000000000011013, 1.500000000000001554 ) ) ;
#2586 = ORIENTED_EDGE ( 'NONE', *, *, #3989, .T. ) ;
#2587 = CARTESIAN_POINT ( 'NONE',  ( -1.600000000000001865, -53.28125000409677625, 9.650966799187816747 ) ) ;
#2588 = ORIENTED_EDGE ( 'NONE', *, *, #1490, .F. ) ;
#2589 = CARTESIAN_POINT ( 'NONE',  ( -5.179782754328100758, 28.11970425054997236, 2.299999999999996270 ) ) ;
#2590 = DIRECTION ( 'NONE',  ( -1.261617073437677999E-16, 1.000000000000000000, 0.000000000000000000 ) ) ;
#2591 = ADVANCED_FACE ( 'NONE', ( #1624 ), #370, .F. ) ;
#2592 = PLANE ( 'NONE',  #638 ) ;
#2593 = EDGE_CURVE ( 'NONE', #4075, #4019, #393, .T. ) ;
#2594 = VERTEX_POINT ( 'NONE', #682 ) ;
#2595 = FACE_OUTER_BOUND ( 'NONE', #891, .T. ) ;
#2596 = CARTESIAN_POINT ( 'NONE',  ( -14.40000000000000036, -50.93750000409676915, 7.000000000000000000 ) ) ;
#2597 = LINE ( 'NONE', #1070, #2233 ) ;
#2598 = ORIENTED_EDGE ( 'NONE', *, *, #1430, .F. ) ;
#2599 = DIRECTION ( 'NONE',  ( 0.000000000000000000, -1.000000000000000000, 0.000000000000000000 ) ) ;
#2600 = CARTESIAN_POINT ( 'NONE',  ( -13.30817667003711158, -55.00000000000000711, 10.19891833486100730 ) ) ;
#2601 = ORIENTED_EDGE ( 'NONE', *, *, #1008, .F. ) ;
#2602 = CARTESIAN_POINT ( 'NONE',  ( -10.31466729977569585, -49.06250000204838102, 1.411898812500001377 ) ) ;
#2603 = ORIENTED_EDGE ( 'NONE', *, *, #3964, .F. ) ;
#2604 = DIRECTION ( 'NONE',  ( -0.000000000000000000, 0.000000000000000000, 1.000000000000000000 ) ) ;
#2605 = EDGE_LOOP ( 'NONE', ( #803, #166, #689, #2895 ) ) ;
#2606 = LINE ( 'NONE', #2956, #1707 ) ;
#2607 = ORIENTED_EDGE ( 'NONE', *, *, #1084, .F. ) ;
#2608 = FACE_OUTER_BOUND ( 'NONE', #3238, .T. ) ;
#2609 = CARTESIAN_POINT ( 'NONE',  ( -11.95138424363785035, -54.21875000204838813, 10.95138424363784857 ) ) ;
#2610 = DIRECTION ( 'NONE',  ( 5.551115123125780237E-17, -1.942890293094050570E-16, 1.000000000000000000 ) ) ;
#2611 = EDGE_CURVE ( 'NONE', #1300, #4082, #2911, .T. ) ;
#2612 = VERTEX_POINT ( 'NONE', #3182 ) ;
#2613 = DIRECTION ( 'NONE',  ( 0.000000000000000000, 0.000000000000000000, -1.000000000000000000 ) ) ;
#2614 = CARTESIAN_POINT ( 'NONE',  ( -8.000000000000000000, -51.31250000409676915, 0.6000000000000007550 ) ) ;
#2615 = EDGE_CURVE ( 'NONE', #2222, #4019, #1573, .T. ) ;
#2616 = CARTESIAN_POINT ( 'NONE',  ( -8.000000000000000000, -54.12499999999999289, 0.6000000000000007550 ) ) ;
#2617 = ORIENTED_EDGE ( 'NONE', *, *, #1084, .T. ) ;
#2618 = CARTESIAN_POINT ( 'NONE',  ( 8.000000000000000000, -54.99999999999999289, 3.300000000000000711 ) ) ;
#2619 = CARTESIAN_POINT ( 'NONE',  ( 11.15000000000000036, 12.40000000000001101, 1.499999999999997558 ) ) ;
#2620 = ADVANCED_FACE ( 'NONE', ( #1336 ), #3885, .F. ) ;
#2621 = ORIENTED_EDGE ( 'NONE', *, *, #2072, .F. ) ;
#2622 = CARTESIAN_POINT ( 'NONE',  ( -4.048615756362151430, -49.34375000204838813, 3.048615756362151874 ) ) ;
#2623 = ORIENTED_EDGE ( 'NONE', *, *, #3761, .T. ) ;
#2624 = VECTOR ( 'NONE', #1037, 1000.000000000000000 ) ;
#2625 = DIRECTION ( 'NONE',  ( 0.000000000000000000, 0.000000000000000000, 1.000000000000000000 ) ) ;
#2626 = CARTESIAN_POINT ( 'NONE',  ( -1.599999999999999867, -49.90624999999999289, 4.349033200812192135 ) ) ;
#2627 = VECTOR ( 'NONE', #2012, 1000.000000000000000 ) ;
#2628 = ORIENTED_EDGE ( 'NONE', *, *, #2334, .T. ) ;
#2629 = PLANE ( 'NONE',  #1370 ) ;
#2630 = CARTESIAN_POINT ( 'NONE',  ( -8.000000000000000000, -54.78125000204838813, 1.411898812500001377 ) ) ;
#2631 = CARTESIAN_POINT ( 'NONE',  ( 8.000000000000000000, -49.29999999999999716, 10.70000000000000107 ) ) ;
#2632 = VECTOR ( 'NONE', #2290, 1000.000000000000000 ) ;
#2633 = ORIENTED_EDGE ( 'NONE', *, *, #2940, .T. ) ;
#2634 = CYLINDRICAL_SURFACE ( 'NONE', #298, 1.999999999999999112 ) ;
#2635 = CARTESIAN_POINT ( 'NONE',  ( -10.31466729977570118, -54.12500000204838813, 12.58810118749999951 ) ) ;
#2636 = DIRECTION ( 'NONE',  ( 0.000000000000000000, -1.000000000000000000, 0.000000000000000000 ) ) ;
#2637 = ORIENTED_EDGE ( 'NONE', *, *, #3250, .F. ) ;
#2638 = EDGE_CURVE ( 'NONE', #3884, #2264, #191, .T. ) ;
#2639 = DIRECTION ( 'NONE',  ( 1.000000000000000000, 0.000000000000000000, -0.000000000000000000 ) ) ;
#2640 = VECTOR ( 'NONE', #2480, 1000.000000000000000 ) ;
#2641 = DIRECTION ( 'NONE',  ( 0.000000000000000000, 0.000000000000000000, -1.000000000000000000 ) ) ;
#2642 = CARTESIAN_POINT ( 'NONE',  ( -10.17978275432810342, 28.11970425054997236, 2.299999999999993161 ) ) ;
#2643 = CARTESIAN_POINT ( 'NONE',  ( -2.411898812500001377, -52.62500000204838813, 9.314667299775702958 ) ) ;
#2644 = VECTOR ( 'NONE', #1642, 1000.000000000000000 ) ;
#2645 = VERTEX_POINT ( 'NONE', #2220 ) ;
#2646 = EDGE_CURVE ( 'NONE', #2949, #2033, #1904, .T. ) ;
#2647 = LINE ( 'NONE', #480, #2578 ) ;
#2648 = DIRECTION ( 'NONE',  ( 0.000000000000000000, 0.000000000000000000, 1.000000000000000000 ) ) ;
#2649 = CARTESIAN_POINT ( 'NONE',  ( 7.572217245671899022, 40.86882393736261321, 0.000000000000000000 ) ) ;
#2650 = AXIS2_PLACEMENT_3D ( 'NONE', #3280, #3301, #810 ) ;
#2651 = ORIENTED_EDGE ( 'NONE', *, *, #1079, .T. ) ;
#2652 = CARTESIAN_POINT ( 'NONE',  ( -19.50000000000001066, 52.00000000000000711, -1.299999999999992051 ) ) ;
#2653 = VECTOR ( 'NONE', #3675, 1000.000000000000114 ) ;
#2654 = CIRCLE ( 'NONE', #3180, 1.999999999999999112 ) ;
#2655 = CARTESIAN_POINT ( 'NONE',  ( -13.58810118749999951, -54.40625000204838813, 7.000000000000000000 ) ) ;
#2656 = FACE_OUTER_BOUND ( 'NONE', #3890, .T. ) ;
#2657 = DIRECTION ( 'NONE',  ( -0.7071067811865435759, 0.000000000000000000, 0.7071067811865514585 ) ) ;
#2658 = DIRECTION ( 'NONE',  ( 0.000000000000000000, -1.000000000000000000, 0.000000000000000000 ) ) ;
#2659 = CARTESIAN_POINT ( 'NONE',  ( -8.000000000000000000, -50.28125000204838813, 1.411898812500000489 ) ) ;
#2660 = CARTESIAN_POINT ( 'NONE',  ( -7.679782754328103422, 40.86882393736287611, 2.299999999999996270 ) ) ;
#2661 = ORIENTED_EDGE ( 'NONE', *, *, #144, .T. ) ;
#2662 = CARTESIAN_POINT ( 'NONE',  ( -18.79999999999999716, -54.99999999999999289, -2.000000000000000000 ) ) ;
#2663 = CARTESIAN_POINT ( 'NONE',  ( -8.000000000000001776, -54.87499999999999289, 13.40000000000000213 ) ) ;
#2664 = CARTESIAN_POINT ( 'NONE',  ( -4.699999999999999289, -3.799999999999983835, 4.610000000000001208 ) ) ;
#2665 = EDGE_CURVE ( 'NONE', #2526, #3995, #2312, .T. ) ;
#2666 = CARTESIAN_POINT ( 'NONE',  ( -4.048615756362151430, -52.34375000204838102, 3.048615756362151874 ) ) ;
#2667 = ORIENTED_EDGE ( 'NONE', *, *, #1035, .F. ) ;
#2668 = CARTESIAN_POINT ( 'NONE',  ( -14.25516381440787228, -49.29999999999999716, 5.646144152827801577 ) ) ;
#2669 = FACE_OUTER_BOUND ( 'NONE', #2142, .T. ) ;
#2670 = CARTESIAN_POINT ( 'NONE',  ( -4.048615756362151430, -53.84375000204838813, 3.048615756362151874 ) ) ;
#2671 = VERTEX_POINT ( 'NONE', #970 ) ;
#2672 = EDGE_CURVE ( 'NONE', #1758, #182, #474, .T. ) ;
#2673 = CARTESIAN_POINT ( 'NONE',  ( 7.922217245671898667, 28.08970425054967279, -2.999999999999999112 ) ) ;
#2674 = CARTESIAN_POINT ( 'NONE',  ( -5.685332700224303260, -50.93750000204839523, 12.58810118749999774 ) ) ;
#2675 = CARTESIAN_POINT ( 'NONE',  ( -10.31466729977569763, -54.68750000204838813, 1.411898812500001377 ) ) ;
#2676 = CARTESIAN_POINT ( 'NONE',  ( 1.149999999999999023, 12.40000000000001101, 1.499999999999997558 ) ) ;
#2677 = CARTESIAN_POINT ( 'NONE',  ( 18.79999999999999361, 52.00000000000001421, -2.000000000000000000 ) ) ;
#2678 = ORIENTED_EDGE ( 'NONE', *, *, #4038, .F. ) ;
#2679 = FACE_OUTER_BOUND ( 'NONE', #1103, .T. ) ;
#2680 = CARTESIAN_POINT ( 'NONE',  ( -5.685332700224301483, -49.43750000204839523, 12.58810118749999951 ) ) ;
#2681 = LINE ( 'NONE', #3612, #2514 ) ;
#2682 = ORIENTED_EDGE ( 'NONE', *, *, #1004, .F. ) ;
#2683 = CARTESIAN_POINT ( 'NONE',  ( 5.072217245671896357, 40.86882393736262031, 23.36881416978414805 ) ) ;
#2684 = CARTESIAN_POINT ( 'NONE',  ( -10.91980822238377691, -49.30000000000000426, 12.46649502401428222 ) ) ;
#2685 = CARTESIAN_POINT ( 'NONE',  ( 11.15000000000000036, -29.99999999999997868, 1.500000000000001554 ) ) ;
#2686 = CARTESIAN_POINT ( 'NONE',  ( -13.58810118749999951, -51.78125000204838102, 7.000000000000000000 ) ) ;
#2687 = VERTEX_POINT ( 'NONE', #3035 ) ;
#2688 = CARTESIAN_POINT ( 'NONE',  ( -12.11870593185014044, -49.30000000000001847, 2.437399005586055711 ) ) ;
#2689 = CARTESIAN_POINT ( 'NONE',  ( 19.49999999999999289, 52.00000000000001421, -1.299999999999992939 ) ) ;
#2690 = EDGE_CURVE ( 'NONE', #3247, #1593, #1119, .T. ) ;
#2691 = CARTESIAN_POINT ( 'NONE',  ( -13.58810118749999774, -54.68750000204838813, 9.314667299775697629 ) ) ;
#2692 = ORIENTED_EDGE ( 'NONE', *, *, #782, .F. ) ;
#2693 = CARTESIAN_POINT ( 'NONE',  ( -8.000000000000000000, -54.12499999999999289, 0.6000000000000007550 ) ) ;
#2694 = CARTESIAN_POINT ( 'NONE',  ( -2.411898812500000489, -54.03125000204838813, 7.000000000000000888 ) ) ;
#2695 = ADVANCED_FACE ( 'NONE', ( #3594 ), #183, .F. ) ;
#2696 = AXIS2_PLACEMENT_3D ( 'NONE', #1693, #2401, #3065 ) ;
#2697 = CARTESIAN_POINT ( 'NONE',  ( 1.149999999999999023, -34.99999999999997868, 3.199999999999997513 ) ) ;
#2698 = LINE ( 'NONE', #1812, #1250 ) ;
#2699 = VERTEX_POINT ( 'NONE', #2394 ) ;
#2700 = EDGE_CURVE ( 'NONE', #681, #579, #1095, .T. ) ;
#2701 = CARTESIAN_POINT ( 'NONE',  ( -16.50000000000001066, 54.19999999999998153, 5.000000000000000000 ) ) ;
#2702 = STYLED_ITEM ( 'NONE', ( #1196 ), #3775 ) ;
#2703 = CARTESIAN_POINT ( 'NONE',  ( -5.685332700224301483, -50.93750000204839523, 12.58810118749999951 ) ) ;
#2704 = CARTESIAN_POINT ( 'NONE',  ( -3.474516600406095890, -54.50000000409676915, 2.474516600406096778 ) ) ;
#2705 = ORIENTED_EDGE ( 'NONE', *, *, #4066, .T. ) ;
#2706 = DIRECTION ( 'NONE',  ( 0.000000000000000000, 0.000000000000000000, -1.000000000000000000 ) ) ;
#2707 = CARTESIAN_POINT ( 'NONE',  ( -5.349033200812190358, -49.90625000409676915, 0.6000000000000007550 ) ) ;
#2708 = DIRECTION ( 'NONE',  ( -1.000000000000000000, -0.000000000000000000, -0.000000000000000000 ) ) ;
#2709 = CARTESIAN_POINT ( 'NONE',  ( -1.600000000000001865, -54.59375000000000000, 9.650966799187814971 ) ) ;
#2710 = ORIENTED_EDGE ( 'NONE', *, *, #2776, .F. ) ;
#2711 = CARTESIAN_POINT ( 'NONE',  ( -8.000015443710063678, -54.31249945793744871, 0.6000000000186342941 ) ) ;
#2712 = DIRECTION ( 'NONE',  ( 0.000000000000000000, -1.000000000000000000, 0.000000000000000000 ) ) ;
#2713 = PLANE ( 'NONE',  #1256 ) ;
#2714 = VERTEX_POINT ( 'NONE', #1399 ) ;
#2715 = VECTOR ( 'NONE', #1842, 1000.000000000000000 ) ;
#2716 = CARTESIAN_POINT ( 'NONE',  ( -1.103914939257968208E-14, 52.50000000000000711, 0.000000000000000000 ) ) ;
#2717 = CARTESIAN_POINT ( 'NONE',  ( -10.31466729977569941, -51.12500000204838813, 12.58810118749999774 ) ) ;
#2718 = AXIS2_PLACEMENT_3D ( 'NONE', #1848, #1209, #2505 ) ;
#2719 = CARTESIAN_POINT ( 'NONE',  ( -4.048615756362151430, -51.96875000204838102, 3.048615756362151874 ) ) ;
#2720 = DIRECTION ( 'NONE',  ( 0.000000000000000000, 0.000000000000000000, 1.000000000000000000 ) ) ;
#2721 = CIRCLE ( 'NONE', #654, 2.199999999999979750 ) ;
#2722 = ADVANCED_FACE ( 'NONE', ( #2347 ), #2053, .T. ) ;
#2723 = VECTOR ( 'NONE', #3496, 1000.000000000000000 ) ;
#2724 = ORIENTED_EDGE ( 'NONE', *, *, #533, .F. ) ;
#2725 = DIRECTION ( 'NONE',  ( 1.000000000000000000, 0.000000000000000000, 2.168404344971006896E-16 ) ) ;
#2726 = CARTESIAN_POINT ( 'NONE',  ( -8.000000000000000000, -48.78125000204838813, 1.411898812500000489 ) ) ;
#2727 = EDGE_CURVE ( 'NONE', #313, #1480, #1756, .T. ) ;
#2728 = CARTESIAN_POINT ( 'NONE',  ( -8.000000000000001776, -53.37499999999999289, 13.40000000000000213 ) ) ;
#2729 = ORIENTED_EDGE ( 'NONE', *, *, #1852, .F. ) ;
#2730 = FACE_OUTER_BOUND ( 'NONE', #1213, .T. ) ;
#2731 = CARTESIAN_POINT ( 'NONE',  ( -3.382398461466909367, -49.29999999999999005, 10.14716235886802664 ) ) ;
#2732 = CARTESIAN_POINT ( 'NONE',  ( -10.65096679918780787, -55.53125000000000000, 0.6000000000000007550 ) ) ;
#2733 = VERTEX_POINT ( 'NONE', #1420 ) ;
#2734 = CARTESIAN_POINT ( 'NONE',  ( -13.57277627654728214, -49.29999999999996874, 4.081124650157162748 ) ) ;
#2735 = CARTESIAN_POINT ( 'NONE',  ( -9.780073711613312071, -54.99999999999997868, 1.690298458380561142 ) ) ;
#2736 = CARTESIAN_POINT ( 'NONE',  ( -8.000000000000001776, -54.40625000204838813, 12.58810118750000129 ) ) ;
#2737 = VERTEX_POINT ( 'NONE', #1355 ) ;
#2738 = CARTESIAN_POINT ( 'NONE',  ( 0.000000000000000000, 0.000000000000000000, 0.000000000000000000 ) ) ;
#2739 = EDGE_LOOP ( 'NONE', ( #3623, #1960, #2944, #3619, #2374, #348 ) ) ;
#2740 = CARTESIAN_POINT ( 'NONE',  ( -2.411898812500001377, -54.12500000204838813, 9.314667299775702958 ) ) ;
#2741 = CARTESIAN_POINT ( 'NONE',  ( -4.048615756362153206, -50.84375000204838102, 10.95138424363785035 ) ) ;
#2742 = ORIENTED_EDGE ( 'NONE', *, *, #2473, .T. ) ;
#2743 =( BOUNDED_CURVE ( )  B_SPLINE_CURVE ( 2, ( #3564, #108, #2383, #3254, #444, #2675, #1369, #3939, #1700, #466, #801, #1726, #2066, #3339, #2764, #2809, #3359, #3694, #1432, #574, #510, #4007, #4073, #4052, #4029, #218, #3071, #2426, #1792, #2474, #1197, #844, #1747, #1215, #2719, #1832, #2088, #264, #3736, #1522, #197, #2405, #822, #3110, #888, #2154, #2741, #175, #3025, #1457, #2492, #908, #1767, #535, #1173, #3987, #3090, #2109, #1152, #870, #3756, #1130, #2448, #2176, #3674 ),
 .UNSPECIFIED., .F., .T. ) 
 B_SPLINE_CURVE_WITH_KNOTS ( ( 3, 2, 2, 2, 2, 2, 2, 2, 2, 2, 2, 2, 2, 2, 2, 2, 2, 2, 2, 2, 2, 2, 2, 2, 2, 2, 2, 2, 2, 2, 2, 2, 3 ),
 ( 0.02311835291222285454, 0.02798692656082974947, 0.05597385312165950588, 0.08396077968248925882, 0.1119477062433190395, 0.1399346328041487786, 0.1679215593649785176, 0.1959084859258082845, 0.2238954124866380513, 0.2518823390474677626, 0.2798692656082975572, 0.3078561921691273517, 0.3358431187299570908, 0.3638300452907868299, 0.3918169718516165134, 0.4198038984124463635, 0.4477908249732761026, 0.4757777515341058416, 0.5037646780949356362, 0.5317516046557653198, 0.5597385312165951143, 0.5877254577774247979, 0.6157123843382545925, 0.6436993108990842760, 0.6716862374599140706, 0.6996731640207437541, 0.7276600905815735487, 0.7556470171424034543, 0.7836339437032331379, 0.8116208702640627104, 0.8396077968248926160, 0.8675947233857224106, 0.8743326946913705378 ),
 .UNSPECIFIED. ) 
 CURVE ( )  GEOMETRIC_REPRESENTATION_ITEM ( )  RATIONAL_B_SPLINE_CURVE ( ( 0.9781234083970598014, 0.9867581707719963457, 1.000000000000000000, 0.9238795325112867385, 1.000000000000000000, 0.9238795325112867385, 1.000000000000000000, 0.9238795325112867385, 1.000000000000000000, 0.9238795325112867385, 1.000000000000000000, 0.9238795325112867385, 1.000000000000000000, 0.9238795325112867385, 1.000000000000000000, 0.9238795325112867385, 1.000000000000000000, 0.9238795325112867385, 1.000000000000000000, 0.9238795325112867385, 1.000000000000000000, 0.9238795325112867385, 1.000000000000000000, 0.9238795325112867385, 1.000000000000000000, 0.9238795325112867385, 1.000000000000000000, 0.9238795325112867385, 1.000000000000000000, 0.9238795325112867385, 1.000000000000000000, 0.9238795325112867385, 1.000000000000000000, 0.9238795325112867385, 1.000000000000000000, 0.9238795325112867385, 1.000000000000000000, 0.9238795325112867385, 1.000000000000000000, 0.9238795325112867385, 1.000000000000000000, 0.9238795325112867385, 1.000000000000000000, 0.9238795325112867385, 1.000000000000000000, 0.9238795325112867385, 1.000000000000000000, 0.9238795325112867385, 1.000000000000000000, 0.9238795325112867385, 1.000000000000000000, 0.9238795325112867385, 1.000000000000000000, 0.9238795325112867385, 1.000000000000000000, 0.9238795325112867385, 1.000000000000000000, 0.9238795325112867385, 1.000000000000000000, 0.9238795325112867385, 1.000000000000000000, 0.9238795325112867385, 1.000000000000000000, 0.9816736745066777514, 0.9721716302393474951 ) ) 
 REPRESENTATION_ITEM ( '' )  );
#2744 = ORIENTED_EDGE ( 'NONE', *, *, #3271, .F. ) ;
#2745 = LINE ( 'NONE', #2158, #3023 ) ;
#2746 = EDGE_CURVE ( 'NONE', #2841, #441, #1379, .T. ) ;
#2747 = CARTESIAN_POINT ( 'NONE',  ( -11.95138424363784857, -48.59375000204838813, 3.048615756362150986 ) ) ;
#2748 = CARTESIAN_POINT ( 'NONE',  ( -8.000007721855054044, -54.31249973101756723, 0.6000000000000007550 ) ) ;
#2749 = VERTEX_POINT ( 'NONE', #2028 ) ;
#2750 = CARTESIAN_POINT ( 'NONE',  ( -1.103914939257968208E-14, 52.50000000000000711, 5.000000000000000000 ) ) ;
#2751 = ADVANCED_FACE ( 'NONE', ( #2730 ), #1986, .F. ) ;
#2752 = CARTESIAN_POINT ( 'NONE',  ( -10.69392487829856542, -49.29999999999999005, 12.56270832144829797 ) ) ;
#2753 = CARTESIAN_POINT ( 'NONE',  ( -1.599999999999999867, -49.90624999999999289, 4.349033200812191247 ) ) ;
#2754 = VERTEX_POINT ( 'NONE', #2662 ) ;
#2755 = CARTESIAN_POINT ( 'NONE',  ( -10.17978275432810342, 40.86882393736287611, 23.36881416978414805 ) ) ;
#2756 = CARTESIAN_POINT ( 'NONE',  ( -23.40312423743284143, -34.99999999999999289, 5.000000000000000000 ) ) ;
#2757 = EDGE_CURVE ( 'NONE', #2531, #1866, #3011, .T. ) ;
#2758 = CARTESIAN_POINT ( 'NONE',  ( 2.772770571774359071E-17, -18.79999999999998295, -1.068032374619191342E-50 ) ) ;
#2759 = ORIENTED_EDGE ( 'NONE', *, *, #1350, .T. ) ;
#2760 =( NAMED_UNIT ( * ) SI_UNIT ( $, .STERADIAN. ) SOLID_ANGLE_UNIT ( ) );
#2761 = CARTESIAN_POINT ( 'NONE',  ( 16.49999999999998934, 52.00000000000000711, 0.000000000000000000 ) ) ;
#2762 = EDGE_LOOP ( 'NONE', ( #3062, #131, #3556, #2378 ) ) ;
#2763 = CARTESIAN_POINT ( 'NONE',  ( -2.411898812500000489, -50.65625000204838813, 7.000000000000000888 ) ) ;
#2764 = CARTESIAN_POINT ( 'NONE',  ( -4.048615756362153206, -53.84375000204838813, 10.95138424363785035 ) ) ;
#2765 = ORIENTED_EDGE ( 'NONE', *, *, #2690, .T. ) ;
#2766 = ORIENTED_EDGE ( 'NONE', *, *, #4046, .F. ) ;
#2767 = VECTOR ( 'NONE', #3093, 1000.000000000000000 ) ;
#2768 = DIRECTION ( 'NONE',  ( 1.000000000000000000, 0.000000000000000000, 0.000000000000000000 ) ) ;
#2769 =( BOUNDED_CURVE ( )  B_SPLINE_CURVE ( 2, ( #2007, #3328, #2969, #3973, #1735, #185, #163, #2707, #2075 ),
 .UNSPECIFIED., .F., .T. ) 
 B_SPLINE_CURVE_WITH_KNOTS ( ( 3, 2, 2, 2, 3 ),
 ( 0.6157124134546053673, 0.6436993408359994451, 0.6716862686984342856, 0.6996731965608691262, 0.7276601038716736802 ),
 .UNSPECIFIED. ) 
 CURVE ( )  GEOMETRIC_REPRESENTATION_ITEM ( )  RATIONAL_B_SPLINE_CURVE ( ( 1.000000000000000000, 0.9238795325112867385, 1.000000000000000000, 0.9238795325112867385, 1.000000000000000000, 0.9238795325112867385, 1.000000000000000000, 0.9238795325112867385, 1.000000000000000000 ) ) 
 REPRESENTATION_ITEM ( '' )  );
#2770 = DIRECTION ( 'NONE',  ( 0.000000000000000000, 0.000000000000000000, 1.000000000000000000 ) ) ;
#2771 = EDGE_LOOP ( 'NONE', ( #1903, #3538, #3977, #3016 ) ) ;
#2772 = FACE_OUTER_BOUND ( 'NONE', #3597, .T. ) ;
#2773 = CARTESIAN_POINT ( 'NONE',  ( -6.699999999999999289, -3.799999999999983835, 9.107298248878237246E-15 ) ) ;
#2774 = VECTOR ( 'NONE', #152, 1000.000000000000000 ) ;
#2775 = CARTESIAN_POINT ( 'NONE',  ( -3.474516600406095890, -52.81249999999999289, 2.474516600406096778 ) ) ;
#2776 = EDGE_CURVE ( 'NONE', #1772, #4099, #741, .T. ) ;
#2777 = ORIENTED_EDGE ( 'NONE', *, *, #1797, .T. ) ;
#2778 = CARTESIAN_POINT ( 'NONE',  ( -1.599999999999999867, -54.68750000409676915, 7.000000000000000888 ) ) ;
#2779 = DIRECTION ( 'NONE',  ( -0.000000000000000000, 0.000000000000000000, 1.000000000000000000 ) ) ;
#2780 = CARTESIAN_POINT ( 'NONE',  ( -17.00000000000000000, -33.00000000000001421, 0.000000000000000000 ) ) ;
#2781 = ORIENTED_EDGE ( 'NONE', *, *, #2962, .F. ) ;
#2782 =( NAMED_UNIT ( * ) SI_UNIT ( $, .STERADIAN. ) SOLID_ANGLE_UNIT ( ) );
#2783 = FACE_OUTER_BOUND ( 'NONE', #1648, .T. ) ;
#2784 = EDGE_CURVE ( 'NONE', #3442, #1123, #1072, .T. ) ;
#2785 = ORIENTED_EDGE ( 'NONE', *, *, #472, .F. ) ;
#2786 = CARTESIAN_POINT ( 'NONE',  ( -10.31466729977569585, -52.06250000204838813, 1.411898812500001377 ) ) ;
#2787 = DIRECTION ( 'NONE',  ( 1.261617073437677999E-16, -1.000000000000000000, 0.000000000000000000 ) ) ;
#2788 = LINE ( 'NONE', #2864, #862 ) ;
#2789 = AXIS2_PLACEMENT_3D ( 'NONE', #3281, #2414, #2348 ) ;
#2790 = CIRCLE ( 'NONE', #2042, 0.4999999999999970024 ) ;
#2791 = ORIENTED_EDGE ( 'NONE', *, *, #1895, .F. ) ;
#2792 = LINE ( 'NONE', #892, #238 ) ;
#2793 = CARTESIAN_POINT ( 'NONE',  ( 15.99999999999999645, -18.79999999999998295, 9.107298248878237246E-15 ) ) ;
#2794 = VECTOR ( 'NONE', #2498, 1000.000000000000000 ) ;
#2795 = DIRECTION ( 'NONE',  ( 0.000000000000000000, -1.000000000000000000, 0.000000000000000000 ) ) ;
#2796 = VECTOR ( 'NONE', #359, 1000.000000000000000 ) ;
#2797 = EDGE_LOOP ( 'NONE', ( #3754, #1481 ) ) ;
#2798 = CARTESIAN_POINT ( 'NONE',  ( 11.15000000000000036, -34.99999999999997868, 1.499999999999997558 ) ) ;
#2799 = FACE_OUTER_BOUND ( 'NONE', #2818, .T. ) ;
#2800 = CARTESIAN_POINT ( 'NONE',  ( -8.000000000000000000, -54.12499999999999289, 0.6000000000000007550 ) ) ;
#2801 = EDGE_LOOP ( 'NONE', ( #511, #3251, #2939, #277 ) ) ;
#2802 = DIRECTION ( 'NONE',  ( 0.000000000000000000, -1.000000000000000000, 0.000000000000000000 ) ) ;
#2803 = DIRECTION ( 'NONE',  ( -0.000000000000000000, -0.000000000000000000, -1.000000000000000000 ) ) ;
#2804 = ADVANCED_FACE ( 'NONE', ( #787 ), #1139, .T. ) ;
#2805 = ORIENTED_EDGE ( 'NONE', *, *, #281, .T. ) ;
#2806 = DIRECTION ( 'NONE',  ( -0.000000000000000000, 0.000000000000000000, 1.000000000000000000 ) ) ;
#2807 = ORIENTED_EDGE ( 'NONE', *, *, #1589, .T. ) ;
#2808 = CARTESIAN_POINT ( 'NONE',  ( -2.411898812500000489, -52.53125000204838102, 7.000000000000000888 ) ) ;
#2809 = CARTESIAN_POINT ( 'NONE',  ( -2.411898812500001377, -53.75000000204838813, 9.314667299775702958 ) ) ;
#2810 = CARTESIAN_POINT ( 'NONE',  ( 1.999999999999999556, 19.83287240715365840, 6.123233995736772199E-17 ) ) ;
#2811 = ADVANCED_FACE ( 'NONE', ( #453 ), #3661, .T. ) ;
#2812 = ORIENTED_EDGE ( 'NONE', *, *, #617, .F. ) ;
#2813 = DIRECTION ( 'NONE',  ( -0.000000000000000000, -0.000000000000000000, -1.000000000000000000 ) ) ;
#2814 = ADVANCED_FACE ( 'NONE', ( #496 ), #2413, .F. ) ;
#2815 = DIRECTION ( 'NONE',  ( 0.000000000000000000, -1.000000000000000000, 0.000000000000000000 ) ) ;
#2816 = PLANE ( 'NONE',  #2450 ) ;
#2817 = CARTESIAN_POINT ( 'NONE',  ( -8.000000000000000000, -54.99999999999999289, 13.40000000000000213 ) ) ;
#2818 = EDGE_LOOP ( 'NONE', ( #4048, #3029, #1442, #671, #1500, #3709, #4071, #3393, #2932, #1788, #1679, #1717 ) ) ;
#2819 = CARTESIAN_POINT ( 'NONE',  ( 19.49999999999998934, 52.00000000000000711, -3.000000000000000000 ) ) ;
#2820 = CARTESIAN_POINT ( 'NONE',  ( -4.048615756362153206, -49.71875000204838813, 10.95138424363785035 ) ) ;
#2821 = ORIENTED_EDGE ( 'NONE', *, *, #1311, .T. ) ;
#2822 = DIRECTION ( 'NONE',  ( 0.000000000000000000, -1.000000000000000000, 0.000000000000000000 ) ) ;
#2823 = CARTESIAN_POINT ( 'NONE',  ( -14.40000000000000391, -50.65625000000000711, 9.650966799187807865 ) ) ;
#2824 = ORIENTED_EDGE ( 'NONE', *, *, #1459, .F. ) ;
#2825 = CARTESIAN_POINT ( 'NONE',  ( -2.411898812500000044, -49.43750000204839523, 4.685332700224302371 ) ) ;
#2826 = LINE ( 'NONE', #2227, #1699 ) ;
#2827 = LINE ( 'NONE', #1856, #1778 ) ;
#2828 = EDGE_CURVE ( 'NONE', #681, #2073, #433, .T. ) ;
#2829 = ORIENTED_EDGE ( 'NONE', *, *, #3993, .T. ) ;
#2830 = CARTESIAN_POINT ( 'NONE',  ( 7.572217245671899022, 28.08970425054967279, 0.000000000000000000 ) ) ;
#2831 = EDGE_CURVE ( 'NONE', #2897, #551, #2459, .T. ) ;
#2832 = CARTESIAN_POINT ( 'NONE',  ( 0.000000000000000000, -49.29999999999999716, 5.000000000000000000 ) ) ;
#2833 = CARTESIAN_POINT ( 'NONE',  ( -10.65096679918781497, -53.65625000409678336, 13.39999999999999858 ) ) ;
#2834 = DIRECTION ( 'NONE',  ( -1.000000000000000000, 0.000000000000000000, 0.000000000000000000 ) ) ;
#2835 = VERTEX_POINT ( 'NONE', #3367 ) ;
#2836 = CARTESIAN_POINT ( 'NONE',  ( 8.000000000000000000, -49.29999999999999716, 10.70000000000000107 ) ) ;
#2837 = CARTESIAN_POINT ( 'NONE',  ( -5.685332700224303260, -51.31250000204838813, 12.58810118749999951 ) ) ;
#2838 = CIRCLE ( 'NONE', #172, 2.999999999999999112 ) ;
#2839 = ORIENTED_EDGE ( 'NONE', *, *, #1964, .T. ) ;
#2840 = CARTESIAN_POINT ( 'NONE',  ( 11.15000000000000036, -36.99999999999997158, 3.199999999999997513 ) ) ;
#2841 = VERTEX_POINT ( 'NONE', #3700 ) ;
#2842 = CARTESIAN_POINT ( 'NONE',  ( -7.329782754328103778, 28.08970425054997122, -2.999999999999999112 ) ) ;
#2843 = DIRECTION ( 'NONE',  ( -0.000000000000000000, -0.000000000000000000, -1.000000000000000000 ) ) ;
#2844 = LINE ( 'NONE', #381, #1681 ) ;
#2845 = AXIS2_PLACEMENT_3D ( 'NONE', #286, #1821, #249 ) ;
#2846 = LINE ( 'NONE', #2572, #2624 ) ;
#2847 = ADVANCED_FACE ( 'NONE', ( #915 ), #4015, .T. ) ;
#2848 = AXIS2_PLACEMENT_3D ( 'NONE', #1053, #2535, #1913 ) ;
#2849 = DIRECTION ( 'NONE',  ( -3.697027429032479173E-18, 1.000000000000000000, 0.000000000000000000 ) ) ;
#2850 = VECTOR ( 'NONE', #1942, 1000.000000000000000 ) ;
#2851 = CARTESIAN_POINT ( 'NONE',  ( 19.50000000000000711, -49.29999999999999716, 16.00000000000000000 ) ) ;
#2852 = EDGE_CURVE ( 'NONE', #4045, #3780, #563, .T. ) ;
#2853 = CARTESIAN_POINT ( 'NONE',  ( -14.44770404086998106, -49.26515366926402351, 6.551740348840131567 ) ) ;
#2854 = AXIS2_PLACEMENT_3D ( 'NONE', #632, #2552, #1914 ) ;
#2855 = AXIS2_PLACEMENT_3D ( 'NONE', #3378, #905, #591 ) ;
#2856 = ORIENTED_EDGE ( 'NONE', *, *, #922, .F. ) ;
#2857 = CARTESIAN_POINT ( 'NONE',  ( 0.000000000000000000, 19.83287240715365840, 0.000000000000000000 ) ) ;
#2858 = PLANE ( 'NONE',  #537 ) ;
#2859 = ORIENTED_EDGE ( 'NONE', *, *, #448, .T. ) ;
#2860 = CARTESIAN_POINT ( 'NONE',  ( -3.699999999999998401, -3.799999999999983835, 9.107298248878237246E-15 ) ) ;
#2861 = EDGE_LOOP ( 'NONE', ( #136, #3629, #1384, #1505, #944, #1234 ) ) ;
#2862 = CARTESIAN_POINT ( 'NONE',  ( -13.12183758038401038, -48.90170725483944381, 4.219069093108315016 ) ) ;
#2863 = CARTESIAN_POINT ( 'NONE',  ( -3.752106034424912195, -49.30000000000003979, 3.350896933711892789 ) ) ;
#2864 = CARTESIAN_POINT ( 'NONE',  ( 1.149999999999999023, -36.99999999999997158, 9.107298248878237246E-15 ) ) ;
#2865 = DIRECTION ( 'NONE',  ( 3.697027429032479173E-18, -1.000000000000000000, 5.551115123125794535E-15 ) ) ;
#2866 = FACE_OUTER_BOUND ( 'NONE', #576, .T. ) ;
#2867 = ADVANCED_FACE ( 'NONE', ( #897 ), #1205, .T. ) ;
#2868 = FACE_OUTER_BOUND ( 'NONE', #369, .T. ) ;
#2869 = CARTESIAN_POINT ( 'NONE',  ( -3.474516600406095890, -50.00000000409676915, 2.474516600406096778 ) ) ;
#2870 = CARTESIAN_POINT ( 'NONE',  ( -5.349033200812190358, -49.71874999999999289, 0.6000000000000007550 ) ) ;
#2871 = ORIENTED_EDGE ( 'NONE', *, *, #284, .T. ) ;
#2872 = ADVANCED_FACE ( 'NONE', ( #2772 ), #3745, .T. ) ;
#2873 = DIRECTION ( 'NONE',  ( 3.697027429032479173E-18, -1.000000000000000000, -1.424043166158921928E-51 ) ) ;
#2874 = DIRECTION ( 'NONE',  ( 0.000000000000000000, -1.000000000000000000, -1.734723475976805615E-16 ) ) ;
#2875 = ORIENTED_EDGE ( 'NONE', *, *, #472, .T. ) ;
#2876 = CARTESIAN_POINT ( 'NONE',  ( 0.000000000000000000, 19.83287240715365840, -2.999999999999999556 ) ) ;
#2877 = ORIENTED_EDGE ( 'NONE', *, *, #300, .F. ) ;
#2878 = ADVANCED_FACE ( 'NONE', ( #1237 ), #519, .F. ) ;
#2879 = DIRECTION ( 'NONE',  ( -0.000000000000000000, 1.000000000000000000, -0.000000000000000000 ) ) ;
#2880 = CARTESIAN_POINT ( 'NONE',  ( 18.50000000000000355, -54.99999999999999289, 17.00000000000000355 ) ) ;
#2881 = CARTESIAN_POINT ( 'NONE',  ( -19.50000000000001066, 52.00000000000000711, -3.000000000000000000 ) ) ;
#2882 = CARTESIAN_POINT ( 'NONE',  ( -7.999996402997784806, -49.81250013130286902, 0.6000000000010118351 ) ) ;
#2883 = CARTESIAN_POINT ( 'NONE',  ( -2.411898812500000489, -55.15625000204838813, 7.000000000000000888 ) ) ;
#2884 = CARTESIAN_POINT ( 'NONE',  ( -7.679782754328103422, 28.08970425054997122, 23.36881416978414805 ) ) ;
#2885 = CARTESIAN_POINT ( 'NONE',  ( -16.50000000000001066, 52.00000000000000711, -2.000000000000000000 ) ) ;
#2886 = CARTESIAN_POINT ( 'NONE',  ( -3.474516600406096778, -53.37500000409676915, 11.52548339959390589 ) ) ;
#2887 = AXIS2_PLACEMENT_3D ( 'NONE', #717, #3341, #490 ) ;
#2888 = CARTESIAN_POINT ( 'NONE',  ( -19.49999999999999645, -54.99999999999999289, -3.000000000000000000 ) ) ;
#2889 = ORIENTED_EDGE ( 'NONE', *, *, #565, .F. ) ;
#2890 = CARTESIAN_POINT ( 'NONE',  ( -6.699999999999999289, -3.799999999999983835, 9.107298248878237246E-15 ) ) ;
#2891 = VECTOR ( 'NONE', #3007, 1000.000000000000000 ) ;
#2892 = FACE_OUTER_BOUND ( 'NONE', #1739, .T. ) ;
#2893 = ORIENTED_EDGE ( 'NONE', *, *, #2700, .T. ) ;
#2894 = EDGE_CURVE ( 'NONE', #3608, #2973, #3431, .T. ) ;
#2895 = ORIENTED_EDGE ( 'NONE', *, *, #86, .T. ) ;
#2896 = DIRECTION ( 'NONE',  ( 5.551115123125780237E-17, -1.942890293094050570E-16, 1.000000000000000000 ) ) ;
#2897 = VERTEX_POINT ( 'NONE', #3059 ) ;
#2898 = CIRCLE ( 'NONE', #765, 1.000000000000004441 ) ;
#2899 = DIRECTION ( 'NONE',  ( 1.284148034404965108E-16, -1.000000000000000000, 0.000000000000000000 ) ) ;
#2900 = CARTESIAN_POINT ( 'NONE',  ( -1.599999999999999867, -49.99999999999999289, 7.000000000000000888 ) ) ;
#2901 = EDGE_CURVE ( 'NONE', #3139, #3158, #2721, .T. ) ;
#2902 = CARTESIAN_POINT ( 'NONE',  ( 11.15000000000000036, 7.400000000000011013, 9.107298248878237246E-15 ) ) ;
#2903 = CARTESIAN_POINT ( 'NONE',  ( -13.58810118749999951, -53.00000000204838813, 4.685332700224302371 ) ) ;
#2904 = ORIENTED_EDGE ( 'NONE', *, *, #1308, .F. ) ;
#2905 = DIRECTION ( 'NONE',  ( 1.357467117055732741E-16, -1.000000000000000000, 0.000000000000000000 ) ) ;
#2906 = CARTESIAN_POINT ( 'NONE',  ( -14.40000000000000036, -52.43750000409676915, 7.000000000000000000 ) ) ;
#2907 = VECTOR ( 'NONE', #1843, 1000.000000000000000 ) ;
#2908 = CARTESIAN_POINT ( 'NONE',  ( -3.474516600406095890, -51.50000000409676915, 2.474516600406096778 ) ) ;
#2909 = AXIS2_PLACEMENT_3D ( 'NONE', #80, #1036, #1341 ) ;
#2910 = ORIENTED_EDGE ( 'NONE', *, *, #1689, .T. ) ;
#2911 = LINE ( 'NONE', #1649, #2386 ) ;
#2912 = CARTESIAN_POINT ( 'NONE',  ( -13.60527810681834993, -54.99999999999996447, 9.523705831029682045 ) ) ;
#2913 = ORIENTED_EDGE ( 'NONE', *, *, #1919, .T. ) ;
#2914 = AXIS2_PLACEMENT_3D ( 'NONE', #2006, #3346, #2639 ) ;
#2915 = AXIS2_PLACEMENT_3D ( 'NONE', #3732, #1495, #3920 ) ;
#2916 = CARTESIAN_POINT ( 'NONE',  ( -8.000000000000000000, -50.65625000204838813, 1.411898812500001377 ) ) ;
#2917 = EDGE_LOOP ( 'NONE', ( #2765, #1569, #43, #2617 ) ) ;
#2918 = DIRECTION ( 'NONE',  ( -1.000000000000000000, 0.000000000000000000, 0.000000000000000000 ) ) ;
#2919 = ORIENTED_EDGE ( 'NONE', *, *, #1683, .T. ) ;
#2920 = VECTOR ( 'NONE', #575, 1000.000000000000000 ) ;
#2921 = EDGE_CURVE ( 'NONE', #1985, #3077, #3411, .T. ) ;
#2922 = PLANE ( 'NONE',  #2461 ) ;
#2923 = EDGE_LOOP ( 'NONE', ( #1433, #1218, #2979, #2384, #1695, #4013, #3345, #1448 ) ) ;
#2924 = CYLINDRICAL_SURFACE ( 'NONE', #1893, 6.400000000000000355 ) ;
#2925 = CARTESIAN_POINT ( 'NONE',  ( -16.50000000000001066, 52.00000000000000711, -1.299999999999992939 ) ) ;
#2926 = EDGE_CURVE ( 'NONE', #4075, #1127, #269, .T. ) ;
#2927 = LINE ( 'NONE', #1392, #2644 ) ;
#2928 = VERTEX_POINT ( 'NONE', #225 ) ;
#2929 = EDGE_CURVE ( 'NONE', #3495, #3101, #1781, .T. ) ;
#2930 = CARTESIAN_POINT ( 'NONE',  ( 11.15000000000000036, 12.40000000000001101, 1.499999999999997558 ) ) ;
#2931 = CARTESIAN_POINT ( 'NONE',  ( -3.474516600406095890, -53.00000000409676915, 2.474516600406096778 ) ) ;
#2932 = ORIENTED_EDGE ( 'NONE', *, *, #1268, .T. ) ;
#2933 = DIRECTION ( 'NONE',  ( -0.000000000000000000, 0.000000000000000000, 1.000000000000000000 ) ) ;
#2934 = ORIENTED_EDGE ( 'NONE', *, *, #1749, .F. ) ;
#2935 = CARTESIAN_POINT ( 'NONE',  ( -4.048615756362153206, -49.71875000204838813, 10.95138424363785035 ) ) ;
#2936 = VERTEX_POINT ( 'NONE', #3453 ) ;
#2937 = DIRECTION ( 'NONE',  ( 1.000000000000000000, 0.000000000000000000, 0.000000000000000000 ) ) ;
#2938 = CARTESIAN_POINT ( 'NONE',  ( -1.600000000000001865, -51.59375000000000711, 9.650966799187816747 ) ) ;
#2939 = ORIENTED_EDGE ( 'NONE', *, *, #17, .F. ) ;
#2940 = EDGE_CURVE ( 'NONE', #3161, #2531, #544, .T. ) ;
#2941 = CARTESIAN_POINT ( 'NONE',  ( -17.00000000000000000, 0.000000000000000000, 5.000000000000000000 ) ) ;
#2942 = CARTESIAN_POINT ( 'NONE',  ( 11.15000000000000036, -34.99999999999997868, 3.199999999999997513 ) ) ;
#2943 = ADVANCED_FACE ( 'NONE', ( #4079 ), #1221, .F. ) ;
#2944 = ORIENTED_EDGE ( 'NONE', *, *, #366, .T. ) ;
#2945 = CYLINDRICAL_SURFACE ( 'NONE', #2887, 6.400000000000000355 ) ;
#2946 = CARTESIAN_POINT ( 'NONE',  ( -11.95138424363785035, -49.71875000204838813, 10.95138424363785035 ) ) ;
#2947 = EDGE_CURVE ( 'NONE', #2468, #2, #2501, .T. ) ;
#2948 = LINE ( 'NONE', #450, #974 ) ;
#2949 = VERTEX_POINT ( 'NONE', #878 ) ;
#2950 = DIRECTION ( 'NONE',  ( -1.000000000000000000, 0.000000000000000000, 3.851859888774471706E-34 ) ) ;
#2951 = CARTESIAN_POINT ( 'NONE',  ( -3.382398461466909367, -49.29999999999999005, 10.14716235886802664 ) ) ;
#2952 = CARTESIAN_POINT ( 'NONE',  ( -13.62975353241157883, -48.79640367131241163, 6.608606204850813626 ) ) ;
#2953 = ORIENTED_EDGE ( 'NONE', *, *, #1794, .T. ) ;
#2954 = CARTESIAN_POINT ( 'NONE',  ( -2.680548286210613362, -49.29999999999999005, 5.249901833853028776 ) ) ;
#2955 = PLANE ( 'NONE',  #3027 ) ;
#2956 = CARTESIAN_POINT ( 'NONE',  ( 1.149999999999999023, 7.400000000000011013, 9.107298248878237246E-15 ) ) ;
#2957 = ORIENTED_EDGE ( 'NONE', *, *, #284, .F. ) ;
#2958 = DIRECTION ( 'NONE',  ( 0.000000000000000000, 0.000000000000000000, -1.000000000000000000 ) ) ;
#2959 = CARTESIAN_POINT ( 'NONE',  ( -10.31466729977569585, -54.68750000204838813, 1.411898812500001377 ) ) ;
#2960 = VECTOR ( 'NONE', #1060, 1000.000000000000000 ) ;
#2961 = DIRECTION ( 'NONE',  ( -0.000000000000000000, -0.000000000000000000, 1.000000000000000000 ) ) ;
#2962 = EDGE_CURVE ( 'NONE', #3497, #2733, #830, .T. ) ;
#2963 = CARTESIAN_POINT ( 'NONE',  ( -2.411898812499999600, -52.15625000204838102, 7.000000000000000888 ) ) ;
#2964 = DIRECTION ( 'NONE',  ( 3.697027429032479173E-18, -1.000000000000000000, 5.551115123125794535E-15 ) ) ;
#2965 = ORIENTED_EDGE ( 'NONE', *, *, #2273, .F. ) ;
#2966 = DIRECTION ( 'NONE',  ( -1.000000000000000000, -0.000000000000000000, -0.000000000000000000 ) ) ;
#2967 = AXIS2_PLACEMENT_3D ( 'NONE', #92, #2275, #1352 ) ;
#2968 = EDGE_CURVE ( 'NONE', #1123, #938, #2096, .T. ) ;
#2969 = CARTESIAN_POINT ( 'NONE',  ( -3.474516600406096778, -50.37500000409676915, 11.52548339959390589 ) ) ;
#2970 = PLANE ( 'NONE',  #2186 ) ;
#2971 = CARTESIAN_POINT ( 'NONE',  ( -2.411898812500000044, -49.43750000204839523, 4.685332700224302371 ) ) ;
#2972 = VECTOR ( 'NONE', #3628, 1000.000000000000000 ) ;
#2973 = VERTEX_POINT ( 'NONE', #3155 ) ;
#2974 = LINE ( 'NONE', #2101, #781 ) ;
#2975 = CARTESIAN_POINT ( 'NONE',  ( -11.09137990423858966, -54.99999999999995026, 2.330281630024829020 ) ) ;
#2976 = DIRECTION ( 'NONE',  ( -1.000000000000000000, 0.000000000000000000, 2.168404344971006896E-16 ) ) ;
#2977 = AXIS2_PLACEMENT_3D ( 'NONE', #3140, #4100, #3866 ) ;
#2978 = VECTOR ( 'NONE', #2993, 1000.000000000000000 ) ;
#2979 = ORIENTED_EDGE ( 'NONE', *, *, #274, .T. ) ;
#2980 = CARTESIAN_POINT ( 'NONE',  ( 7.572217245671899022, 28.08970425054967279, 23.36881416978414805 ) ) ;
#2981 = CARTESIAN_POINT ( 'NONE',  ( -5.685332700224303260, -49.43750000204839523, 12.58810118749999774 ) ) ;
#2982 = CARTESIAN_POINT ( 'NONE',  ( -8.029782754328099514, -1.090016604610160649E-15, -3.000000000000000000 ) ) ;
#2983 = CARTESIAN_POINT ( 'NONE',  ( -8.000000000000000000, -52.62499999999999289, 0.6000000000000007550 ) ) ;
#2984 = VECTOR ( 'NONE', #1650, 1000.000000000000000 ) ;
#2985 = ORIENTED_EDGE ( 'NONE', *, *, #3863, .T. ) ;
#2986 = DIRECTION ( 'NONE',  ( 3.697027429032479173E-18, -1.000000000000000000, -1.424043166158921928E-51 ) ) ;
#2987 = CARTESIAN_POINT ( 'NONE',  ( -4.048615756362150542, -50.46875000204838102, 3.048615756362150986 ) ) ;
#2988 = DIRECTION ( 'NONE',  ( 5.551115123125780237E-17, -1.942890293094050570E-16, 1.000000000000000000 ) ) ;
#2989 = ADVANCED_FACE ( 'NONE', ( #620 ), #2574, .F. ) ;
#2990 = VERTEX_POINT ( 'NONE', #1563 ) ;
#2991 = CARTESIAN_POINT ( 'NONE',  ( -6.699999999999999289, 0.000000000000000000, 5.000000000000000000 ) ) ;
#2992 = CARTESIAN_POINT ( 'NONE',  ( -7.056587658542205155, -49.30000000000000426, 12.85386360729884991 ) ) ;
#2993 = DIRECTION ( 'NONE',  ( -0.000000000000000000, -0.000000000000000000, 1.000000000000000000 ) ) ;
#2994 = CARTESIAN_POINT ( 'NONE',  ( -13.58810118749999951, -53.37500000204839523, 4.685332700224302371 ) ) ;
#2995 = ADVANCED_FACE ( 'NONE', ( #3861 ), #2555, .F. ) ;
#2996 = ORIENTED_EDGE ( 'NONE', *, *, #937, .F. ) ;
#2997 = CARTESIAN_POINT ( 'NONE',  ( 16.49999999999998579, 55.00000000000000711, -1.299999999999992939 ) ) ;
#2998 = CARTESIAN_POINT ( 'NONE',  ( -9.066832095754001841, -54.99999999999995737, 1.511636510254350085 ) ) ;
#2999 = FACE_OUTER_BOUND ( 'NONE', #1651, .T. ) ;
#3000 = VERTEX_POINT ( 'NONE', #3214 ) ;
#3001 = CYLINDRICAL_SURFACE ( 'NONE', #703, 0.3499999999999996447 ) ;
#3002 = EDGE_CURVE ( 'NONE', #1330, #501, #3547, .T. ) ;
#3003 = CARTESIAN_POINT ( 'NONE',  ( -2.411898812500000489, -55.53125000204838813, 7.000000000000000888 ) ) ;
#3004 = DIRECTION ( 'NONE',  ( 0.000000000000000000, -1.000000000000000000, 0.000000000000000000 ) ) ;
#3005 = CARTESIAN_POINT ( 'NONE',  ( -18.69999999999997797, -49.29999999999999716, 4.999999999999996447 ) ) ;
#3006 = ORIENTED_EDGE ( 'NONE', *, *, #505, .F. ) ;
#3007 = DIRECTION ( 'NONE',  ( -0.000000000000000000, -0.000000000000000000, -1.000000000000000000 ) ) ;
#3008 = CARTESIAN_POINT ( 'NONE',  ( -11.95138424363784857, -50.09375000204838102, 3.048615756362150986 ) ) ;
#3009 = FACE_OUTER_BOUND ( 'NONE', #1081, .T. ) ;
#3010 = ORIENTED_EDGE ( 'NONE', *, *, #2611, .T. ) ;
#3011 = LINE ( 'NONE', #3996, #595 ) ;
#3012 = CARTESIAN_POINT ( 'NONE',  ( -3.631781338316792063, -49.30000000000001137, 10.57866300887158140 ) ) ;
#3013 = DIRECTION ( 'NONE',  ( -1.000000000000000000, -3.697027429032479173E-18, 0.000000000000000000 ) ) ;
#3014 = EDGE_CURVE ( 'NONE', #399, #3139, #3822, .T. ) ;
#3015 = CARTESIAN_POINT ( 'NONE',  ( -5.349033200812190358, -52.71875000000000000, 0.6000000000000007550 ) ) ;
#3016 = ORIENTED_EDGE ( 'NONE', *, *, #90, .F. ) ;
#3017 = CARTESIAN_POINT ( 'NONE',  ( -8.494586454066814341, -49.29999999999997584, 1.145115161743087695 ) ) ;
#3018 = CARTESIAN_POINT ( 'NONE',  ( -8.000000000000000000, -49.29999999999999716, 7.000000000000000888 ) ) ;
#3019 = CARTESIAN_POINT ( 'NONE',  ( -2.411898812500000044, -53.93750000204839523, 4.685332700224302371 ) ) ;
#3020 = ADVANCED_FACE ( 'NONE', ( #1258 ), #3613, .T. ) ;
#3021 = VERTEX_POINT ( 'NONE', #1877 ) ;
#3022 = CARTESIAN_POINT ( 'NONE',  ( -18.49999999999999645, -54.99999999999999289, 17.00000000000000355 ) ) ;
#3023 = VECTOR ( 'NONE', #221, 1000.000000000000000 ) ;
#3024 = CARTESIAN_POINT ( 'NONE',  ( -11.95138424363785035, -49.71875000204838813, 10.95138424363784857 ) ) ;
#3025 = CARTESIAN_POINT ( 'NONE',  ( -2.411898812500000489, -50.65625000204838813, 7.000000000000000888 ) ) ;
#3026 = CARTESIAN_POINT ( 'NONE',  ( 16.49999999999998579, 54.30000000000001137, -3.000000000000000000 ) ) ;
#3027 = AXIS2_PLACEMENT_3D ( 'NONE', #2516, #1917, #3485 ) ;
#3028 = ADVANCED_FACE ( 'NONE', ( #2868 ), #304, .T. ) ;
#3029 = ORIENTED_EDGE ( 'NONE', *, *, #1941, .F. ) ;
#3030 = DIRECTION ( 'NONE',  ( -1.000000000000000000, 0.000000000000000000, 0.000000000000000000 ) ) ;
#3031 =( GEOMETRIC_REPRESENTATION_CONTEXT ( 3 ) GLOBAL_UNCERTAINTY_ASSIGNED_CONTEXT ( ( #414 ) ) GLOBAL_UNIT_ASSIGNED_CONTEXT ( ( #868, #2153, #3145 ) ) REPRESENTATION_CONTEXT ( 'NONE', 'WORKASPACE' ) );
#3032 = CARTESIAN_POINT ( 'NONE',  ( -13.58810118749999951, -54.50000000204839523, 4.685332700224302371 ) ) ;
#3033 = CARTESIAN_POINT ( 'NONE',  ( 10.07221724567190080, 28.08970425054967279, 2.299999999999996270 ) ) ;
#3034 = ORIENTED_EDGE ( 'NONE', *, *, #636, .T. ) ;
#3035 = CARTESIAN_POINT ( 'NONE',  ( -6.699999999999999289, -33.00000000000001421, 2.999999999999999556 ) ) ;
#3036 = CARTESIAN_POINT ( 'NONE',  ( -10.22992324709685263, -49.29999999999999716, 12.72812480937753499 ) ) ;
#3037 = CARTESIAN_POINT ( 'NONE',  ( -5.349033200812189470, -54.78124999999999289, 13.40000000000000036 ) ) ;
#3038 = VECTOR ( 'NONE', #3994, 1000.000000000000000 ) ;
#3039 = ORIENTED_EDGE ( 'NONE', *, *, #3964, .T. ) ;
#3040 = LINE ( 'NONE', #1425, #3113 ) ;
#3041 = PLANE ( 'NONE',  #2696 ) ;
#3042 = CARTESIAN_POINT ( 'NONE',  ( 7.922217245671898667, 0.000000000000000000, -3.000000000000000000 ) ) ;
#3043 = ORIENTED_EDGE ( 'NONE', *, *, #3503, .T. ) ;
#3044 = AXIS2_PLACEMENT_3D ( 'NONE', #3422, #3716, #2134 ) ;
#3045 = EDGE_LOOP ( 'NONE', ( #3921, #2442, #2692, #3181, #1005, #2146, #2411, #1995, #2965, #1591 ) ) ;
#3046 = ADVANCED_FACE ( 'NONE', ( #1290 ), #326, .F. ) ;
#3047 = CARTESIAN_POINT ( 'NONE',  ( -8.000000000000001776, -54.40625000204838813, 12.58810118750000129 ) ) ;
#3048 = VECTOR ( 'NONE', #1225, 1000.000000000000000 ) ;
#3049 = CARTESIAN_POINT ( 'NONE',  ( -17.00000000000000000, -33.00000000000001421, 3.000000000000000000 ) ) ;
#3050 = CARTESIAN_POINT ( 'NONE',  ( -14.40000000000000036, -51.03125000409676915, 4.349033200812192135 ) ) ;
#3051 = VECTOR ( 'NONE', #1688, 1000.000000000000000 ) ;
#3052 = ADVANCED_FACE ( 'NONE', ( #2595 ), #1620, .T. ) ;
#3053 = ORIENTED_EDGE ( 'NONE', *, *, #2001, .F. ) ;
#3054 = LINE ( 'NONE', #3721, #3691 ) ;
#3055 = CARTESIAN_POINT ( 'NONE',  ( 15.99999999999999645, -3.799999999999983835, 9.107298248878237246E-15 ) ) ;
#3056 = LINE ( 'NONE', #494, #446 ) ;
#3057 = EDGE_CURVE ( 'NONE', #1516, #1452, #2539, .T. ) ;
#3058 = ORIENTED_EDGE ( 'NONE', *, *, #2077, .F. ) ;
#3059 = CARTESIAN_POINT ( 'NONE',  ( -10.17978275432810342, 40.86882393736287611, 2.299999999999996270 ) ) ;
#3060 = CARTESIAN_POINT ( 'NONE',  ( -7.784420179722680189, -49.30000000000000426, 12.97573838564552062 ) ) ;
#3061 = CARTESIAN_POINT ( 'NONE',  ( -14.40000000000000036, -55.34375000000000000, 4.349033200812191247 ) ) ;
#3062 = ORIENTED_EDGE ( 'NONE', *, *, #2226, .F. ) ;
#3063 = CARTESIAN_POINT ( 'NONE',  ( -10.87403669344878843, -49.29999999999997584, 1.662090632505380139 ) ) ;
#3064 = AXIS2_PLACEMENT_3D ( 'NONE', #1366, #2822, #2422 ) ;
#3065 = DIRECTION ( 'NONE',  ( 1.000000000000000000, 0.000000000000000000, -0.000000000000000000 ) ) ;
#3066 = CARTESIAN_POINT ( 'NONE',  ( -5.685332700224303260, -52.81250000204838813, 12.58810118749999951 ) ) ;
#3067 = EDGE_LOOP ( 'NONE', ( #3805, #3429, #1458, #2407 ) ) ;
#3068 = CARTESIAN_POINT ( 'NONE',  ( -1.599999999999999867, -52.99999999999999289, 7.000000000000000888 ) ) ;
#3069 = ORIENTED_EDGE ( 'NONE', *, *, #3796, .T. ) ;
#3070 = CARTESIAN_POINT ( 'NONE',  ( -4.048615756362153206, -54.21875000204838813, 10.95138424363785035 ) ) ;
#3071 = CARTESIAN_POINT ( 'NONE',  ( -11.95138424363785035, -52.71875000204838102, 10.95138424363784857 ) ) ;
#3072 = CARTESIAN_POINT ( 'NONE',  ( 18.50000000000000355, -49.29999999999999716, 16.00000000000000000 ) ) ;
#3073 = VERTEX_POINT ( 'NONE', #934 ) ;
#3074 = DIRECTION ( 'NONE',  ( 0.000000000000000000, 0.000000000000000000, -1.000000000000000000 ) ) ;
#3075 = ADVANCED_FACE ( 'NONE', ( #344 ), #3802, .T. ) ;
#3076 = CARTESIAN_POINT ( 'NONE',  ( -16.50000000000001066, 52.00000000000000711, -3.000000000000000000 ) ) ;
#3077 = VERTEX_POINT ( 'NONE', #1600 ) ;
#3078 = DIRECTION ( 'NONE',  ( 0.000000000000000000, 1.000000000000000000, 1.942890293094050570E-16 ) ) ;
#3079 = CARTESIAN_POINT ( 'NONE',  ( 11.15000000000000036, 14.40000000000000391, 3.199999999999997513 ) ) ;
#3080 = CARTESIAN_POINT ( 'NONE',  ( -8.000000000000001776, -54.87499999999999289, 13.40000000000000213 ) ) ;
#3081 = ORIENTED_EDGE ( 'NONE', *, *, #1658, .T. ) ;
#3082 = CARTESIAN_POINT ( 'NONE',  ( 16.49999999999998579, 54.30000000000001137, -2.000000000000000000 ) ) ;
#3083 = CARTESIAN_POINT ( 'NONE',  ( 7.572217245671899022, 28.08970425054967279, 23.36881416978414805 ) ) ;
#3084 = CARTESIAN_POINT ( 'NONE',  ( -2.411898812500000044, -49.43750000204838813, 4.685332700224302371 ) ) ;
#3085 = ORIENTED_EDGE ( 'NONE', *, *, #1408, .T. ) ;
#3086 = DIRECTION ( 'NONE',  ( 1.000000000000000000, 0.000000000000000000, 0.000000000000000000 ) ) ;
#3087 = ORIENTED_EDGE ( 'NONE', *, *, #454, .T. ) ;
#3088 = VECTOR ( 'NONE', #3487, 1000.000000000000000 ) ;
#3089 = CARTESIAN_POINT ( 'NONE',  ( -10.31466729977569941, -50.00000000204838813, 12.58810118749999774 ) ) ;
#3090 = CARTESIAN_POINT ( 'NONE',  ( -13.58810118749999951, -49.90625000204838813, 7.000000000000000000 ) ) ;
#3091 = EDGE_LOOP ( 'NONE', ( #2068, #3221, #3513, #18 ) ) ;
#3092 = EDGE_LOOP ( 'NONE', ( #170, #178, #2085, #64, #3733, #3904 ) ) ;
#3093 = DIRECTION ( 'NONE',  ( -0.000000000000000000, -0.000000000000000000, -1.000000000000000000 ) ) ;
#3094 = LINE ( 'NONE', #743, #3051 ) ;
#3095 = FACE_OUTER_BOUND ( 'NONE', #3527, .T. ) ;
#3096 = ORIENTED_EDGE ( 'NONE', *, *, #1749, .T. ) ;
#3097 = EDGE_CURVE ( 'NONE', #1512, #3731, #639, .T. ) ;
#3098 = CARTESIAN_POINT ( 'NONE',  ( 11.15000000000000036, 12.40000000000000391, 3.199999999999997513 ) ) ;
#3099 = CARTESIAN_POINT ( 'NONE',  ( -1.599999999999999867, -54.99999999999999289, 7.000000000000000888 ) ) ;
#3100 = CARTESIAN_POINT ( 'NONE',  ( -12.52548339959390589, -55.06249999999999289, 11.52548339959390589 ) ) ;
#3101 = VERTEX_POINT ( 'NONE', #2930 ) ;
#3102 = EDGE_CURVE ( 'NONE', #1039, #1330, #1898, .T. ) ;
#3103 = LINE ( 'NONE', #254, #4050 ) ;
#3104 = CARTESIAN_POINT ( 'NONE',  ( -10.31466729977569763, -50.56250000204838813, 1.411898812500001377 ) ) ;
#3105 = ORIENTED_EDGE ( 'NONE', *, *, #2784, .T. ) ;
#3106 = LINE ( 'NONE', #2129, #2424 ) ;
#3107 = DIRECTION ( 'NONE',  ( -0.000000000000000000, -0.000000000000000000, -1.000000000000000000 ) ) ;
#3108 = ORIENTED_EDGE ( 'NONE', *, *, #3217, .T. ) ;
#3109 = CARTESIAN_POINT ( 'NONE',  ( -4.048615756362151430, -52.34375000204838102, 3.048615756362151874 ) ) ;
#3110 = CARTESIAN_POINT ( 'NONE',  ( -10.31466729977570118, -51.12500000204838813, 12.58810118749999951 ) ) ;
#3111 = DIRECTION ( 'NONE',  ( 0.000000000000000000, 0.000000000000000000, 1.000000000000000000 ) ) ;
#3112 = VECTOR ( 'NONE', #2116, 1000.000000000000000 ) ;
#3113 = VECTOR ( 'NONE', #502, 1000.000000000000114 ) ;
#3114 = EDGE_LOOP ( 'NONE', ( #3874, #1951, #4027 ) ) ;
#3115 = CARTESIAN_POINT ( 'NONE',  ( -8.029782754328104843, 40.86882393736287611, 23.36881416978414805 ) ) ;
#3116 = CARTESIAN_POINT ( 'NONE',  ( -17.00000000000000000, 0.000000000000000000, 5.000000000000000000 ) ) ;
#3117 = VECTOR ( 'NONE', #1030, 1000.000000000000000 ) ;
#3118 = AXIS2_PLACEMENT_3D ( 'NONE', #2021, #3294, #1193 ) ;
#3119 = VERTEX_POINT ( 'NONE', #1937 ) ;
#3120 = DIRECTION ( 'NONE',  ( -1.261617073437677999E-16, 1.000000000000000000, 0.000000000000000000 ) ) ;
#3121 = CARTESIAN_POINT ( 'NONE',  ( -12.52548339959390589, -53.75000000409676915, 11.52548339959390589 ) ) ;
#3122 = EDGE_CURVE ( 'NONE', #2157, #1985, #3469, .T. ) ;
#3123 = DIRECTION ( 'NONE',  ( 0.000000000000000000, -1.000000000000000000, 0.000000000000000000 ) ) ;
#3124 = ORIENTED_EDGE ( 'NONE', *, *, #2929, .F. ) ;
#3125 = CARTESIAN_POINT ( 'NONE',  ( -19.49999999999999645, -56.07000000000000028, -1.299999999999992939 ) ) ;
#3126 = CARTESIAN_POINT ( 'NONE',  ( -10.31466729977570118, -50.00000000204838813, 12.58810118749999951 ) ) ;
#3127 = ORIENTED_EDGE ( 'NONE', *, *, #604, .T. ) ;
#3128 = ADVANCED_FACE ( 'NONE', ( #2231, #659, #51, #1006, #2002, #1680, #1663 ), #1417, .T. ) ;
#3129 = CARTESIAN_POINT ( 'NONE',  ( -7.329782754328103778, 28.08970425054997122, 23.36881416978414805 ) ) ;
#3130 = ORIENTED_EDGE ( 'NONE', *, *, #2435, .T. ) ;
#3131 = SURFACE_STYLE_FILL_AREA ( #928 ) ;
#3132 = FACE_OUTER_BOUND ( 'NONE', #2923, .T. ) ;
#3133 = CARTESIAN_POINT ( 'NONE',  ( 11.15000000000000036, -36.99999999999997158, 9.107298248878237246E-15 ) ) ;
#3134 = ORIENTED_EDGE ( 'NONE', *, *, #2962, .T. ) ;
#3135 = CARTESIAN_POINT ( 'NONE',  ( -17.00000000000000000, -5.819999999999993179, 4.610000000000001208 ) ) ;
#3136 = DIRECTION ( 'NONE',  ( 1.357467117055732741E-16, -1.000000000000000000, -1.942890293094050570E-16 ) ) ;
#3137 = CARTESIAN_POINT ( 'NONE',  ( 11.15000000000000036, -36.99999999999997158, 0.000000000000000000 ) ) ;
#3138 = DIRECTION ( 'NONE',  ( 0.000000000000000000, 0.000000000000000000, -1.000000000000000000 ) ) ;
#3139 = VERTEX_POINT ( 'NONE', #2701 ) ;
#3140 = CARTESIAN_POINT ( 'NONE',  ( 8.000000000000000000, -49.29999999999999716, 7.000000000000000888 ) ) ;
#3141 = CARTESIAN_POINT ( 'NONE',  ( 5.072217245671898134, 28.08970425054967279, 2.299999999999993161 ) ) ;
#3142 = EDGE_LOOP ( 'NONE', ( #2558, #463, #2504, #3464 ) ) ;
#3143 = CARTESIAN_POINT ( 'NONE',  ( -19.50000000000001066, 55.00000000000000711, 4.199999999999977085 ) ) ;
#3144 = ORIENTED_EDGE ( 'NONE', *, *, #2385, .F. ) ;
#3145 =( NAMED_UNIT ( * ) SI_UNIT ( $, .STERADIAN. ) SOLID_ANGLE_UNIT ( ) );
#3146 = ADVANCED_FACE ( 'NONE', ( #1982 ), #805, .F. ) ;
#3147 = DIRECTION ( 'NONE',  ( -0.7071067811865474617, -0.000000000000000000, 0.7071067811865474617 ) ) ;
#3148 = DIRECTION ( 'NONE',  ( -1.284148034404965108E-16, 1.000000000000000000, 0.000000000000000000 ) ) ;
#3149 = CARTESIAN_POINT ( 'NONE',  ( -12.52548339959390411, -49.62500000409676915, 2.474516600406096778 ) ) ;
#3150 = EDGE_CURVE ( 'NONE', #2549, #146, #2357, .T. ) ;
#3151 = FACE_BOUND ( 'NONE', #4009, .T. ) ;
#3152 = AXIS2_PLACEMENT_3D ( 'NONE', #2035, #1450, #2419 ) ;
#3153 =( GEOMETRIC_REPRESENTATION_CONTEXT ( 3 ) GLOBAL_UNCERTAINTY_ASSIGNED_CONTEXT ( ( #36 ) ) GLOBAL_UNIT_ASSIGNED_CONTEXT ( ( #3440, #1475, #2760 ) ) REPRESENTATION_CONTEXT ( 'NONE', 'WORKASPACE' ) );
#3154 = AXIS2_PLACEMENT_3D ( 'NONE', #3449, #1796, #2768 ) ;
#3155 = CARTESIAN_POINT ( 'NONE',  ( -18.69999999999997442, -49.29999999999999716, 5.000000000000000000 ) ) ;
#3156 = PLANE ( 'NONE',  #2845 ) ;
#3157 = CARTESIAN_POINT ( 'NONE',  ( -12.52548339959390411, -49.43749999999999289, 2.474516600406096778 ) ) ;
#3158 = VERTEX_POINT ( 'NONE', #3296 ) ;
#3159 = CYLINDRICAL_SURFACE ( 'NONE', #3174, 2.500000000000000444 ) ;
#3160 = CARTESIAN_POINT ( 'NONE',  ( -13.58810118749999774, -50.18750000204838813, 9.314667299775697629 ) ) ;
#3161 = VERTEX_POINT ( 'NONE', #737 ) ;
#3162 = CARTESIAN_POINT ( 'NONE',  ( -8.000000000000000000, -51.12499999999999289, 0.6000000000000007550 ) ) ;
#3163 = VERTEX_POINT ( 'NONE', #1372 ) ;
#3164 = CARTESIAN_POINT ( 'NONE',  ( -8.000000000000001776, -51.40625000204838102, 12.58810118750000129 ) ) ;
#3165 = PLANE ( 'NONE',  #1368 ) ;
#3166 = DIRECTION ( 'NONE',  ( 1.000000000000000000, 0.000000000000000000, 0.000000000000000000 ) ) ;
#3167 = CARTESIAN_POINT ( 'NONE',  ( -23.40312423743284143, -37.00000000000000000, 2.053912595556543891E-13 ) ) ;
#3168 = EDGE_CURVE ( 'NONE', #2835, #2266, #3257, .T. ) ;
#3169 = VECTOR ( 'NONE', #1159, 1000.000000000000000 ) ;
#3170 = CYLINDRICAL_SURFACE ( 'NONE', #633, 0.4999999999999970024 ) ;
#3171 = VECTOR ( 'NONE', #3004, 1000.000000000000000 ) ;
#3172 = ADVANCED_FACE ( 'NONE', ( #428 ), #1706, .F. ) ;
#3173 = CARTESIAN_POINT ( 'NONE',  ( -16.50000000000001066, 55.00000000000000711, 4.199999999999977085 ) ) ;
#3174 = AXIS2_PLACEMENT_3D ( 'NONE', #3, #665, #3573 ) ;
#3175 = AXIS2_PLACEMENT_3D ( 'NONE', #875, #2030, #559 ) ;
#3176 = CARTESIAN_POINT ( 'NONE',  ( -14.40000000000000391, -52.34375000409677625, 9.650966799187807865 ) ) ;
#3177 = ADVANCED_FACE ( 'NONE', ( #757 ), #2945, .F. ) ;
#3178 = CARTESIAN_POINT ( 'NONE',  ( 1.149999999999999023, -29.99999999999997868, 1.500000000000001554 ) ) ;
#3179 = VECTOR ( 'NONE', #265, 1000.000000000000000 ) ;
#3180 = AXIS2_PLACEMENT_3D ( 'NONE', #2876, #1867, #311 ) ;
#3181 = ORIENTED_EDGE ( 'NONE', *, *, #1815, .T. ) ;
#3182 = CARTESIAN_POINT ( 'NONE',  ( -19.50000000000001066, 52.00000000000000711, 4.199999999999977085 ) ) ;
#3183 = CARTESIAN_POINT ( 'NONE',  ( -13.10140416517704054, -55.00000000000000000, 4.303444605816289403 ) ) ;
#3184 = ORIENTED_EDGE ( 'NONE', *, *, #1609, .T. ) ;
#3185 = LINE ( 'NONE', #2840, #3715 ) ;
#3186 = AXIS2_PLACEMENT_3D ( 'NONE', #3769, #2148, #1849 ) ;
#3187 = VERTEX_POINT ( 'NONE', #3922 ) ;
#3188 = CARTESIAN_POINT ( 'NONE',  ( -16.50000000000001066, 52.00000000000000711, 0.000000000000000000 ) ) ;
#3189 = CARTESIAN_POINT ( 'NONE',  ( 1.999999999999999112, 19.83287240715365840, 0.000000000000000000 ) ) ;
#3190 = LINE ( 'NONE', #598, #2920 ) ;
#3191 = LINE ( 'NONE', #674, #1894 ) ;
#3192 = DIRECTION ( 'NONE',  ( 1.000000000000000000, 0.000000000000000000, -0.000000000000000000 ) ) ;
#3193 = FACE_OUTER_BOUND ( 'NONE', #3589, .T. ) ;
#3194 = ADVANCED_FACE ( 'NONE', ( #2679 ), #88, .T. ) ;
#3195 = DIRECTION ( 'NONE',  ( -3.271180111490217890E-33, 7.806255641895636855E-16, -1.000000000000000000 ) ) ;
#3196 = ADVANCED_FACE ( 'NONE', ( #3321 ), #2295, .F. ) ;
#3197 = CARTESIAN_POINT ( 'NONE',  ( -14.40000000000000036, -49.43750000409677625, 7.000000000000000000 ) ) ;
#3198 = CARTESIAN_POINT ( 'NONE',  ( -6.699999999999999289, -9.820000000000019824, -1.398410389168064527E-50 ) ) ;
#3199 = ORIENTED_EDGE ( 'NONE', *, *, #3941, .F. ) ;
#3200 = CARTESIAN_POINT ( 'NONE',  ( 18.50000000000000355, -54.99999999999999289, 16.00000000000000000 ) ) ;
#3201 = ADVANCED_FACE ( 'NONE', ( #1046 ), #2634, .F. ) ;
#3202 = LINE ( 'NONE', #2261, #3577 ) ;
#3203 = ORIENTED_EDGE ( 'NONE', *, *, #300, .T. ) ;
#3204 = FACE_OUTER_BOUND ( 'NONE', #150, .T. ) ;
#3205 = ORIENTED_EDGE ( 'NONE', *, *, #3535, .F. ) ;
#3206 = CARTESIAN_POINT ( 'NONE',  ( -2.604304997130960420, -49.29999999999998295, 8.499355967029416092 ) ) ;
#3207 = ORIENTED_EDGE ( 'NONE', *, *, #1941, .T. ) ;
#3208 = CARTESIAN_POINT ( 'NONE',  ( -4.699999999999999289, -3.799999999999983835, 1.500000000000001554 ) ) ;
#3209 = LINE ( 'NONE', #1038, #2796 ) ;
#3210 =( BOUNDED_CURVE ( )  B_SPLINE_CURVE ( 2, ( #4110, #3857, #1254, #981, #2537, #3800, #2251, #3524, #2553 ),
 .UNSPECIFIED., .F., .T. ) 
 B_SPLINE_CURVE_WITH_KNOTS ( ( 3, 2, 2, 2, 3 ),
 ( 0.4500000000000003442, 0.4750000000000003109, 0.5000000000000002220, 0.5250000000000002442, 0.5500000000000002665 ),
 .UNSPECIFIED. ) 
 CURVE ( )  GEOMETRIC_REPRESENTATION_ITEM ( )  RATIONAL_B_SPLINE_CURVE ( ( 0.9999999999999990008, 0.9238795325112877377, 1.000000000000000000, 0.9238795325112867385, 1.000000000000000000, 0.9238795325112867385, 1.000000000000000000, 0.9238795325112860723, 1.000000000000000666 ) ) 
 REPRESENTATION_ITEM ( '' )  );
#3211 = CARTESIAN_POINT ( 'NONE',  ( 0.000000000000000000, -49.29999999999999716, 5.000000000000000000 ) ) ;
#3212 = CARTESIAN_POINT ( 'NONE',  ( -10.31466729977569941, -54.12500000204838813, 12.58810118749999774 ) ) ;
#3213 = ORIENTED_EDGE ( 'NONE', *, *, #3858, .F. ) ;
#3214 = CARTESIAN_POINT ( 'NONE',  ( 7.922217245671898667, 40.86882393736262031, -2.999999999999999112 ) ) ;
#3215 = CARTESIAN_POINT ( 'NONE',  ( -1.599999999999999867, -53.18750000409676915, 7.000000000000000888 ) ) ;
#3216 = LINE ( 'NONE', #1647, #3778 ) ;
#3217 = EDGE_CURVE ( 'NONE', #501, #2255, #2023, .T. ) ;
#3218 = ORIENTED_EDGE ( 'NONE', *, *, #1964, .F. ) ;
#3219 = CARTESIAN_POINT ( 'NONE',  ( 19.50000000000000355, -49.29999999999999716, -3.000000000000000000 ) ) ;
#3220 = CARTESIAN_POINT ( 'NONE',  ( 0.000000000000000000, 19.83287240715365840, 6.123233995736772199E-17 ) ) ;
#3221 = ORIENTED_EDGE ( 'NONE', *, *, #349, .T. ) ;
#3222 = CARTESIAN_POINT ( 'NONE',  ( -8.000000000000000000, -55.15625000204838813, 1.411898812500001377 ) ) ;
#3223 = ADVANCED_FACE ( 'NONE', ( #3898 ), #1395, .F. ) ;
#3224 = ORIENTED_EDGE ( 'NONE', *, *, #1566, .F. ) ;
#3225 = CYLINDRICAL_SURFACE ( 'NONE', #589, 2.300000000000003375 ) ;
#3226 = ORIENTED_EDGE ( 'NONE', *, *, #4046, .T. ) ;
#3227 = CARTESIAN_POINT ( 'NONE',  ( 17.00000000000000355, 0.000000000000000000, 5.000000000000000000 ) ) ;
#3228 = ORIENTED_EDGE ( 'NONE', *, *, #2968, .T. ) ;
#3229 = CARTESIAN_POINT ( 'NONE',  ( 18.69999999999997442, 2.359223927328454493E-15, 5.000000000000000000 ) ) ;
#3230 = EDGE_CURVE ( 'NONE', #1512, #2714, #1729, .T. ) ;
#3231 = CARTESIAN_POINT ( 'NONE',  ( -4.048615756362153206, -53.84375000204838813, 10.95138424363785035 ) ) ;
#3232 = ORIENTED_EDGE ( 'NONE', *, *, #323, .T. ) ;
#3233 = CARTESIAN_POINT ( 'NONE',  ( 0.000000000000000000, 19.83287240715365840, 0.000000000000000000 ) ) ;
#3234 = CARTESIAN_POINT ( 'NONE',  ( -5.349033200812189470, -50.46875000409676915, 13.40000000000000036 ) ) ;
#3235 = AXIS2_PLACEMENT_3D ( 'NONE', #1878, #564, #2502 ) ;
#3236 = LINE ( 'NONE', #680, #2039 ) ;
#3237 = VECTOR ( 'NONE', #1578, 1000.000000000000000 ) ;
#3238 = EDGE_LOOP ( 'NONE', ( #647, #785, #2623, #1604 ) ) ;
#3239 = CYLINDRICAL_SURFACE ( 'NONE', #3571, 6.400000000000000355 ) ;
#3240 = CARTESIAN_POINT ( 'NONE',  ( -13.56427408451178174, -54.99999999999997158, 5.170538516958651520 ) ) ;
#3241 = ADVANCED_FACE ( 'NONE', ( #158 ), #3966, .F. ) ;
#3242 = ORIENTED_EDGE ( 'NONE', *, *, #3122, .F. ) ;
#3243 = AXIS2_PLACEMENT_3D ( 'NONE', #3327, #1734, #120 ) ;
#3244 = CARTESIAN_POINT ( 'NONE',  ( -11.95138424363785035, -50.09375000204838813, 10.95138424363784857 ) ) ;
#3245 = VERTEX_POINT ( 'NONE', #201 ) ;
#3246 = CARTESIAN_POINT ( 'NONE',  ( 11.15000000000000036, -29.99999999999997868, 1.500000000000001554 ) ) ;
#3247 = VERTEX_POINT ( 'NONE', #1461 ) ;
#3248 = CLOSED_SHELL ( 'NONE', ( #2995, #630, #3657, #3172, #3815, #1711, #2542, #3177, #2206, #3408, #246, #2847, #2451, #1993, #2358, #3669, #2811, #1539, #3241, #3128, #3734, #3046, #3146, #3708, #2751, #485, #70, #3929, #3432, #2943, #2161, #1333, #3028, #2363, #2548, #3052, #3463, #1524, #2341, #3530, #1678, #2878, #3223, #662, #1865, #1485, #251, #151, #658, #2989, #3584, #2814, #1517, #3075, #3635, #405, #2061, #478, #373, #1718, #3348, #840, #869, #705, #913, #963, #3457, #2872, #3196, #683, #1737, #2867, #1627, #3886, #678, #1146, #3576, #4076, #1383, #3498, #2722, #776, #23, #3475, #2695, #1090, #3765, #1773, #2804, #118, #1582, #2136, #2417, #585, #2212, #894, #1302, #3020, #3194, #2620, #1262, #425, #512, #3838, #3201, #2591 ) ) ;
#3249 = LINE ( 'NONE', #673, #3316 ) ;
#3250 = EDGE_CURVE ( 'NONE', #3073, #579, #2745, .T. ) ;
#3251 = ORIENTED_EDGE ( 'NONE', *, *, #3662, .T. ) ;
#3252 = CARTESIAN_POINT ( 'NONE',  ( 0.000000000000000000, -49.29999999999999716, 0.000000000000000000 ) ) ;
#3253 = CARTESIAN_POINT ( 'NONE',  ( -2.411898812500000044, -52.06250000204838813, 4.685332700224302371 ) ) ;
#3254 = CARTESIAN_POINT ( 'NONE',  ( -5.685332700224303260, -54.87500000204838813, 1.411898812500001377 ) ) ;
#3255 = EDGE_CURVE ( 'NONE', #551, #161, #2179, .T. ) ;
#3256 = ORIENTED_EDGE ( 'NONE', *, *, #4038, .T. ) ;
#3257 = LINE ( 'NONE', #779, #233 ) ;
#3258 = CARTESIAN_POINT ( 'NONE',  ( -5.349033200812190358, -48.40625000409676915, 0.6000000000000007550 ) ) ;
#3259 = LINE ( 'NONE', #1397, #1912 ) ;
#3260 = ORIENTED_EDGE ( 'NONE', *, *, #199, .F. ) ;
#3261 = DIRECTION ( 'NONE',  ( -3.851859888774471706E-34, 0.000000000000000000, -1.000000000000000000 ) ) ;
#3262 = CARTESIAN_POINT ( 'NONE',  ( 15.99999999999999645, -18.79999999999998295, 0.000000000000000000 ) ) ;
#3263 = CARTESIAN_POINT ( 'NONE',  ( -8.000000000000000000, -49.15625000204838813, 1.411898812500001377 ) ) ;
#3264 = EDGE_LOOP ( 'NONE', ( #530, #1946, #3284, #21 ) ) ;
#3265 = CARTESIAN_POINT ( 'NONE',  ( -2.997630174375036205, -49.29999999999999005, 9.517103720628039554 ) ) ;
#3266 = CARTESIAN_POINT ( 'NONE',  ( 7.847217245671899377, 45.97547181208780387, 2.299999999999998046 ) ) ;
#3267 = CARTESIAN_POINT ( 'NONE',  ( -18.79999999999999716, -56.07000000000000028, -3.000000000000000000 ) ) ;
#3268 = ORIENTED_EDGE ( 'NONE', *, *, #2784, .F. ) ;
#3269 = DIRECTION ( 'NONE',  ( -0.000000000000000000, -0.000000000000000000, 1.000000000000000000 ) ) ;
#3270 = B_SPLINE_CURVE_WITH_KNOTS ( 'NONE', 3,
 ( #1426, #3334, #3373, #3668, #481, #2102, #148, #3621, #769, #3286, #439, #2080, #1721, #2998, #526, #2735, #4001, #1406, #2975, #129 ),
 .UNSPECIFIED., .F., .F.,
 ( 4, 2, 2, 2, 2, 2, 2, 2, 2, 4 ),
 ( 0.000000000000000000, 0.001103939420695507472, 0.002207878841391014944, 0.003311818262086522417, 0.004415757682782029889, 0.005519697103477533458, 0.006071666813825283941, 0.006623636524173033557, 0.007727575944868532790, 0.008831515365564032022 ),
 .UNSPECIFIED. ) ;
#3271 = EDGE_CURVE ( 'NONE', #1868, #3884, #1482, .T. ) ;
#3272 = CARTESIAN_POINT ( 'NONE',  ( -2.411898812500000044, -55.06250000204838813, 4.685332700224302371 ) ) ;
#3273 = DIRECTION ( 'NONE',  ( 3.697027429032479173E-18, -1.000000000000000000, 0.000000000000000000 ) ) ;
#3274 = EDGE_CURVE ( 'NONE', #3497, #2264, #1219, .T. ) ;
#3275 = ORIENTED_EDGE ( 'NONE', *, *, #1168, .F. ) ;
#3276 = DIRECTION ( 'NONE',  ( -1.000000000000000000, 0.000000000000000000, 0.000000000000000000 ) ) ;
#3277 = CARTESIAN_POINT ( 'NONE',  ( -11.95138424363784857, -54.59375000204838813, 3.048615756362150986 ) ) ;
#3278 = CARTESIAN_POINT ( 'NONE',  ( 0.000000000000000000, -42.02370210108668402, 6.123233995736772199E-17 ) ) ;
#3279 = EDGE_LOOP ( 'NONE', ( #224, #1940, #3650, #59 ) ) ;
#3280 = CARTESIAN_POINT ( 'NONE',  ( 16.49999999999998934, 52.00000000000000711, -3.000000000000000000 ) ) ;
#3281 = CARTESIAN_POINT ( 'NONE',  ( 19.49999999999998934, 52.00000000000000711, -1.299999999999992939 ) ) ;
#3282 = DIRECTION ( 'NONE',  ( 0.000000000000000000, 0.000000000000000000, -1.000000000000000000 ) ) ;
#3283 = CARTESIAN_POINT ( 'NONE',  ( -2.411898812500000489, -51.03125000204838813, 7.000000000000000888 ) ) ;
#3284 = ORIENTED_EDGE ( 'NONE', *, *, #4098, .T. ) ;
#3285 = CARTESIAN_POINT ( 'NONE',  ( -14.11946279082194344, -49.29999999999999716, 5.171176842628725012 ) ) ;
#3286 = CARTESIAN_POINT ( 'NONE',  ( -7.613353212085730348, -55.00000000000000000, 1.413196219581457358 ) ) ;
#3287 = CARTESIAN_POINT ( 'NONE',  ( -13.58810118749999774, -53.37500000204838102, 4.685332700224302371 ) ) ;
#3288 = ORIENTED_EDGE ( 'NONE', *, *, #2229, .F. ) ;
#3289 = DIRECTION ( 'NONE',  ( -0.000000000000000000, -0.000000000000000000, -1.000000000000000000 ) ) ;
#3290 = CARTESIAN_POINT ( 'NONE',  ( -11.95138424363784857, -54.96875000204838813, 3.048615756362151874 ) ) ;
#3291 = DIRECTION ( 'NONE',  ( -1.261617073437677999E-16, 1.000000000000000000, 0.000000000000000000 ) ) ;
#3292 = EDGE_CURVE ( 'NONE', #3689, #1224, #2792, .T. ) ;
#3293 = VECTOR ( 'NONE', #2356, 1000.000000000000000 ) ;
#3294 = DIRECTION ( 'NONE',  ( 0.000000000000000000, 0.7071067811865514585, -0.7071067811865435759 ) ) ;
#3295 = ORIENTED_EDGE ( 'NONE', *, *, #3917, .F. ) ;
#3296 = CARTESIAN_POINT ( 'NONE',  ( -18.69999999999998863, 52.00000000000000711, 5.000000000000000000 ) ) ;
#3297 = CARTESIAN_POINT ( 'NONE',  ( -8.000000000000001776, -51.03125000204838102, 12.58810118750000306 ) ) ;
#3298 = EDGE_CURVE ( 'NONE', #2612, #399, #3425, .T. ) ;
#3299 = CARTESIAN_POINT ( 'NONE',  ( 11.15000000000000036, 12.40000000000001101, 1.499999999999997558 ) ) ;
#3300 = EDGE_LOOP ( 'NONE', ( #847, #3566, #3232, #260, #1211, #2824 ) ) ;
#3301 = DIRECTION ( 'NONE',  ( 0.000000000000000000, -0.000000000000000000, 1.000000000000000000 ) ) ;
#3302 = CIRCLE ( 'NONE', #3565, 0.3499999999999961475 ) ;
#3303 = CARTESIAN_POINT ( 'NONE',  ( -9.704623662458567779, -54.93528308932590676, 13.40000000000000568 ) ) ;
#3304 = DIRECTION ( 'NONE',  ( -0.7071067811865435759, 0.000000000000000000, -0.7071067811865515695 ) ) ;
#3305 = EDGE_CURVE ( 'NONE', #2594, #3915, #2138, .T. ) ;
#3306 = CARTESIAN_POINT ( 'NONE',  ( -1.599999999999999867, -55.99999999999999289, 7.000000000000000888 ) ) ;
#3307 = CIRCLE ( 'NONE', #2452, 0.5000000000000073275 ) ;
#3308 = ORIENTED_EDGE ( 'NONE', *, *, #2746, .F. ) ;
#3309 = CARTESIAN_POINT ( 'NONE',  ( -6.699999999999999289, -9.820000000000019824, 2.999999999999996891 ) ) ;
#3310 = PLANE ( 'NONE',  #3152 ) ;
#3311 = CARTESIAN_POINT ( 'NONE',  ( -2.411898812500001377, -54.12500000204838813, 9.314667299775702958 ) ) ;
#3312 = AXIS2_PLACEMENT_3D ( 'NONE', #2544, #3806, #954 ) ;
#3313 = CIRCLE ( 'NONE', #2119, 1.000000000000004441 ) ;
#3314 = ORIENTED_EDGE ( 'NONE', *, *, #956, .F. ) ;
#3315 = CARTESIAN_POINT ( 'NONE',  ( -1.600000000000001865, -54.59375000000001421, 9.650966799187816747 ) ) ;
#3316 = VECTOR ( 'NONE', #1933, 1000.000000000000000 ) ;
#3317 = CARTESIAN_POINT ( 'NONE',  ( -13.58810118749999951, -54.68750000204838813, 9.314667299775697629 ) ) ;
#3318 = LINE ( 'NONE', #2631, #1841 ) ;
#3319 = VERTEX_POINT ( 'NONE', #3406 ) ;
#3320 = VERTEX_POINT ( 'NONE', #1774 ) ;
#3321 = FACE_OUTER_BOUND ( 'NONE', #3811, .T. ) ;
#3322 = CARTESIAN_POINT ( 'NONE',  ( -13.58810118749999951, -53.00000000204838813, 4.685332700224302371 ) ) ;
#3323 = AXIS2_PLACEMENT_3D ( 'NONE', #2738, #3377, #4004 ) ;
#3324 = CARTESIAN_POINT ( 'NONE',  ( -8.000000000000000000, -49.62499999999999289, 0.6000000000000007550 ) ) ;
#3325 = VERTEX_POINT ( 'NONE', #1176 ) ;
#3326 = EDGE_CURVE ( 'NONE', #3692, #2222, #1858, .T. ) ;
#3327 = CARTESIAN_POINT ( 'NONE',  ( -18.49999999999999645, -49.29999999999999716, 16.00000000000000000 ) ) ;
#3328 = CARTESIAN_POINT ( 'NONE',  ( -5.349033200812190358, -50.46875000409676915, 13.40000000000000036 ) ) ;
#3329 = CARTESIAN_POINT ( 'NONE',  ( -11.97280260851558076, -54.99999999999997158, 11.95954984105397578 ) ) ;
#3330 = CARTESIAN_POINT ( 'NONE',  ( -5.349033200812189470, -51.78125000000000000, 13.40000000000000036 ) ) ;
#3331 = EDGE_LOOP ( 'NONE', ( #3999, #1018, #570 ) ) ;
#3332 = EDGE_CURVE ( 'NONE', #2073, #867, #267, .T. ) ;
#3333 = CARTESIAN_POINT ( 'NONE',  ( -13.15065546531114826, -49.30000000000001847, 3.474614288968097320 ) ) ;
#3334 = CARTESIAN_POINT ( 'NONE',  ( -3.777080497902068679, -54.99999999999999289, 3.321705524836983781 ) ) ;
#3335 = DIRECTION ( 'NONE',  ( -0.000000000000000000, -0.000000000000000000, -1.000000000000000000 ) ) ;
#3336 = VERTEX_POINT ( 'NONE', #3426 ) ;
#3337 = FACE_OUTER_BOUND ( 'NONE', #3696, .T. ) ;
#3338 = CARTESIAN_POINT ( 'NONE',  ( -4.048615756362151430, -48.96875000204838813, 3.048615756362151874 ) ) ;
#3339 = CARTESIAN_POINT ( 'NONE',  ( -5.685332700224303260, -53.93750000204839523, 12.58810118749999951 ) ) ;
#3340 = EDGE_LOOP ( 'NONE', ( #2082, #3925, #4030, #794 ) ) ;
#3341 = DIRECTION ( 'NONE',  ( 0.000000000000000000, -1.000000000000000000, 0.000000000000000000 ) ) ;
#3342 = CARTESIAN_POINT ( 'NONE',  ( -11.95138424363785035, -51.21875000204838102, 10.95138424363785035 ) ) ;
#3343 =( BOUNDED_CURVE ( )  B_SPLINE_CURVE ( 2, ( #1882, #3705, #921, #859, #1163 ),
 .UNSPECIFIED., .F., .T. ) 
 B_SPLINE_CURVE_WITH_KNOTS ( ( 3, 2, 3 ),
 ( 0.8499999999999995337, 0.8749999999999997780, 0.8931567834576931153 ),
 .UNSPECIFIED. ) 
 CURVE ( )  GEOMETRIC_REPRESENTATION_ITEM ( )  RATIONAL_B_SPLINE_CURVE ( ( 1.000000000000001332, 0.9238795325112854062, 1.000000000000000000, 0.9447158862043625316, 0.9697343070357534733 ) ) 
 REPRESENTATION_ITEM ( '' )  );
#3344 = DIRECTION ( 'NONE',  ( 0.000000000000000000, 1.000000000000000000, -0.000000000000000000 ) ) ;
#3345 = ORIENTED_EDGE ( 'NONE', *, *, #2646, .T. ) ;
#3346 = DIRECTION ( 'NONE',  ( 0.000000000000000000, 0.000000000000000000, 1.000000000000000000 ) ) ;
#3347 = CARTESIAN_POINT ( 'NONE',  ( -11.99901763629465101, -49.29999999999994031, 11.86074820559779042 ) ) ;
#3348 = ADVANCED_FACE ( 'NONE', ( #4033 ), #2454, .F. ) ;
#3349 = CARTESIAN_POINT ( 'NONE',  ( -3.474516600406096778, -50.18749999999999289, 11.52548339959390589 ) ) ;
#3350 = EDGE_LOOP ( 'NONE', ( #567, #1670, #220, #3096, #3878, #3213 ) ) ;
#3351 = CARTESIAN_POINT ( 'NONE',  ( -7.679782754328103422, 40.86882393736287611, 23.36881416978414805 ) ) ;
#3352 = CARTESIAN_POINT ( 'NONE',  ( -18.49999999999999645, -49.29999999999999716, 16.00000000000000000 ) ) ;
#3353 = CARTESIAN_POINT ( 'NONE',  ( -11.95138424363785035, -54.59375000204838813, 10.95138424363784857 ) ) ;
#3354 = ORIENTED_EDGE ( 'NONE', *, *, #1744, .F. ) ;
#3355 = EDGE_CURVE ( 'NONE', #731, #3320, #2478, .T. ) ;
#3356 = AXIS2_PLACEMENT_3D ( 'NONE', #3781, #321, #3839 ) ;
#3357 = ORIENTED_EDGE ( 'NONE', *, *, #3274, .T. ) ;
#3358 = CARTESIAN_POINT ( 'NONE',  ( -13.58810118749999951, -54.87500000204839523, 4.685332700224302371 ) ) ;
#3359 = CARTESIAN_POINT ( 'NONE',  ( -2.411898812500000489, -53.65625000204838813, 7.000000000000000888 ) ) ;
#3360 = VERTEX_POINT ( 'NONE', #577 ) ;
#3361 = VERTEX_POINT ( 'NONE', #3759 ) ;
#3362 = CYLINDRICAL_SURFACE ( 'NONE', #2285, 6.400000000000000355 ) ;
#3363 = VECTOR ( 'NONE', #299, 1000.000000000000000 ) ;
#3364 = CARTESIAN_POINT ( 'NONE',  ( -10.31466729977570118, -52.62500000204838813, 12.58810118749999951 ) ) ;
#3365 = CYLINDRICAL_SURFACE ( 'NONE', #2379, 2.999999999999999112 ) ;
#3366 = VERTEX_POINT ( 'NONE', #3740 ) ;
#3367 = CARTESIAN_POINT ( 'NONE',  ( -17.00000000000000000, -36.99999999999998579, 0.000000000000000000 ) ) ;
#3368 = CARTESIAN_POINT ( 'NONE',  ( -4.459955743529820715, -49.30000000000000426, 11.48813715545259306 ) ) ;
#3369 = CARTESIAN_POINT ( 'NONE',  ( -14.40000000000000036, -50.74999999999999289, 7.000000000000000000 ) ) ;
#3370 = VECTOR ( 'NONE', #2770, 1000.000000000000000 ) ;
#3371 = VERTEX_POINT ( 'NONE', #1814 ) ;
#3372 = CARTESIAN_POINT ( 'NONE',  ( -13.43954372586827084, -49.30000000000001847, 3.872763464633549813 ) ) ;
#3373 = CARTESIAN_POINT ( 'NONE',  ( -4.030044325004721095, -54.99999999999997158, 3.050315421488028811 ) ) ;
#3374 = PLANE ( 'NONE',  #3850 ) ;
#3375 = ORIENTED_EDGE ( 'NONE', *, *, #3989, .F. ) ;
#3376 = VECTOR ( 'NONE', #3764, 1000.000000000000000 ) ;
#3377 = DIRECTION ( 'NONE',  ( 0.000000000000000000, 0.000000000000000000, 1.000000000000000000 ) ) ;
#3378 = CARTESIAN_POINT ( 'NONE',  ( -2.772770571774359071E-17, -3.799999999999983835, 1.068032374619191342E-50 ) ) ;
#3379 = ORIENTED_EDGE ( 'NONE', *, *, #1509, .T. ) ;
#3380 = CARTESIAN_POINT ( 'NONE',  ( -11.95138424363784857, -53.46875000204838813, 3.048615756362151874 ) ) ;
#3381 = AXIS2_PLACEMENT_3D ( 'NONE', #602, #1158, #2163 ) ;
#3382 = EDGE_CURVE ( 'NONE', #3731, #3336, #3054, .T. ) ;
#3383 = LINE ( 'NONE', #487, #3569 ) ;
#3384 = DIRECTION ( 'NONE',  ( 1.357467117055732741E-16, -1.000000000000000000, 0.000000000000000000 ) ) ;
#3385 = ORIENTED_EDGE ( 'NONE', *, *, #203, .F. ) ;
#3386 = EDGE_CURVE ( 'NONE', #1772, #1628, #4077, .T. ) ;
#3387 = DIRECTION ( 'NONE',  ( 0.000000000000000000, -5.551115123125794535E-15, -1.000000000000000000 ) ) ;
#3388 = CARTESIAN_POINT ( 'NONE',  ( -1.999999999999999112, 19.83287240715365840, 0.000000000000000000 ) ) ;
#3389 = EDGE_LOOP ( 'NONE', ( #242, #1710, #1924, #3583 ) ) ;
#3390 = CARTESIAN_POINT ( 'NONE',  ( -17.00000000000000000, 0.000000000000000000, 5.000000000000000000 ) ) ;
#3391 = CARTESIAN_POINT ( 'NONE',  ( -16.50000000000001421, 55.00000000000000711, -1.299999999999992939 ) ) ;
#3392 = CARTESIAN_POINT ( 'NONE',  ( -12.52548339959390411, -52.43749999999999289, 2.474516600406096778 ) ) ;
#3393 = ORIENTED_EDGE ( 'NONE', *, *, #610, .T. ) ;
#3394 = PLANE ( 'NONE',  #2718 ) ;
#3395 = CARTESIAN_POINT ( 'NONE',  ( 17.00000000000000355, 52.00000000000000711, 5.000000000000000000 ) ) ;
#3396 = CARTESIAN_POINT ( 'NONE',  ( -2.411898812500000044, -52.43750000204839523, 4.685332700224302371 ) ) ;
#3397 = ORIENTED_EDGE ( 'NONE', *, *, #3526, .F. ) ;
#3398 =( LENGTH_UNIT ( ) NAMED_UNIT ( * ) SI_UNIT ( .MILLI., .METRE. ) );
#3399 = DIRECTION ( 'NONE',  ( -0.000000000000000000, -0.000000000000000000, -1.000000000000000000 ) ) ;
#3400 = ORIENTED_EDGE ( 'NONE', *, *, #2229, .T. ) ;
#3401 = CARTESIAN_POINT ( 'NONE',  ( -2.411898812500000489, -49.53125000204838813, 7.000000000000000888 ) ) ;
#3402 = CARTESIAN_POINT ( 'NONE',  ( 11.15000000000000036, -34.99999999999997868, 1.499999999999997558 ) ) ;
#3403 = ORIENTED_EDGE ( 'NONE', *, *, #274, .F. ) ;
#3404 = EDGE_CURVE ( 'NONE', #3119, #2928, #540, .T. ) ;
#3405 = ORIENTED_EDGE ( 'NONE', *, *, #943, .T. ) ;
#3406 = CARTESIAN_POINT ( 'NONE',  ( -18.80000000000001137, 52.00000000000000000, -3.000000000000000000 ) ) ;
#3407 = CARTESIAN_POINT ( 'NONE',  ( 11.15000000000000036, 14.40000000000000391, 3.199999999999997513 ) ) ;
#3408 = ADVANCED_FACE ( 'NONE', ( #1501 ), #3362, .F. ) ;
#3409 = CARTESIAN_POINT ( 'NONE',  ( 11.15000000000000036, 1.848513714516239586E-17, -1.925929944387235853E-33 ) ) ;
#3410 = VERTEX_POINT ( 'NONE', #3135 ) ;
#3411 = LINE ( 'NONE', #2798, #1184 ) ;
#3412 = DIRECTION ( 'NONE',  ( -0.000000000000000000, -0.000000000000000000, -1.000000000000000000 ) ) ;
#3413 = CARTESIAN_POINT ( 'NONE',  ( -10.65096679918781497, -51.96874999999999289, 13.39999999999999858 ) ) ;
#3414 = EDGE_LOOP ( 'NONE', ( #3793, #1419, #2490, #1111 ) ) ;
#3415 = PLANE ( 'NONE',  #3779 ) ;
#3416 = CARTESIAN_POINT ( 'NONE',  ( -2.411898812500001377, -49.62500000204838813, 9.314667299775702958 ) ) ;
#3417 = ORIENTED_EDGE ( 'NONE', *, *, #956, .T. ) ;
#3418 = FILL_AREA_STYLE ('',( #1763 ) ) ;
#3419 = LINE ( 'NONE', #4026, #1251 ) ;
#3420 = ORIENTED_EDGE ( 'NONE', *, *, #730, .F. ) ;
#3421 = CARTESIAN_POINT ( 'NONE',  ( -11.95138424363785035, -51.59375000204838102, 10.95138424363784857 ) ) ;
#3422 = CARTESIAN_POINT ( 'NONE',  ( 16.49999999999998934, 52.00000000000000711, -3.000000000000000000 ) ) ;
#3423 = LINE ( 'NONE', #1871, #3179 ) ;
#3424 = EDGE_LOOP ( 'NONE', ( #998, #2432, #3397, #1572 ) ) ;
#3425 = CIRCLE ( 'NONE', #3154, 2.999999999999999112 ) ;
#3426 = CARTESIAN_POINT ( 'NONE',  ( 10.07221724567190080, 40.86882393736261321, 0.000000000000000000 ) ) ;
#3427 = EDGE_CURVE ( 'NONE', #584, #2222, #1437, .T. ) ;
#3428 = DIRECTION ( 'NONE',  ( 3.697027429032479173E-18, -1.000000000000000000, 0.000000000000000000 ) ) ;
#3429 = ORIENTED_EDGE ( 'NONE', *, *, #1922, .T. ) ;
#3430 = AXIS2_PLACEMENT_3D ( 'NONE', #3083, #1492, #1598 ) ;
#3431 = LINE ( 'NONE', #2832, #387 ) ;
#3432 = ADVANCED_FACE ( 'NONE', ( #2408 ), #101, .T. ) ;
#3433 = DIRECTION ( 'NONE',  ( 0.000000000000000000, -1.000000000000000000, 0.000000000000000000 ) ) ;
#3434 = CARTESIAN_POINT ( 'NONE',  ( 7.922217245671898667, 40.86882393736262031, 2.299999999999996270 ) ) ;
#3435 = ORIENTED_EDGE ( 'NONE', *, *, #1683, .F. ) ;
#3436 = LINE ( 'NONE', #2819, #3048 ) ;
#3437 = EDGE_CURVE ( 'NONE', #3319, #2468, #498, .T. ) ;
#3438 = CARTESIAN_POINT ( 'NONE',  ( -10.31466729977570118, -51.50000000204838813, 12.58810118749999951 ) ) ;
#3439 = ORIENTED_EDGE ( 'NONE', *, *, #2298, .T. ) ;
#3440 =( LENGTH_UNIT ( ) NAMED_UNIT ( * ) SI_UNIT ( .MILLI., .METRE. ) );
#3441 = LINE ( 'NONE', #135, #2317 ) ;
#3442 = VERTEX_POINT ( 'NONE', #1289 ) ;
#3443 = CARTESIAN_POINT ( 'NONE',  ( -8.000000000000000000, -52.15625000204838102, 1.411898812500001377 ) ) ;
#3444 = CARTESIAN_POINT ( 'NONE',  ( 18.69999999999997797, -49.29999999999999716, 5.000000000000003553 ) ) ;
#3445 = DIRECTION ( 'NONE',  ( -1.000000000000000000, 0.000000000000000000, 0.000000000000000000 ) ) ;
#3446 = VECTOR ( 'NONE', #3344, 1000.000000000000000 ) ;
#3447 = CIRCLE ( 'NONE', #3044, 2.300000000000003375 ) ;
#3448 = EDGE_LOOP ( 'NONE', ( #3127, #2351, #2236, #421 ) ) ;
#3449 = CARTESIAN_POINT ( 'NONE',  ( -16.50000000000001066, 52.00000000000000711, 4.199999999999977085 ) ) ;
#3450 = VECTOR ( 'NONE', #2433, 1000.000000000000000 ) ;
#3451 = CIRCLE ( 'NONE', #1780, 0.5000000000000073275 ) ;
#3452 = AXIS2_PLACEMENT_3D ( 'NONE', #3072, #219, #176 ) ;
#3453 = CARTESIAN_POINT ( 'NONE',  ( -16.50000000000001066, 52.50000000000000711, 5.000000000000000000 ) ) ;
#3454 = CARTESIAN_POINT ( 'NONE',  ( -14.40000000000000036, -54.03125000409676915, 4.349033200812191247 ) ) ;
#3455 = VECTOR ( 'NONE', #3934, 1000.000000000000000 ) ;
#3456 = CARTESIAN_POINT ( 'NONE',  ( -14.63527031050775840, -49.23120025461528115, 7.434147855609668731 ) ) ;
#3457 = ADVANCED_FACE ( 'NONE', ( #728 ), #3170, .F. ) ;
#3458 = EDGE_LOOP ( 'NONE', ( #473, #2934, #2281, #3983 ) ) ;
#3459 = DIRECTION ( 'NONE',  ( -0.000000000000000000, -0.000000000000000000, -1.000000000000000000 ) ) ;
#3460 = CARTESIAN_POINT ( 'NONE',  ( -11.95138424363784857, -51.96875000204838102, 3.048615756362151874 ) ) ;
#3461 = ORIENTED_EDGE ( 'NONE', *, *, #1161, .F. ) ;
#3462 = CARTESIAN_POINT ( 'NONE',  ( -12.52548339959390411, -50.93750000000000000, 2.474516600406096778 ) ) ;
#3463 = ADVANCED_FACE ( 'NONE', ( #3193 ), #933, .F. ) ;
#3464 = ORIENTED_EDGE ( 'NONE', *, *, #3969, .F. ) ;
#3465 = CARTESIAN_POINT ( 'NONE',  ( -5.685332700224303260, -49.81250000204838813, 12.58810118749999774 ) ) ;
#3466 = CARTESIAN_POINT ( 'NONE',  ( -11.38483718973530223, -54.99999999999815259, 2.553681063989706956 ) ) ;
#3467 = CARTESIAN_POINT ( 'NONE',  ( 18.79999999999999361, 52.00000000000001421, -3.000000000000000000 ) ) ;
#3468 = FACE_OUTER_BOUND ( 'NONE', #417, .T. ) ;
#3469 = LINE ( 'NONE', #2215, #427 ) ;
#3470 = CARTESIAN_POINT ( 'NONE',  ( -8.000000000000001776, -54.87499999999999289, 13.40000000000000213 ) ) ;
#3471 = CARTESIAN_POINT ( 'NONE',  ( 11.15000000000000036, -29.99999999999997868, 1.500000000000001554 ) ) ;
#3472 = ORIENTED_EDGE ( 'NONE', *, *, #4066, .F. ) ;
#3473 = DIRECTION ( 'NONE',  ( 0.000000000000000000, 5.551115123125794535E-15, 1.000000000000000000 ) ) ;
#3474 = CARTESIAN_POINT ( 'NONE',  ( -8.000000000000001776, -51.40625000204838102, 12.58810118750000129 ) ) ;
#3475 = ADVANCED_FACE ( 'NONE', ( #3151, #949, #2866 ), #1235, .T. ) ;
#3476 = ORIENTED_EDGE ( 'NONE', *, *, #1435, .T. ) ;
#3477 = CARTESIAN_POINT ( 'NONE',  ( -5.685332700224303260, -54.31250000204838813, 12.58810118749999774 ) ) ;
#3478 = ORIENTED_EDGE ( 'NONE', *, *, #1766, .T. ) ;
#3479 = CARTESIAN_POINT ( 'NONE',  ( -13.58810118749999951, -51.87500000204838813, 4.685332700224302371 ) ) ;
#3480 = DIRECTION ( 'NONE',  ( -0.000000000000000000, 0.000000000000000000, -1.000000000000000000 ) ) ;
#3481 = DIRECTION ( 'NONE',  ( -1.000000000000000000, -3.697027429032479173E-18, 0.000000000000000000 ) ) ;
#3482 = EDGE_CURVE ( 'NONE', #3442, #2335, #3913, .T. ) ;
#3483 = CARTESIAN_POINT ( 'NONE',  ( -8.000000000000000000, -49.29999999999999716, 7.000000000000000888 ) ) ;
#3484 = VECTOR ( 'NONE', #3136, 1000.000000000000000 ) ;
#3485 = DIRECTION ( 'NONE',  ( 1.000000000000000000, 3.697027429032479173E-18, 0.000000000000000000 ) ) ;
#3486 = EDGE_CURVE ( 'NONE', #975, #4082, #2846, .T. ) ;
#3487 = DIRECTION ( 'NONE',  ( 0.000000000000000000, 0.000000000000000000, 1.000000000000000000 ) ) ;
#3488 = CARTESIAN_POINT ( 'NONE',  ( -14.40000000000000036, -51.03125000409676915, 4.349033200812191247 ) ) ;
#3489 = CARTESIAN_POINT ( 'NONE',  ( 15.99999999999999645, -18.79999999999998295, 1.500000000000001776 ) ) ;
#3490 = VECTOR ( 'NONE', #1873, 1000.000000000000000 ) ;
#3491 = ORIENTED_EDGE ( 'NONE', *, *, #3631, .F. ) ;
#3492 = CARTESIAN_POINT ( 'NONE',  ( 7.922217245671898667, 28.08970425054967279, 23.36881416978414805 ) ) ;
#3493 = LINE ( 'NONE', #2619, #1511 ) ;
#3494 = AXIS2_PLACEMENT_3D ( 'NONE', #965, #2214, #2230 ) ;
#3495 = VERTEX_POINT ( 'NONE', #619 ) ;
#3496 = DIRECTION ( 'NONE',  ( -1.000000000000000000, 0.000000000000000000, 0.000000000000000000 ) ) ;
#3497 = VERTEX_POINT ( 'NONE', #1273 ) ;
#3498 = ADVANCED_FACE ( 'NONE', ( #3468 ), #2955, .T. ) ;
#3499 = CARTESIAN_POINT ( 'NONE',  ( -3.124457194138031468, -49.29999999999996163, 4.245146604152936654 ) ) ;
#3500 = DIRECTION ( 'NONE',  ( 0.000000000000000000, 0.000000000000000000, 1.000000000000000000 ) ) ;
#3501 = FACE_OUTER_BOUND ( 'NONE', #1967, .T. ) ;
#3502 = LINE ( 'NONE', #3816, #2632 ) ;
#3503 = EDGE_CURVE ( 'NONE', #1628, #441, #2554, .T. ) ;
#3504 = VECTOR ( 'NONE', #270, 1000.000000000000000 ) ;
#3505 = DIRECTION ( 'NONE',  ( -0.000000000000000000, -0.000000000000000000, -1.000000000000000000 ) ) ;
#3506 = AXIS2_PLACEMENT_3D ( 'NONE', #1978, #2340, #2360 ) ;
#3507 = EDGE_CURVE ( 'NONE', #1127, #3361, #102, .T. ) ;
#3508 = DIRECTION ( 'NONE',  ( 1.000000000000000000, 3.697027429032479173E-18, -0.000000000000000000 ) ) ;
#3509 = VECTOR ( 'NONE', #3078, 1000.000000000000000 ) ;
#3510 = CARTESIAN_POINT ( 'NONE',  ( -1.599999999999999867, -51.59375000409676915, 4.349033200812191247 ) ) ;
#3511 = LINE ( 'NONE', #1260, #1846 ) ;
#3512 = VECTOR ( 'NONE', #3111, 1000.000000000000000 ) ;
#3513 = ORIENTED_EDGE ( 'NONE', *, *, #3057, .T. ) ;
#3514 = FACE_OUTER_BOUND ( 'NONE', #3114, .T. ) ;
#3515 = DIRECTION ( 'NONE',  ( 0.000000000000000000, -1.000000000000000000, 7.806255641895630939E-16 ) ) ;
#3516 = VERTEX_POINT ( 'NONE', #2310 ) ;
#3517 = DIRECTION ( 'NONE',  ( 0.000000000000000000, 1.000000000000000000, 0.000000000000000000 ) ) ;
#3518 = ORIENTED_EDGE ( 'NONE', *, *, #698, .T. ) ;
#3519 = CARTESIAN_POINT ( 'NONE',  ( 16.49999999999999289, 55.00000000000000711, 4.199999999999977085 ) ) ;
#3520 = VERTEX_POINT ( 'NONE', #29 ) ;
#3521 = LINE ( 'NONE', #597, #925 ) ;
#3522 = LINE ( 'NONE', #339, #2247 ) ;
#3523 = PRODUCT_RELATED_PRODUCT_CATEGORY ( 'part', '', ( #1105 ) ) ;
#3524 = CARTESIAN_POINT ( 'NONE',  ( -10.65096679918779365, -51.96874999999997158, 13.40000000000001457 ) ) ;
#3525 = FACE_OUTER_BOUND ( 'NONE', #820, .T. ) ;
#3526 = EDGE_CURVE ( 'NONE', #2355, #907, #2436, .T. ) ;
#3527 = EDGE_LOOP ( 'NONE', ( #2010, #3134, #2742, #3666 ) ) ;
#3528 = CARTESIAN_POINT ( 'NONE',  ( 1.149999999999999023, -1.848513714516239586E-17, 1.925929944387235853E-33 ) ) ;
#3529 = CARTESIAN_POINT ( 'NONE',  ( -2.411898812499999156, -55.06250000204838813, 4.685332700224302371 ) ) ;
#3530 = ADVANCED_FACE ( 'NONE', ( #283, #1255 ), #1992, .T. ) ;
#3531 = DIRECTION ( 'NONE',  ( 1.000000000000000000, 3.697027429032479173E-18, -0.000000000000000000 ) ) ;
#3532 = VERTEX_POINT ( 'NONE', #3599 ) ;
#3533 = DIRECTION ( 'NONE',  ( -0.000000000000000000, -0.000000000000000000, -1.000000000000000000 ) ) ;
#3534 = CARTESIAN_POINT ( 'NONE',  ( -13.93278346619064578, -54.99999999999998579, 6.605696846976417014 ) ) ;
#3535 = EDGE_CURVE ( 'NONE', #3532, #3442, #2538, .T. ) ;
#3536 = VERTEX_POINT ( 'NONE', #1544 ) ;
#3537 = CARTESIAN_POINT ( 'NONE',  ( -14.40000000000000036, -50.84374999999999289, 4.349033200812192135 ) ) ;
#3538 = ORIENTED_EDGE ( 'NONE', *, *, #126, .T. ) ;
#3539 = CARTESIAN_POINT ( 'NONE',  ( -8.000000346225398573, -52.81249999185290989, 0.6000000000000101918 ) ) ;
#3540 = ORIENTED_EDGE ( 'NONE', *, *, #1705, .T. ) ;
#3541 = CARTESIAN_POINT ( 'NONE',  ( -1.599999999999999867, -51.49999999999999289, 7.000000000000000888 ) ) ;
#3542 = ORIENTED_EDGE ( 'NONE', *, *, #222, .T. ) ;
#3543 = CARTESIAN_POINT ( 'NONE',  ( 16.49999999999998579, 55.00000000000000711, -1.299999999999992939 ) ) ;
#3544 = CARTESIAN_POINT ( 'NONE',  ( -8.000000000000000000, -54.99999999999999289, 7.000000000000000888 ) ) ;
#3545 = ORIENTED_EDGE ( 'NONE', *, *, #126, .F. ) ;
#3546 = AXIS2_PLACEMENT_3D ( 'NONE', #3567, #1068, #3030 ) ;
#3547 = LINE ( 'NONE', #1312, #3088 ) ;
#3548 = CARTESIAN_POINT ( 'NONE',  ( -8.000000000000001776, -52.06250000409676915, 13.40000000000000213 ) ) ;
#3549 = PLANE ( 'NONE',  #1110 ) ;
#3550 = ORIENTED_EDGE ( 'NONE', *, *, #3404, .F. ) ;
#3551 = EDGE_CURVE ( 'NONE', #3758, #2714, #3820, .T. ) ;
#3552 = CARTESIAN_POINT ( 'NONE',  ( -8.029782754328103067, 28.08970425054997122, -3.000000000000000000 ) ) ;
#3553 = FACE_OUTER_BOUND ( 'NONE', #3424, .T. ) ;
#3554 = ORIENTED_EDGE ( 'NONE', *, *, #259, .F. ) ;
#3555 = CARTESIAN_POINT ( 'NONE',  ( -5.685332700224303260, -49.25000000204838102, 1.411898812500001377 ) ) ;
#3556 = ORIENTED_EDGE ( 'NONE', *, *, #2252, .T. ) ;
#3557 = DIRECTION ( 'NONE',  ( 2.465190328815664081E-32, 1.000000000000000000, 1.942890293094050570E-16 ) ) ;
#3558 = ORIENTED_EDGE ( 'NONE', *, *, #1414, .T. ) ;
#3559 = AXIS2_PLACEMENT_3D ( 'NONE', #1641, #984, #2338 ) ;
#3560 = CARTESIAN_POINT ( 'NONE',  ( -8.000000000000000000, -49.62499999999999289, 0.6000000000000007550 ) ) ;
#3561 = ORIENTED_EDGE ( 'NONE', *, *, #560, .F. ) ;
#3562 = LINE ( 'NONE', #484, #3293 ) ;
#3563 = CARTESIAN_POINT ( 'NONE',  ( -5.685332700224303260, -52.43750000204839523, 12.58810118749999774 ) ) ;
#3564 = CARTESIAN_POINT ( 'NONE',  ( -3.553681063963513242, -54.99999999999999289, 3.615162810299101803 ) ) ;
#3565 = AXIS2_PLACEMENT_3D ( 'NONE', #3742, #895, #2795 ) ;
#3566 = ORIENTED_EDGE ( 'NONE', *, *, #1004, .T. ) ;
#3567 = CARTESIAN_POINT ( 'NONE',  ( 16.49999999999998934, 52.00000000000000711, 5.000000000000000000 ) ) ;
#3568 = CARTESIAN_POINT ( 'NONE',  ( -8.000000000000001776, -50.56250000409676915, 13.40000000000000213 ) ) ;
#3569 = VECTOR ( 'NONE', #1479, 1000.000000000000000 ) ;
#3570 = CARTESIAN_POINT ( 'NONE',  ( -10.65096679918782030, -54.03124999999998579, 0.6000000000000141887 ) ) ;
#3571 = AXIS2_PLACEMENT_3D ( 'NONE', #2260, #350, #1961 ) ;
#3572 = VERTEX_POINT ( 'NONE', #637 ) ;
#3573 = DIRECTION ( 'NONE',  ( -1.000000000000000000, 0.000000000000000000, 0.000000000000000000 ) ) ;
#3574 = CARTESIAN_POINT ( 'NONE',  ( -14.40000000000000036, -52.53125000409677625, 4.349033200812192135 ) ) ;
#3575 = ORIENTED_EDGE ( 'NONE', *, *, #2940, .F. ) ;
#3576 = ADVANCED_FACE ( 'NONE', ( #1125 ), #3041, .T. ) ;
#3577 = VECTOR ( 'NONE', #37, 1000.000000000000000 ) ;
#3578 = CARTESIAN_POINT ( 'NONE',  ( -13.58810118749999951, -51.87500000204838813, 4.685332700224302371 ) ) ;
#3579 = ORIENTED_EDGE ( 'NONE', *, *, #1744, .T. ) ;
#3580 = CARTESIAN_POINT ( 'NONE',  ( -2.441137315217992487, -49.30000000000001137, 6.321090675243341117 ) ) ;
#3581 = DIRECTION ( 'NONE',  ( 5.551115123125780237E-17, -1.942890293094050570E-16, 1.000000000000000000 ) ) ;
#3582 = CARTESIAN_POINT ( 'NONE',  ( -3.474516600406095890, -51.31250000000000000, 2.474516600406096778 ) ) ;
#3583 = ORIENTED_EDGE ( 'NONE', *, *, #2084, .F. ) ;
#3584 = ADVANCED_FACE ( 'NONE', ( #2669 ), #3310, .F. ) ;
#3585 = CARTESIAN_POINT ( 'NONE',  ( -1.599999999999999867, -54.68750000409676915, 7.000000000000000888 ) ) ;
#3586 = CARTESIAN_POINT ( 'NONE',  ( -10.31466729977569585, -51.68750000204838813, 1.411898812500001377 ) ) ;
#3587 = DIRECTION ( 'NONE',  ( 0.000000000000000000, 0.000000000000000000, 1.000000000000000000 ) ) ;
#3588 = VECTOR ( 'NONE', #819, 1000.000000000000000 ) ;
#3589 = EDGE_LOOP ( 'NONE', ( #3685, #3081, #3405, #377 ) ) ;
#3590 = DIRECTION ( 'NONE',  ( -0.000000000000000000, 0.000000000000000000, 1.000000000000000000 ) ) ;
#3591 = CARTESIAN_POINT ( 'NONE',  ( -10.31466729977570118, -49.62500000204838813, 12.58810118749999951 ) ) ;
#3592 = PLANE ( 'NONE',  #2967 ) ;
#3593 = ORIENTED_EDGE ( 'NONE', *, *, #3507, .T. ) ;
#3594 = FACE_OUTER_BOUND ( 'NONE', #3340, .T. ) ;
#3595 = DIRECTION ( 'NONE',  ( 0.000000000000000000, -1.000000000000000000, 0.000000000000000000 ) ) ;
#3596 = CARTESIAN_POINT ( 'NONE',  ( -10.31466729977569585, -52.06250000204838813, 1.411898812500001377 ) ) ;
#3597 = EDGE_LOOP ( 'NONE', ( #1364, #50, #4064, #2027 ) ) ;
#3598 = CARTESIAN_POINT ( 'NONE',  ( -10.65097319617878924, -54.21874968416473450, 0.6000063969909833483 ) ) ;
#3599 = CARTESIAN_POINT ( 'NONE',  ( -17.00000000000000000, -9.820000000000019824, -1.398410389168064527E-50 ) ) ;
#3600 = EDGE_CURVE ( 'NONE', #2313, #1743, #816, .T. ) ;
#3601 = DIRECTION ( 'NONE',  ( -0.000000000000000000, -0.000000000000000000, -1.000000000000000000 ) ) ;
#3602 = ORIENTED_EDGE ( 'NONE', *, *, #2391, .F. ) ;
#3603 = DIRECTION ( 'NONE',  ( -1.000000000000000000, -0.000000000000000000, 0.000000000000000000 ) ) ;
#3604 = CARTESIAN_POINT ( 'NONE',  ( 10.07221724567190080, 40.86882393736262031, 2.299999999999996270 ) ) ;
#3605 = EDGE_CURVE ( 'NONE', #2052, #1154, #2428, .T. ) ;
#3606 = DIRECTION ( 'NONE',  ( 1.357467117055732741E-16, -1.000000000000000000, 0.000000000000000000 ) ) ;
#3607 = CARTESIAN_POINT ( 'NONE',  ( -3.699999999999998401, -3.799999999999983835, 1.500000000000001776 ) ) ;
#3608 = VERTEX_POINT ( 'NONE', #1760 ) ;
#3609 = EDGE_CURVE ( 'NONE', #867, #731, #461, .T. ) ;
#3610 = DIRECTION ( 'NONE',  ( 1.000000000000000000, 0.000000000000000000, 0.000000000000000000 ) ) ;
#3611 = CARTESIAN_POINT ( 'NONE',  ( -5.685332700224303260, -51.87500000204838813, 1.411898812500000489 ) ) ;
#3612 = CARTESIAN_POINT ( 'NONE',  ( -4.699999999999999289, -18.79999999999998295, 4.610000000000001208 ) ) ;
#3613 = CONICAL_SURFACE ( 'NONE', #492, 2.299999999999999822, 0.7853981633974427279 ) ;
#3614 = EDGE_LOOP ( 'NONE', ( #1813, #2294, #3314, #2403 ) ) ;
#3615 = DIRECTION ( 'NONE',  ( 1.000000000000000000, 2.714934234111455128E-16, -0.000000000000000000 ) ) ;
#3616 = CARTESIAN_POINT ( 'NONE',  ( -5.245022002362865976, -49.30000000000000426, 12.08991964932816643 ) ) ;
#3617 = CARTESIAN_POINT ( 'NONE',  ( -3.699999999999998401, -18.79999999999998295, 1.500000000000001776 ) ) ;
#3618 = CARTESIAN_POINT ( 'NONE',  ( -8.000000000000001776, -51.40625000204838102, 12.58810118750000129 ) ) ;
#3619 = ORIENTED_EDGE ( 'NONE', *, *, #3437, .T. ) ;
#3620 = CARTESIAN_POINT ( 'NONE',  ( -2.807689298821770318, -54.99999999999999289, 4.612904649716083050 ) ) ;
#3621 = CARTESIAN_POINT ( 'NONE',  ( -6.531089372747334920, -55.00000000000000000, 1.596139186134418742 ) ) ;
#3622 = CARTESIAN_POINT ( 'NONE',  ( -1.999999999999999112, 19.83287240715365840, -2.999999999999999556 ) ) ;
#3623 = ORIENTED_EDGE ( 'NONE', *, *, #2049, .T. ) ;
#3624 = CARTESIAN_POINT ( 'NONE',  ( -16.50000000000001066, 52.00000000000000711, -2.000000000000000000 ) ) ;
#3625 = EDGE_CURVE ( 'NONE', #182, #3360, #2898, .T. ) ;
#3626 = AXIS2_PLACEMENT_3D ( 'NONE', #3018, #2353, #1386 ) ;
#3627 = CARTESIAN_POINT ( 'NONE',  ( -13.58810118749999951, -51.31250000204838102, 9.314667299775697629 ) ) ;
#3628 = DIRECTION ( 'NONE',  ( 1.261617073437677999E-16, -1.000000000000000000, 0.000000000000000000 ) ) ;
#3629 = ORIENTED_EDGE ( 'NONE', *, *, #3684, .T. ) ;
#3630 = CIRCLE ( 'NONE', #1831, 2.299999999999999822 ) ;
#3631 = EDGE_CURVE ( 'NONE', #987, #2118, #3270, .T. ) ;
#3632 = VERTEX_POINT ( 'NONE', #2689 ) ;
#3633 = CARTESIAN_POINT ( 'NONE',  ( 10.07221724567190080, 28.08970425054967279, 23.36881416978414805 ) ) ;
#3634 = CARTESIAN_POINT ( 'NONE',  ( -2.411898812499999600, -49.15625000204838813, 7.000000000000000888 ) ) ;
#3635 = ADVANCED_FACE ( 'NONE', ( #3955 ), #1101, .F. ) ;
#3636 = CARTESIAN_POINT ( 'NONE',  ( 17.00000000000000355, 0.000000000000000000, 0.000000000000000000 ) ) ;
#3637 = ORIENTED_EDGE ( 'NONE', *, *, #111, .F. ) ;
#3638 = CARTESIAN_POINT ( 'NONE',  ( -23.40312423743284143, -33.00000000000001421, 0.000000000000000000 ) ) ;
#3639 = AXIS2_PLACEMENT_3D ( 'NONE', #541, #2410, #223 ) ;
#3640 = CARTESIAN_POINT ( 'NONE',  ( -23.40312423743284143, -33.00000000000001421, 0.000000000000000000 ) ) ;
#3641 = PLANE ( 'NONE',  #3982 ) ;
#3642 = CARTESIAN_POINT ( 'NONE',  ( -10.31466729977569941, -51.50000000204838813, 12.58810118749999774 ) ) ;
#3643 = AXIS2_PLACEMENT_3D ( 'NONE', #134, #3273, #1044 ) ;
#3644 = ORIENTED_EDGE ( 'NONE', *, *, #226, .F. ) ;
#3645 = CARTESIAN_POINT ( 'NONE',  ( -9.942417452512925635, -49.30000000000002558, 1.346079153883416701 ) ) ;
#3646 = DIRECTION ( 'NONE',  ( 1.000000000000000000, 0.000000000000000000, -0.000000000000000000 ) ) ;
#3647 = CARTESIAN_POINT ( 'NONE',  ( -2.411898812500000489, -54.03125000204838813, 7.000000000000000888 ) ) ;
#3648 = AXIS2_PLACEMENT_3D ( 'NONE', #3905, #2074, #94 ) ;
#3649 = CIRCLE ( 'NONE', #930, 1.000000000000004441 ) ;
#3650 = ORIENTED_EDGE ( 'NONE', *, *, #3605, .F. ) ;
#3651 = CARTESIAN_POINT ( 'NONE',  ( -5.179782754328100758, 28.11970425054997236, 23.36881416978414805 ) ) ;
#3652 = CARTESIAN_POINT ( 'NONE',  ( -4.048615756362153206, -50.84375000204838102, 10.95138424363785035 ) ) ;
#3653 = DIRECTION ( 'NONE',  ( 1.000000000000000000, 0.000000000000000000, 0.000000000000000000 ) ) ;
#3654 = CARTESIAN_POINT ( 'NONE',  ( 11.15000000000000036, -34.99999999999997868, 3.199999999999997513 ) ) ;
#3655 = EDGE_LOOP ( 'NONE', ( #2807, #1931, #3058, #1378 ) ) ;
#3656 = DIRECTION ( 'NONE',  ( 0.000000000000000000, 0.000000000000000000, 1.000000000000000000 ) ) ;
#3657 = ADVANCED_FACE ( 'NONE', ( #1741 ), #796, .F. ) ;
#3658 = CARTESIAN_POINT ( 'NONE',  ( -13.58810118750000129, -54.31250000204838813, 9.314667299775697629 ) ) ;
#3659 = PLANE ( 'NONE',  #3639 ) ;
#3660 = EDGE_LOOP ( 'NONE', ( #2262, #835, #4032, #3069 ) ) ;
#3661 = CYLINDRICAL_SURFACE ( 'NONE', #2650, 2.999999999999999112 ) ;
#3662 = EDGE_CURVE ( 'NONE', #2531, #4099, #3687, .T. ) ;
#3663 = CARTESIAN_POINT ( 'NONE',  ( -8.775928856461771232, -49.30000000000000426, 13.01025897950009913 ) ) ;
#3664 = FACE_OUTER_BOUND ( 'NONE', #3943, .T. ) ;
#3665 = CARTESIAN_POINT ( 'NONE',  ( -1.599999999999999867, -51.49999999999999289, 7.000000000000000888 ) ) ;
#3666 = ORIENTED_EDGE ( 'NONE', *, *, #1872, .F. ) ;
#3667 = CARTESIAN_POINT ( 'NONE',  ( -6.699999999999999289, -5.820000000000005613, 4.610000000000001208 ) ) ;
#3668 = CARTESIAN_POINT ( 'NONE',  ( -4.578535852105108717, -54.99999999999997868, 2.566701068523307594 ) ) ;
#3669 = ADVANCED_FACE ( 'NONE', ( #211, #1472, #4022, #1164, #2440 ), #3706, .F. ) ;
#3670 = LINE ( 'NONE', #3042, #2320 ) ;
#3671 = ORIENTED_EDGE ( 'NONE', *, *, #3255, .T. ) ;
#3672 = PRODUCT_CONTEXT ( 'NONE', #491, 'mechanical' ) ;
#3673 = CARTESIAN_POINT ( 'NONE',  ( -13.58810118749999951, -49.81250000204838813, 9.314667299775697629 ) ) ;
#3674 = CARTESIAN_POINT ( 'NONE',  ( -3.382398461466909367, -49.29999999999999005, 10.14716235886802664 ) ) ;
#3675 = DIRECTION ( 'NONE',  ( -0.7071067811865474617, -0.000000000000000000, -0.7071067811865474617 ) ) ;
#3676 = ORIENTED_EDGE ( 'NONE', *, *, #1463, .F. ) ;
#3677 = CARTESIAN_POINT ( 'NONE',  ( 7.222217245671899377, 28.08970425054967279, 23.36881416978414805 ) ) ;
#3678 = CARTESIAN_POINT ( 'NONE',  ( -11.95138424363785035, -52.71875000204838102, 10.95138424363785035 ) ) ;
#3679 = PLANE ( 'NONE',  #1040 ) ;
#3680 = EDGE_LOOP ( 'NONE', ( #3260, #1297, #291, #2014, #3965, #1910 ) ) ;
#3681 = CARTESIAN_POINT ( 'NONE',  ( 11.15000000000000036, -36.99999999999997158, 3.199999999999997513 ) ) ;
#3682 = LINE ( 'NONE', #2371, #516 ) ;
#3683 = CARTESIAN_POINT ( 'NONE',  ( -3.474516600406095890, -51.31250000000000000, 2.474516600406096778 ) ) ;
#3684 = EDGE_CURVE ( 'NONE', #501, #681, #232, .T. ) ;
#3685 = ORIENTED_EDGE ( 'NONE', *, *, #2473, .F. ) ;
#3686 = CARTESIAN_POINT ( 'NONE',  ( -8.029782754328104843, 40.86882393736287611, -2.999999999999999112 ) ) ;
#3687 = LINE ( 'NONE', #2756, #3762 ) ;
#3688 = FACE_OUTER_BOUND ( 'NONE', #818, .T. ) ;
#3689 = VERTEX_POINT ( 'NONE', #1188 ) ;
#3690 = CARTESIAN_POINT ( 'NONE',  ( -4.699999999999999289, -3.799999999999983835, 1.500000000000001554 ) ) ;
#3691 = VECTOR ( 'NONE', #2813, 1000.000000000000000 ) ;
#3692 = VERTEX_POINT ( 'NONE', #3729 ) ;
#3693 = CARTESIAN_POINT ( 'NONE',  ( -5.685332700224303260, -55.25000000204838813, 1.411898812500001377 ) ) ;
#3694 = CARTESIAN_POINT ( 'NONE',  ( -2.411898812500000044, -53.56250000204838813, 4.685332700224302371 ) ) ;
#3695 = ORIENTED_EDGE ( 'NONE', *, *, #2561, .F. ) ;
#3696 = EDGE_LOOP ( 'NONE', ( #1388, #3085, #3952, #256 ) ) ;
#3697 = CARTESIAN_POINT ( 'NONE',  ( -10.17978275432810342, 28.11970425054997236, 23.36881416978414805 ) ) ;
#3698 = DIRECTION ( 'NONE',  ( -1.000000000000000000, 0.000000000000000000, 0.000000000000000000 ) ) ;
#3699 = ORIENTED_EDGE ( 'NONE', *, *, #983, .T. ) ;
#3700 = CARTESIAN_POINT ( 'NONE',  ( -17.00000000000000000, -33.00000000000001421, 0.000000000000000000 ) ) ;
#3701 = DIRECTION ( 'NONE',  ( -3.851859888774471706E-34, 0.000000000000000000, -1.000000000000000000 ) ) ;
#3702 = CARTESIAN_POINT ( 'NONE',  ( -3.474516600406095890, -49.81249999999999289, 2.474516600406096778 ) ) ;
#3703 = CIRCLE ( 'NONE', #3235, 2.500000000000002220 ) ;
#3704 = VERTEX_POINT ( 'NONE', #3395 ) ;
#3705 = CARTESIAN_POINT ( 'NONE',  ( -10.65096679918777234, -49.53124999999998579, 0.5999999999999646727 ) ) ;
#3706 = PLANE ( 'NONE',  #1826 ) ;
#3707 = DIRECTION ( 'NONE',  ( -2.168404344971006896E-16, -8.016650340591017421E-34, -1.000000000000000000 ) ) ;
#3708 = ADVANCED_FACE ( 'NONE', ( #549 ), #1805, .T. ) ;
#3709 = ORIENTED_EDGE ( 'NONE', *, *, #2254, .T. ) ;
#3710 = CIRCLE ( 'NONE', #1902, 0.3500000000000013656 ) ;
#3711 = CARTESIAN_POINT ( 'NONE',  ( -8.000000000000001776, -53.37499999999999289, 13.40000000000000213 ) ) ;
#3712 = ORIENTED_EDGE ( 'NONE', *, *, #3292, .T. ) ;
#3713 = SURFACE_STYLE_USAGE ( .BOTH. , #4049 ) ;
#3714 = AXIS2_PLACEMENT_3D ( 'NONE', #2857, #2580, #3848 ) ;
#3715 = VECTOR ( 'NONE', #1928, 1000.000000000000000 ) ;
#3716 = DIRECTION ( 'NONE',  ( 0.000000000000000000, 0.000000000000000000, -1.000000000000000000 ) ) ;
#3717 = VERTEX_POINT ( 'NONE', #2253 ) ;
#3718 = EDGE_CURVE ( 'NONE', #1477, #3773, #1618, .T. ) ;
#3719 = CIRCLE ( 'NONE', #849, 2.999999999999999112 ) ;
#3720 = ORIENTED_EDGE ( 'NONE', *, *, #565, .T. ) ;
#3721 = CARTESIAN_POINT ( 'NONE',  ( 10.07221724567190080, 40.86882393736262031, 23.36881416978414805 ) ) ;
#3722 = LINE ( 'NONE', #3636, #3446 ) ;
#3723 = ORIENTED_EDGE ( 'NONE', *, *, #2025, .T. ) ;
#3724 = DIRECTION ( 'NONE',  ( -0.000000000000000000, -0.000000000000000000, -1.000000000000000000 ) ) ;
#3725 = CARTESIAN_POINT ( 'NONE',  ( -4.852837641131976909, -49.29999999999999005, 2.382398461466909367 ) ) ;
#3726 = CARTESIAN_POINT ( 'NONE',  ( -14.40000000000000036, -53.84374999999999289, 4.349033200812191247 ) ) ;
#3727 = ORIENTED_EDGE ( 'NONE', *, *, #2494, .T. ) ;
#3728 = PLANE ( 'NONE',  #2583 ) ;
#3729 = CARTESIAN_POINT ( 'NONE',  ( 7.222217245671899377, 28.08970425054967279, 2.299999999999993161 ) ) ;
#3730 = CARTESIAN_POINT ( 'NONE',  ( -11.95138424363784857, -50.46875000204838102, 3.048615756362151874 ) ) ;
#3731 = VERTEX_POINT ( 'NONE', #3604 ) ;
#3732 = CARTESIAN_POINT ( 'NONE',  ( -7.679782754328103422, 40.86882393736287611, 0.000000000000000000 ) ) ;
#3733 = ORIENTED_EDGE ( 'NONE', *, *, #1875, .T. ) ;
#3734 = ADVANCED_FACE ( 'NONE', ( #3525 ), #2592, .T. ) ;
#3735 = CARTESIAN_POINT ( 'NONE',  ( -13.46598776921091023, -48.83035584170595911, 5.838168433646399258 ) ) ;
#3736 = CARTESIAN_POINT ( 'NONE',  ( -11.95138424363784857, -51.59375000204838102, 3.048615756362151874 ) ) ;
#3737 = DIRECTION ( 'NONE',  ( 3.697027429032479173E-18, -1.000000000000000000, -1.424043166158921928E-51 ) ) ;
#3738 = EDGE_CURVE ( 'NONE', #4055, #307, #2838, .T. ) ;
#3739 = ORIENTED_EDGE ( 'NONE', *, *, #2271, .F. ) ;
#3740 = CARTESIAN_POINT ( 'NONE',  ( -8.000000000000000000, -54.12499999999999289, 0.6000000000000007550 ) ) ;
#3741 = DIRECTION ( 'NONE',  ( -0.000000000000000000, 0.000000000000000000, -1.000000000000000000 ) ) ;
#3742 = CARTESIAN_POINT ( 'NONE',  ( -7.679782754328103422, 40.86882393736287611, 2.299999999999996270 ) ) ;
#3743 = EDGE_CURVE ( 'NONE', #1248, #2192, #1233, .T. ) ;
#3744 = ORIENTED_EDGE ( 'NONE', *, *, #4092, .T. ) ;
#3745 = PLANE ( 'NONE',  #3843 ) ;
#3746 = CARTESIAN_POINT ( 'NONE',  ( -5.349033200812190358, -54.40625000409677625, 0.6000000000000007550 ) ) ;
#3747 = CARTESIAN_POINT ( 'NONE',  ( -10.65096679918781497, -53.46874999999999289, 13.39999999999999858 ) ) ;
#3748 =( BOUNDED_SURFACE ( )  B_SPLINE_SURFACE ( 1, 2, ( 
 ( #4061, #1206, #2483, #3746, #898, #1222, #2183, #3454, #2164, #582, #3121, #2833, #1529, #4080, #2886, #72, #3215, #1292, #2931, #967, #327, #1899, #4119, #1259, #2906, #3176, #1585, #1332, #3548, #696, #2232, #3803, #2540, #3510, #2296, #1621, #2614, #1958, #31, #3488, #2596, #1601, #660, #365, #3568, #3234, #720, #410, #951, #1025, #2869, #52, #15, #2575, #2556, #1921, #3197, #1983, #346, #1313, #2216, #640, #389, #1664, #3845, #3862, #1007, #3258, #2274, #1275, #989, #1646, #3823 ),
 ( #2257, #3529, #679, #1938, #3881, #738, #3277, #3032, #2390, #3658, #1069, #2635, #89, #3923, #1136, #470, #180, #806, #1708, #2323, #1418, #449, #2344, #3322, #2409, #2070, #3678, #3364, #1351, #3992, #1682, #2050, #2963, #1396, #1375, #3611, #758, #827, #2024, #159, #1049, #3899, #3342, #515, #3297, #2703, #3967, #2093, #1730, #429, #2987, #493, #2659, #2003, #3008, #3945, #1113, #113, #2946, #3591, #138, #2680, #1092, #2367, #3634, #780, #1438, #1753, #2726, #202, #2747, #1462, #1775 ) ),
 .UNSPECIFIED., .F., .F., .F. ) 
 B_SPLINE_SURFACE_WITH_KNOTS ( ( 2, 2 ),
 ( 3, 2, 2, 2, 2, 2, 2, 2, 2, 2, 2, 2, 2, 2, 2, 2, 2, 2, 2, 2, 2, 2, 2, 2, 2, 2, 2, 2, 2, 2, 2, 2, 2, 2, 2, 2, 3 ),
 ( 0.000000000000000000, 1.000000000000000000 ),
 ( 0.000000000000000000, 0.02500000000000000139, 0.05000000000000000278, 0.07499999999999999722, 0.1000000000000000056, 0.1250000000000000000, 0.1499999999999999944, 0.1749999999999999889, 0.2000000000000000111, 0.2250000000000000056, 0.2500000000000000000, 0.2750000000000000222, 0.2999999999999999889, 0.3250000000000000111, 0.3499999999999999778, 0.3750000000000000000, 0.4000000000000000222, 0.4249999999999999889, 0.4500000000000000111, 0.4749999999999999778, 0.5000000000000000000, 0.5250000000000000222, 0.5500000000000000444, 0.5749999999999999556, 0.5999999999999999778, 0.6250000000000000000, 0.6500000000000000222, 0.6750000000000000444, 0.6999999999999999556, 0.7249999999999999778, 0.7500000000000000000, 0.7750000000000000222, 0.8000000000000000444, 0.8249999999999999556, 0.8499999999999999778, 0.8750000000000000000, 0.8932742202207287763 ),
 .UNSPECIFIED. ) 
 GEOMETRIC_REPRESENTATION_ITEM ( )  RATIONAL_B_SPLINE_SURFACE ( (
 ( 1.000000000000000000, 0.9238795325112867385, 1.000000000000000000, 0.9238795325112867385, 1.000000000000000000, 0.9238795325112867385, 1.000000000000000000, 0.9238795325112867385, 1.000000000000000000, 0.9238795325112867385, 1.000000000000000000, 0.9238795325112867385, 1.000000000000000000, 0.9238795325112867385, 1.000000000000000000, 0.9238795325112867385, 1.000000000000000000, 0.9238795325112867385, 1.000000000000000000, 0.9238795325112867385, 1.000000000000000000, 0.9238795325112867385, 1.000000000000000000, 0.9238795325112867385, 1.000000000000000000, 0.9238795325112867385, 1.000000000000000000, 0.9238795325112867385, 1.000000000000000000, 0.9238795325112867385, 1.000000000000000000, 0.9238795325112867385, 1.000000000000000000, 0.9238795325112867385, 1.000000000000000000, 0.9238795325112867385, 1.000000000000000000, 0.9238795325112867385, 1.000000000000000000, 0.9238795325112867385, 1.000000000000000000, 0.9238795325112867385, 1.000000000000000000, 0.9238795325112867385, 1.000000000000000000, 0.9238795325112867385, 1.000000000000000000, 0.9238795325112867385, 1.000000000000000000, 0.9238795325112867385, 1.000000000000000000, 0.9238795325112867385, 1.000000000000000000, 0.9238795325112867385, 1.000000000000000000, 0.9238795325112867385, 1.000000000000000000, 0.9238795325112867385, 1.000000000000000000, 0.9238795325112867385, 1.000000000000000000, 0.9238795325112867385, 1.000000000000000000, 0.9238795325112867385, 1.000000000000000000, 0.9238795325112867385, 1.000000000000000000, 0.9238795325112867385, 1.000000000000000000, 0.9238795325112867385, 1.000000000000000000, 0.9443583125522572175, 0.9700613010943552883),
 ( 1.000000000000000000, 0.9238795325112867385, 1.000000000000000000, 0.9238795325112867385, 1.000000000000000000, 0.9238795325112867385, 1.000000000000000000, 0.9238795325112867385, 1.000000000000000000, 0.9238795325112867385, 1.000000000000000000, 0.9238795325112867385, 1.000000000000000000, 0.9238795325112867385, 1.000000000000000000, 0.9238795325112867385, 1.000000000000000000, 0.9238795325112867385, 1.000000000000000000, 0.9238795325112867385, 1.000000000000000000, 0.9238795325112867385, 1.000000000000000000, 0.9238795325112867385, 1.000000000000000000, 0.9238795325112867385, 1.000000000000000000, 0.9238795325112867385, 1.000000000000000000, 0.9238795325112867385, 1.000000000000000000, 0.9238795325112867385, 1.000000000000000000, 0.9238795325112867385, 1.000000000000000000, 0.9238795325112867385, 1.000000000000000000, 0.9238795325112867385, 1.000000000000000000, 0.9238795325112867385, 1.000000000000000000, 0.9238795325112867385, 1.000000000000000000, 0.9238795325112867385, 1.000000000000000000, 0.9238795325112867385, 1.000000000000000000, 0.9238795325112867385, 1.000000000000000000, 0.9238795325112867385, 1.000000000000000000, 0.9238795325112867385, 1.000000000000000000, 0.9238795325112867385, 1.000000000000000000, 0.9238795325112867385, 1.000000000000000000, 0.9238795325112867385, 1.000000000000000000, 0.9238795325112867385, 1.000000000000000000, 0.9238795325112867385, 1.000000000000000000, 0.9238795325112867385, 1.000000000000000000, 0.9238795325112867385, 1.000000000000000000, 0.9238795325112867385, 1.000000000000000000, 0.9238795325112867385, 1.000000000000000000, 0.9443583125522572175, 0.9700613010943552883) ) ) 
 REPRESENTATION_ITEM ( '' )  SURFACE ( )  );
#3749 = ORIENTED_EDGE ( 'NONE', *, *, #1459, .T. ) ;
#3750 = CARTESIAN_POINT ( 'NONE',  ( 15.99999999999999645, -3.799999999999983835, 0.000000000000000000 ) ) ;
#3751 = DIRECTION ( 'NONE',  ( 0.000000000000000000, 1.000000000000000000, 0.000000000000000000 ) ) ;
#3752 = ORIENTED_EDGE ( 'NONE', *, *, #4095, .T. ) ;
#3753 = CARTESIAN_POINT ( 'NONE',  ( -3.474516600406095890, -52.81249999999999289, 2.474516600406096778 ) ) ;
#3754 = ORIENTED_EDGE ( 'NONE', *, *, #1350, .F. ) ;
#3755 = CARTESIAN_POINT ( 'NONE',  ( -13.58810118749999951, -50.37500000204838813, 4.685332700224302371 ) ) ;
#3756 = CARTESIAN_POINT ( 'NONE',  ( -8.000000000000001776, -49.53125000204838813, 12.58810118750000129 ) ) ;
#3757 = DIRECTION ( 'NONE',  ( 3.697027429032479173E-18, -1.000000000000000000, -1.424043166158921928E-51 ) ) ;
#3758 = VERTEX_POINT ( 'NONE', #694 ) ;
#3759 = CARTESIAN_POINT ( 'NONE',  ( 7.222217245671895824, 40.86882393736262031, 2.299999999999996270 ) ) ;
#3760 = LINE ( 'NONE', #914, #2794 ) ;
#3761 = EDGE_CURVE ( 'NONE', #1662, #2737, #1288, .T. ) ;
#3762 = VECTOR ( 'NONE', #837, 1000.000000000000000 ) ;
#3763 = DIRECTION ( 'NONE',  ( 1.000000000000000000, 0.000000000000000000, 0.000000000000000000 ) ) ;
#3764 = DIRECTION ( 'NONE',  ( 0.000000000000000000, -1.000000000000000000, 0.000000000000000000 ) ) ;
#3765 = ADVANCED_FACE ( 'NONE', ( #675 ), #1876, .F. ) ;
#3766 = VECTOR ( 'NONE', #360, 1000.000000000000000 ) ;
#3767 = LINE ( 'NONE', #347, #1299 ) ;
#3768 = ORIENTED_EDGE ( 'NONE', *, *, #448, .F. ) ;
#3769 = CARTESIAN_POINT ( 'NONE',  ( 16.49999999999998934, 52.00000000000000711, 5.000000000000000000 ) ) ;
#3770 = ORIENTED_EDGE ( 'NONE', *, *, #234, .T. ) ;
#3771 =( BOUNDED_CURVE ( )  B_SPLINE_CURVE ( 2, ( #2711, #3598, #2331, #2079, #1785, #460, #3978, #2400, #836 ),
 .UNSPECIFIED., .F., .T. ) 
 B_SPLINE_CURVE_WITH_KNOTS ( ( 3, 2, 2, 2, 3 ),
 ( 0.05597394396316991011, 0.08396078358730418856, 0.1119477114497390013, 0.1399346393121737864, 0.1679215485048727585 ),
 .UNSPECIFIED. ) 
 CURVE ( )  GEOMETRIC_REPRESENTATION_ITEM ( )  RATIONAL_B_SPLINE_CURVE ( ( 0.9999995200102317350, 0.9238797725069274325, 1.000000000000000000, 0.9238795325112867385, 1.000000000000000000, 0.9238795325112867385, 1.000000000000000000, 0.9238795325112867385, 1.000000000000000000 ) ) 
 REPRESENTATION_ITEM ( '' )  );
#3772 = CARTESIAN_POINT ( 'NONE',  ( -10.31466729977569941, -54.50000000204839523, 12.58810118749999774 ) ) ;
#3773 = VERTEX_POINT ( 'NONE', #1497 ) ;
#3774 = CARTESIAN_POINT ( 'NONE',  ( -5.685332700224303260, -49.25000000204838102, 1.411898812500001377 ) ) ;
#3775 = MANIFOLD_SOLID_BREP ( 'Ø4.0 (4) Diameter Hole1', #3248 ) ;
#3776 = DIRECTION ( 'NONE',  ( 1.000000000000000000, 0.000000000000000000, 0.000000000000000000 ) ) ;
#3777 = CARTESIAN_POINT ( 'NONE',  ( -12.52548339959390589, -50.75000000409676915, 11.52548339959390589 ) ) ;
#3778 = VECTOR ( 'NONE', #73, 1000.000000000000000 ) ;
#3779 = AXIS2_PLACEMENT_3D ( 'NONE', #2755, #1187, #2168 ) ;
#3780 = VERTEX_POINT ( 'NONE', #3797 ) ;
#3781 = CARTESIAN_POINT ( 'NONE',  ( -16.50000000000001066, 52.00000000000000711, -3.000000000000000000 ) ) ;
#3782 = VECTOR ( 'NONE', #1295, 1000.000000000000000 ) ;
#3783 = AXIS2_PLACEMENT_3D ( 'NONE', #3116, #1422, #3741 ) ;
#3784 = EDGE_CURVE ( 'NONE', #1175, #3077, #945, .T. ) ;
#3785 = DIRECTION ( 'NONE',  ( -0.000000000000000000, -0.000000000000000000, 1.000000000000000000 ) ) ;
#3786 = DIRECTION ( 'NONE',  ( 0.000000000000000000, 0.000000000000000000, -1.000000000000000000 ) ) ;
#3787 = CARTESIAN_POINT ( 'NONE',  ( -7.999997598075171190, -52.06243057869298951, 13.39999999999906422 ) ) ;
#3788 = ORIENTED_EDGE ( 'NONE', *, *, #203, .T. ) ;
#3789 = EDGE_CURVE ( 'NONE', #1452, #2052, #793, .T. ) ;
#3790 = FACE_OUTER_BOUND ( 'NONE', #1927, .T. ) ;
#3791 = PRODUCT_DEFINITION_CONTEXT ( 'detailed design', #991, 'design' ) ;
#3792 = CARTESIAN_POINT ( 'NONE',  ( -2.772770571774359071E-17, -3.799999999999983835, 1.068032374619191342E-50 ) ) ;
#3793 = ORIENTED_EDGE ( 'NONE', *, *, #4072, .F. ) ;
#3794 = FACE_OUTER_BOUND ( 'NONE', #1325, .T. ) ;
#3795 = EDGE_LOOP ( 'NONE', ( #2429, #3228, #887, #1728 ) ) ;
#3796 = EDGE_CURVE ( 'NONE', #2468, #3163, #1892, .T. ) ;
#3797 = CARTESIAN_POINT ( 'NONE',  ( 1.149999999999999023, 14.40000000000000391, 0.000000000000000000 ) ) ;
#3798 = LINE ( 'NONE', #672, #3840 ) ;
#3799 = DIRECTION ( 'NONE',  ( 0.000000000000000000, 0.000000000000000000, 1.000000000000000000 ) ) ;
#3800 = CARTESIAN_POINT ( 'NONE',  ( -14.40000000000000391, -52.15625000000000000, 9.650966799187807865 ) ) ;
#3801 = DIRECTION ( 'NONE',  ( -1.000000000000000000, 0.000000000000000000, 0.000000000000000000 ) ) ;
#3802 = PLANE ( 'NONE',  #1548 ) ;
#3803 = CARTESIAN_POINT ( 'NONE',  ( -1.600000000000001865, -51.78125000409676915, 9.650966799187814971 ) ) ;
#3804 = FACE_OUTER_BOUND ( 'NONE', #2128, .T. ) ;
#3805 = ORIENTED_EDGE ( 'NONE', *, *, #4092, .F. ) ;
#3806 = DIRECTION ( 'NONE',  ( -0.000000000000000000, 0.000000000000000000, 1.000000000000000000 ) ) ;
#3807 = CARTESIAN_POINT ( 'NONE',  ( -4.048615756362151430, -52.34375000204838102, 3.048615756362151874 ) ) ;
#3808 = ORIENTED_EDGE ( 'NONE', *, *, #281, .F. ) ;
#3809 = EDGE_CURVE ( 'NONE', #182, #600, #1580, .T. ) ;
#3810 = DIRECTION ( 'NONE',  ( 0.000000000000000000, -0.000000000000000000, 1.000000000000000000 ) ) ;
#3811 = EDGE_LOOP ( 'NONE', ( #1556, #372, #609, #3727 ) ) ;
#3812 = CARTESIAN_POINT ( 'NONE',  ( -5.349033200812190358, -53.46875000409677625, 13.40000000000000036 ) ) ;
#3813 = CARTESIAN_POINT ( 'NONE',  ( -7.679782754328103422, 28.11970425054997236, 0.000000000000000000 ) ) ;
#3814 = CARTESIAN_POINT ( 'NONE',  ( -10.17978275432810342, 28.11970425054997236, 0.000000000000000000 ) ) ;
#3815 = ADVANCED_FACE ( 'NONE', ( #1559 ), #2924, .F. ) ;
#3816 = CARTESIAN_POINT ( 'NONE',  ( -19.49999999999999645, -56.07000000000000028, -1.299999999999992939 ) ) ;
#3817 = AXIS2_PLACEMENT_3D ( 'NONE', #248, #3724, #2519 ) ;
#3818 = CARTESIAN_POINT ( 'NONE',  ( 7.572217245671899022, 40.86882393736261321, 2.299999999999996270 ) ) ;
#3819 = ADVANCED_BREP_SHAPE_REPRESENTATION ( 'Brewtools CAN controller box', ( #3775, #3323 ), #3153 ) ;
#3820 = CIRCLE ( 'NONE', #834, 2.500000000000000444 ) ;
#3821 = VECTOR ( 'NONE', #4056, 1000.000000000000000 ) ;
#3822 = LINE ( 'NONE', #3173, #2159 ) ;
#3823 = CARTESIAN_POINT ( 'NONE',  ( -14.26013940214462394, -47.98660679277949015, 5.669340514738516745 ) ) ;
#3824 = LINE ( 'NONE', #1901, #1565 ) ;
#3825 = ORIENTED_EDGE ( 'NONE', *, *, #1603, .F. ) ;
#3826 = DIRECTION ( 'NONE',  ( 1.000000000000000000, 0.000000000000000000, 0.000000000000000000 ) ) ;
#3827 = CARTESIAN_POINT ( 'NONE',  ( -11.38483718973530223, -54.99999999999815259, 2.553681063989706956 ) ) ;
#3828 = EDGE_LOOP ( 'NONE', ( #2812, #363 ) ) ;
#3829 = VECTOR ( 'NONE', #3603, 1000.000000000000000 ) ;
#3830 = ORIENTED_EDGE ( 'NONE', *, *, #2307, .T. ) ;
#3831 = CARTESIAN_POINT ( 'NONE',  ( -3.474516600406096778, -53.37500000409676915, 11.52548339959390589 ) ) ;
#3832 = EDGE_CURVE ( 'NONE', #307, #2308, #2569, .T. ) ;
#3833 = DIRECTION ( 'NONE',  ( 0.000000000000000000, -1.000000000000000000, 0.000000000000000000 ) ) ;
#3834 = LINE ( 'NONE', #2881, #457 ) ;
#3835 = CARTESIAN_POINT ( 'NONE',  ( -18.80000000000001137, 52.00000000000000000, -2.000000000000000000 ) ) ;
#3836 = CARTESIAN_POINT ( 'NONE',  ( -2.411898812500001377, -52.25000000204838102, 9.314667299775702958 ) ) ;
#3837 = VECTOR ( 'NONE', #2201, 1000.000000000000000 ) ;
#3838 = ADVANCED_FACE ( 'NONE', ( #2608 ), #948, .F. ) ;
#3839 = DIRECTION ( 'NONE',  ( -1.000000000000000000, -6.033820786006285717E-15, 0.000000000000000000 ) ) ;
#3840 = VECTOR ( 'NONE', #2899, 1000.000000000000000 ) ;
#3841 = VECTOR ( 'NONE', #403, 1000.000000000000000 ) ;
#3842 = CARTESIAN_POINT ( 'NONE',  ( 10.07221724567190080, 40.86882393736262742, 2.299999999999996270 ) ) ;
#3843 = AXIS2_PLACEMENT_3D ( 'NONE', #2750, #852, #2182 ) ;
#3844 = VECTOR ( 'NONE', #1298, 1000.000000000000000 ) ;
#3845 = CARTESIAN_POINT ( 'NONE',  ( -1.599999999999999867, -48.68750000409677625, 7.000000000000000888 ) ) ;
#3846 = CARTESIAN_POINT ( 'NONE',  ( 16.49999999999998934, 52.00000000000000711, -1.299999999999992939 ) ) ;
#3847 = EDGE_LOOP ( 'NONE', ( #3375, #3379, #1294, #451, #1192, #1000, #2299, #1032, #506, #188, #612, #1301, #539, #3558, #2105, #508, #3644, #1424, #2058, #1179, #1310, #2651 ) ) ;
#3848 = DIRECTION ( 'NONE',  ( 1.000000000000000000, 0.000000000000000000, 0.000000000000000000 ) ) ;
#3849 = CARTESIAN_POINT ( 'NONE',  ( -13.22737826519190207, -54.99999999999996447, 4.514594167773377187 ) ) ;
#3850 = AXIS2_PLACEMENT_3D ( 'NONE', #1126, #462, #1080 ) ;
#3851 = ORIENTED_EDGE ( 'NONE', *, *, #1390, .T. ) ;
#3852 = CARTESIAN_POINT ( 'NONE',  ( -2.411898812500000044, -55.43750000204840234, 4.685332700224302371 ) ) ;
#3853 = VERTEX_POINT ( 'NONE', #3835 ) ;
#3854 = CARTESIAN_POINT ( 'NONE',  ( -5.349033200812190358, -52.90625000409677625, 0.6000000000000007550 ) ) ;
#3855 = ORIENTED_EDGE ( 'NONE', *, *, #1468, .F. ) ;
#3856 = CARTESIAN_POINT ( 'NONE',  ( -8.000000000000001776, -51.87499999999999289, 13.40000000000000213 ) ) ;
#3857 = CARTESIAN_POINT ( 'NONE',  ( -10.65096679918783451, -52.53124999999999289, 0.6000000000000278444 ) ) ;
#3858 = EDGE_CURVE ( 'NONE', #3632, #1245, #2844, .T. ) ;
#3859 = CARTESIAN_POINT ( 'NONE',  ( -4.048615756362151430, -51.96875000204838102, 3.048615756362151874 ) ) ;
#3860 = EDGE_CURVE ( 'NONE', #62, #4055, #3502, .T. ) ;
#3861 = FACE_OUTER_BOUND ( 'NONE', #3389, .T. ) ;
#3862 = CARTESIAN_POINT ( 'NONE',  ( -1.599999999999999867, -48.59375000409676915, 4.349033200812191247 ) ) ;
#3863 = EDGE_CURVE ( 'NONE', #2612, #3158, #618, .T. ) ;
#3864 = DIRECTION ( 'NONE',  ( 3.697027429032479173E-18, -1.000000000000000000, -1.424043166158921928E-51 ) ) ;
#3865 = ORIENTED_EDGE ( 'NONE', *, *, #259, .T. ) ;
#3866 = DIRECTION ( 'NONE',  ( 0.000000000000000000, 0.000000000000000000, -1.000000000000000000 ) ) ;
#3867 = DIRECTION ( 'NONE',  ( -1.357467117055732741E-16, 1.000000000000000000, 1.942890293094050570E-16 ) ) ;
#3868 = ORIENTED_EDGE ( 'NONE', *, *, #3600, .F. ) ;
#3869 = CARTESIAN_POINT ( 'NONE',  ( -11.95138424363784857, -48.96875000204838813, 3.048615756362151874 ) ) ;
#3870 = ORIENTED_EDGE ( 'NONE', *, *, #1135, .F. ) ;
#3871 = CARTESIAN_POINT ( 'NONE',  ( -3.382398461466909367, -49.29999999999999005, 10.14716235886802664 ) ) ;
#3872 = VERTEX_POINT ( 'NONE', #1597 ) ;
#3873 = CARTESIAN_POINT ( 'NONE',  ( -3.474516600406096778, -50.18749999999999289, 11.52548339959390589 ) ) ;
#3874 = ORIENTED_EDGE ( 'NONE', *, *, #1603, .T. ) ;
#3875 = DIRECTION ( 'NONE',  ( 1.284148034404965108E-16, -1.000000000000000000, 0.000000000000000000 ) ) ;
#3876 = CARTESIAN_POINT ( 'NONE',  ( -2.411898812500000044, -53.56250000204839523, 4.685332700224302371 ) ) ;
#3877 = DIRECTION ( 'NONE',  ( -0.000000000000000000, -0.000000000000000000, 1.000000000000000000 ) ) ;
#3878 = ORIENTED_EDGE ( 'NONE', *, *, #1815, .F. ) ;
#3879 = DIRECTION ( 'NONE',  ( 1.000000000000000000, 0.000000000000000000, 0.000000000000000000 ) ) ;
#3880 = EDGE_CURVE ( 'NONE', #710, #1656, #3210, .T. ) ;
#3881 = CARTESIAN_POINT ( 'NONE',  ( -8.000000000000000000, -54.78125000204838813, 1.411898812500000489 ) ) ;
#3882 = AXIS2_PLACEMENT_3D ( 'NONE', #2884, #1896, #3801 ) ;
#3883 = DIRECTION ( 'NONE',  ( -0.000000000000000000, -0.000000000000000000, 1.000000000000000000 ) ) ;
#3884 = VERTEX_POINT ( 'NONE', #1002 ) ;
#3885 = PLANE ( 'NONE',  #2241 ) ;
#3886 = ADVANCED_FACE ( 'NONE', ( #319 ), #2213, .T. ) ;
#3887 = CARTESIAN_POINT ( 'NONE',  ( -12.66708060358471677, -55.00000000000000711, 3.699649637323246587 ) ) ;
#3888 = VERTEX_POINT ( 'NONE', #1915 ) ;
#3889 = CARTESIAN_POINT ( 'NONE',  ( -13.46598176770879185, -48.83035708596116109, 5.838140199157412447 ) ) ;
#3890 = EDGE_LOOP ( 'NONE', ( #845, #1014, #2791, #54 ) ) ;
#3891 = CARTESIAN_POINT ( 'NONE',  ( -6.699999999999999289, -34.99999999999999289, 3.000000000000000000 ) ) ;
#3892 = VECTOR ( 'NONE', #2466, 1000.000000000000000 ) ;
#3893 = DIRECTION ( 'NONE',  ( -0.000000000000000000, -0.000000000000000000, -1.000000000000000000 ) ) ;
#3894 = ORIENTED_EDGE ( 'NONE', *, *, #3482, .F. ) ;
#3895 = CARTESIAN_POINT ( 'NONE',  ( -23.40312423743284143, -7.819999999999992291, 0.000000000000000000 ) ) ;
#3896 = LINE ( 'NONE', #1328, #2235 ) ;
#3897 = VECTOR ( 'NONE', #2523, 1000.000000000000000 ) ;
#3898 = FACE_OUTER_BOUND ( 'NONE', #992, .T. ) ;
#3899 = CARTESIAN_POINT ( 'NONE',  ( -13.58810118750000129, -51.31250000204838102, 9.314667299775697629 ) ) ;
#3900 = VECTOR ( 'NONE', #3147, 1000.000000000000114 ) ;
#3901 = PLANE ( 'NONE',  #252 ) ;
#3902 = EDGE_CURVE ( 'NONE', #957, #3119, #3191, .T. ) ;
#3903 = VECTOR ( 'NONE', #2873, 1000.000000000000000 ) ;
#3904 = ORIENTED_EDGE ( 'NONE', *, *, #1035, .T. ) ;
#3905 = CARTESIAN_POINT ( 'NONE',  ( 8.000000000000000000, -49.29999999999999716, 7.000000000000000888 ) ) ;
#3906 = LINE ( 'NONE', #961, #520 ) ;
#3907 = CARTESIAN_POINT ( 'NONE',  ( 17.00000000000000355, -3.799999999999983835, 1.068032374619191342E-50 ) ) ;
#3908 = VECTOR ( 'NONE', #893, 1000.000000000000000 ) ;
#3909 = CARTESIAN_POINT ( 'NONE',  ( -5.685332700224303260, -50.75000000204838813, 1.411898812500001377 ) ) ;
#3910 = EDGE_CURVE ( 'NONE', #1344, #3187, #1934, .T. ) ;
#3911 = ORIENTED_EDGE ( 'NONE', *, *, #430, .T. ) ;
#3912 = CARTESIAN_POINT ( 'NONE',  ( -7.033497835374447504, -49.30000000000000426, 1.290860677477423835 ) ) ;
#3913 = LINE ( 'NONE', #13, #2091 ) ;
#3914 = DIRECTION ( 'NONE',  ( 0.000000000000000000, 1.000000000000000000, 0.000000000000000000 ) ) ;
#3915 = VERTEX_POINT ( 'NONE', #2902 ) ;
#3916 = DIRECTION ( 'NONE',  ( 0.000000000000000000, 0.7071067811865435759, 0.7071067811865514585 ) ) ;
#3917 = EDGE_CURVE ( 'NONE', #2355, #2308, #2269, .T. ) ;
#3918 = CARTESIAN_POINT ( 'NONE',  ( -5.685332700224303260, -53.93750000204840234, 12.58810118749999774 ) ) ;
#3919 = CARTESIAN_POINT ( 'NONE',  ( -17.00000000000000000, -34.99999999999999289, 3.000000000000000000 ) ) ;
#3920 = DIRECTION ( 'NONE',  ( 1.000000000000000000, 0.000000000000000000, 0.000000000000000000 ) ) ;
#3921 = ORIENTED_EDGE ( 'NONE', *, *, #2104, .T. ) ;
#3922 = CARTESIAN_POINT ( 'NONE',  ( 17.00000000000000355, -49.29999999999999716, 5.000000000000000000 ) ) ;
#3923 = CARTESIAN_POINT ( 'NONE',  ( -5.685332700224301483, -53.93750000204840234, 12.58810118749999951 ) ) ;
#3924 = CARTESIAN_POINT ( 'NONE',  ( -1.600000000000001865, -51.78125000409676915, 9.650966799187816747 ) ) ;
#3925 = ORIENTED_EDGE ( 'NONE', *, *, #2517, .F. ) ;
#3926 = DIRECTION ( 'NONE',  ( 0.000000000000000000, 0.000000000000000000, -1.000000000000000000 ) ) ;
#3927 = CARTESIAN_POINT ( 'NONE',  ( -6.699999999999999289, -37.00000000000000000, 0.000000000000000000 ) ) ;
#3928 = DIRECTION ( 'NONE',  ( 1.000000000000000000, 0.000000000000000000, 0.000000000000000000 ) ) ;
#3929 = ADVANCED_FACE ( 'NONE', ( #3337 ), #3001, .F. ) ;
#3930 = CARTESIAN_POINT ( 'NONE',  ( -4.048615756362151430, -53.84375000204838813, 3.048615756362151874 ) ) ;
#3931 = ORIENTED_EDGE ( 'NONE', *, *, #3743, .F. ) ;
#3932 = CARTESIAN_POINT ( 'NONE',  ( -2.324996253066699659, -55.00000000000000000, 5.770581464713930409 ) ) ;
#3933 = CARTESIAN_POINT ( 'NONE',  ( -3.699999999999998401, -3.799999999999983835, 1.500000000000001776 ) ) ;
#3934 = DIRECTION ( 'NONE',  ( -0.000000000000000000, 1.000000000000000000, -0.000000000000000000 ) ) ;
#3935 = EDGE_CURVE ( 'NONE', #2157, #1175, #3562, .T. ) ;
#3936 = ORIENTED_EDGE ( 'NONE', *, *, #2016, .T. ) ;
#3937 = LINE ( 'NONE', #2716, #1291 ) ;
#3938 = CARTESIAN_POINT ( 'NONE',  ( -13.58810118749999951, -50.00000000204838813, 4.685332700224302371 ) ) ;
#3939 = CARTESIAN_POINT ( 'NONE',  ( -13.58810118749999774, -54.50000000204838813, 4.685332700224302371 ) ) ;
#3940 = LINE ( 'NONE', #1086, #1309 ) ;
#3941 = EDGE_CURVE ( 'NONE', #2152, #600, #1064, .T. ) ;
#3942 = CARTESIAN_POINT ( 'NONE',  ( -3.474516600406096778, -53.18749999999999289, 11.52548339959390589 ) ) ;
#3943 = EDGE_LOOP ( 'NONE', ( #1230, #2162, #3561, #1242 ) ) ;
#3944 = DIRECTION ( 'NONE',  ( 2.500808133735321838E-33, -7.806255641895629953E-16, -1.000000000000000000 ) ) ;
#3945 = CARTESIAN_POINT ( 'NONE',  ( -13.58810118749999951, -50.00000000204838813, 4.685332700224302371 ) ) ;
#3946 = CARTESIAN_POINT ( 'NONE',  ( -8.000015443710063678, -54.31249945793744871, 0.6000000000186342941 ) ) ;
#3947 = ORIENTED_EDGE ( 'NONE', *, *, #1140, .F. ) ;
#3948 = DIRECTION ( 'NONE',  ( 3.697027429032479173E-18, -1.000000000000000000, -1.424043166158921928E-51 ) ) ;
#3949 = CARTESIAN_POINT ( 'NONE',  ( -18.79999999999999716, -54.99999999999999289, -2.000000000000000000 ) ) ;
#3950 = CARTESIAN_POINT ( 'NONE',  ( 11.15000000000000036, 7.400000000000011013, 1.500000000000001554 ) ) ;
#3951 = CARTESIAN_POINT ( 'NONE',  ( -10.31466729977569585, -53.56250000204839523, 1.411898812500001377 ) ) ;
#3952 = ORIENTED_EDGE ( 'NONE', *, *, #2593, .T. ) ;
#3953 = AXIS2_PLACEMENT_3D ( 'NONE', #514, #2092, #2497 ) ;
#3954 = LINE ( 'NONE', #2375, #1114 ) ;
#3955 = FACE_OUTER_BOUND ( 'NONE', #1623, .T. ) ;
#3956 = CARTESIAN_POINT ( 'NONE',  ( -10.31466729977570118, -54.50000000204838813, 12.58810118749999951 ) ) ;
#3957 = ORIENTED_EDGE ( 'NONE', *, *, #3880, .F. ) ;
#3958 = LINE ( 'NONE', #3651, #2238 ) ;
#3959 = EDGE_CURVE ( 'NONE', #1758, #2152, #2337, .T. ) ;
#3960 = CARTESIAN_POINT ( 'NONE',  ( -8.000000000000000000, -48.78125000204838813, 1.411898812500001377 ) ) ;
#3961 = DIRECTION ( 'NONE',  ( 3.697027429032479173E-18, -1.000000000000000000, -1.424043166158921928E-51 ) ) ;
#3962 = CARTESIAN_POINT ( 'NONE',  ( -10.65096679918780787, -51.21875000409677625, 0.6000000000000007550 ) ) ;
#3963 = AXIS2_PLACEMENT_3D ( 'NONE', #3167, #2865, #964 ) ;
#3964 = EDGE_CURVE ( 'NONE', #3995, #3773, #1745, .T. ) ;
#3965 = ORIENTED_EDGE ( 'NONE', *, *, #1282, .F. ) ;
#3966 = CYLINDRICAL_SURFACE ( 'NONE', #759, 6.400000000000000355 ) ;
#3967 = CARTESIAN_POINT ( 'NONE',  ( -4.048615756362152318, -50.84375000204838102, 10.95138424363785035 ) ) ;
#3968 = LINE ( 'NONE', #2140, #3038 ) ;
#3969 = EDGE_CURVE ( 'NONE', #2546, #161, #442, .T. ) ;
#3970 = ORIENTED_EDGE ( 'NONE', *, *, #3551, .F. ) ;
#3971 = DIRECTION ( 'NONE',  ( 0.000000000000000000, 1.000000000000000000, 0.000000000000000000 ) ) ;
#3972 = CIRCLE ( 'NONE', #1837, 1.999999999999999112 ) ;
#3973 = CARTESIAN_POINT ( 'NONE',  ( -1.600000000000001865, -50.28125000409676915, 9.650966799187816747 ) ) ;
#3974 = PLANE ( 'NONE',  #3175 ) ;
#3975 = CARTESIAN_POINT ( 'NONE',  ( -3.474516600406096778, -53.18749999999999289, 11.52548339959390589 ) ) ;
#3976 = VECTOR ( 'NONE', #707, 1000.000000000000000 ) ;
#3977 = ORIENTED_EDGE ( 'NONE', *, *, #846, .T. ) ;
#3978 = CARTESIAN_POINT ( 'NONE',  ( -12.52548339959390589, -53.75000000409676915, 11.52548339959390589 ) ) ;
#3979 = DIRECTION ( 'NONE',  ( 0.000000000000000000, 0.000000000000000000, -1.000000000000000000 ) ) ;
#3980 = CARTESIAN_POINT ( 'NONE',  ( 16.49999999999998934, 52.00000000000000711, 5.000000000000000000 ) ) ;
#3981 = VECTOR ( 'NONE', #3459, 1000.000000000000000 ) ;
#3982 = AXIS2_PLACEMENT_3D ( 'NONE', #2685, #3428, #2396 ) ;
#3983 = ORIENTED_EDGE ( 'NONE', *, *, #3959, .T. ) ;
#3984 = CARTESIAN_POINT ( 'NONE',  ( -1.599999999999999867, -54.40624999999999289, 4.349033200812192135 ) ) ;
#3985 = VECTOR ( 'NONE', #4108, 1000.000000000000000 ) ;
#3986 = CARTESIAN_POINT ( 'NONE',  ( -2.411898812500000044, -50.56250000204838813, 4.685332700224302371 ) ) ;
#3987 = CARTESIAN_POINT ( 'NONE',  ( -13.58810118749999774, -50.00000000204838813, 4.685332700224302371 ) ) ;
#3988 = CYLINDRICAL_SURFACE ( 'NONE', #3452, 1.000000000000004441 ) ;
#3989 = EDGE_CURVE ( 'NONE', #2699, #518, #171, .T. ) ;
#3990 = ORIENTED_EDGE ( 'NONE', *, *, #1560, .F. ) ;
#3991 = CARTESIAN_POINT ( 'NONE',  ( 7.222217245671906483, 1.960784484646479740E-15, -3.000000000000000000 ) ) ;
#3992 = CARTESIAN_POINT ( 'NONE',  ( -5.685332700224301483, -52.43750000204839523, 12.58810118749999951 ) ) ;
#3993 = EDGE_CURVE ( 'NONE', #3410, #2255, #1697, .T. ) ;
#3994 = DIRECTION ( 'NONE',  ( -0.000000000000000000, -0.000000000000000000, 1.000000000000000000 ) ) ;
#3995 = VERTEX_POINT ( 'NONE', #1389 ) ;
#3996 = CARTESIAN_POINT ( 'NONE',  ( -17.00000000000000000, -34.99999999999999289, 0.000000000000000000 ) ) ;
#3997 = CARTESIAN_POINT ( 'NONE',  ( 1.149999999999999023, 7.400000000000011013, 9.107298248878237246E-15 ) ) ;
#3998 = CARTESIAN_POINT ( 'NONE',  ( -14.40000000000000036, -52.34374999999999289, 4.349033200812191247 ) ) ;
#3999 = ORIENTED_EDGE ( 'NONE', *, *, #2412, .T. ) ;
#4000 = CARTESIAN_POINT ( 'NONE',  ( -3.137653614387581946, -54.99999999999997158, 4.085728089201029256 ) ) ;
#4001 = CARTESIAN_POINT ( 'NONE',  ( -10.12105329792442987, -54.99999999999997868, 1.817274084028125403 ) ) ;
#4002 = CARTESIAN_POINT ( 'NONE',  ( -8.000000000000000000, -53.65625000204838813, 1.411898812500001377 ) ) ;
#4003 = ORIENTED_EDGE ( 'NONE', *, *, #2025, .F. ) ;
#4004 = DIRECTION ( 'NONE',  ( 1.000000000000000000, 0.000000000000000000, 0.000000000000000000 ) ) ;
#4005 = VERTEX_POINT ( 'NONE', #1082 ) ;
#4006 = CARTESIAN_POINT ( 'NONE',  ( -2.411898812500000044, -53.93750000204840234, 4.685332700224302371 ) ) ;
#4007 = CARTESIAN_POINT ( 'NONE',  ( -10.31466729977569763, -53.18750000204839523, 1.411898812500001377 ) ) ;
#4008 = ORIENTED_EDGE ( 'NONE', *, *, #1766, .F. ) ;
#4009 = EDGE_LOOP ( 'NONE', ( #209, #3439, #271, #1809 ) ) ;
#4010 = CARTESIAN_POINT ( 'NONE',  ( -7.329782754328105554, 40.86882393736287611, 23.36881416978414805 ) ) ;
#4011 = LINE ( 'NONE', #3055, #1043 ) ;
#4012 = CARTESIAN_POINT ( 'NONE',  ( -1.599999999999999867, -54.68750000409676915, 7.000000000000000888 ) ) ;
#4013 = ORIENTED_EDGE ( 'NONE', *, *, #751, .F. ) ;
#4014 = EDGE_CURVE ( 'NONE', #1743, #2416, #599, .T. ) ;
#4015 = PLANE ( 'NONE',  #1045 ) ;
#4016 = LINE ( 'NONE', #3949, #777 ) ;
#4017 = AXIS2_PLACEMENT_3D ( 'NONE', #1920, #3195, #386 ) ;
#4018 = CARTESIAN_POINT ( 'NONE',  ( -14.40000000000000036, -52.24999999999999289, 7.000000000000000000 ) ) ;
#4019 = VERTEX_POINT ( 'NONE', #2673 ) ;
#4020 = EDGE_CURVE ( 'NONE', #3872, #1612, #3937, .T. ) ;
#4021 = FACE_BOUND ( 'NONE', #395, .T. ) ;
#4022 = FACE_BOUND ( 'NONE', #2605, .T. ) ;
#4023 = CARTESIAN_POINT ( 'NONE',  ( 1.149999999999999023, 14.40000000000000391, 3.199999999999997513 ) ) ;
#4024 = ORIENTED_EDGE ( 'NONE', *, *, #199, .T. ) ;
#4025 = APPLICATION_PROTOCOL_DEFINITION ( 'draft international standard', 'automotive_design', 1998, #991 ) ;
#4026 = CARTESIAN_POINT ( 'NONE',  ( -6.699999999999999289, 0.000000000000000000, 3.000000000000000000 ) ) ;
#4027 = ORIENTED_EDGE ( 'NONE', *, *, #3743, .T. ) ;
#4028 = CARTESIAN_POINT ( 'NONE',  ( -2.411898812500001377, -49.25000000204838102, 9.314667299775702958 ) ) ;
#4029 = CARTESIAN_POINT ( 'NONE',  ( -13.58810118749999951, -52.90625000204838102, 7.000000000000000000 ) ) ;
#4030 = ORIENTED_EDGE ( 'NONE', *, *, #1329, .T. ) ;
#4031 = VECTOR ( 'NONE', #652, 1000.000000000000114 ) ;
#4032 = ORIENTED_EDGE ( 'NONE', *, *, #2947, .F. ) ;
#4033 = FACE_OUTER_BOUND ( 'NONE', #479, .T. ) ;
#4034 = FACE_OUTER_BOUND ( 'NONE', #495, .T. ) ;
#4035 = EDGE_LOOP ( 'NONE', ( #2208, #1637, #3400, #2485 ) ) ;
#4036 = CARTESIAN_POINT ( 'NONE',  ( -16.50000000000001066, 52.00000000000000711, 5.000000000000000000 ) ) ;
#4037 = LINE ( 'NONE', #1182, #651 ) ;
#4038 = EDGE_CURVE ( 'NONE', #3853, #3163, #3630, .T. ) ;
#4039 = CARTESIAN_POINT ( 'NONE',  ( -3.474516600406096778, -51.68750000000000000, 11.52548339959390589 ) ) ;
#4040 = CIRCLE ( 'NONE', #1630, 2.500000000000002220 ) ;
#4041 = ORIENTED_EDGE ( 'NONE', *, *, #323, .F. ) ;
#4042 = DIRECTION ( 'NONE',  ( 0.000000000000000000, 0.000000000000000000, -1.000000000000000000 ) ) ;
#4043 = CARTESIAN_POINT ( 'NONE',  ( -6.699999999999999289, -3.799999999999983835, 4.610000000000001208 ) ) ;
#4044 = DIRECTION ( 'NONE',  ( 0.000000000000000000, 0.000000000000000000, 1.000000000000000000 ) ) ;
#4045 = VERTEX_POINT ( 'NONE', #1724 ) ;
#4046 = EDGE_CURVE ( 'NONE', #1674, #3366, #69, .T. ) ;
#4047 = PLANE ( 'NONE',  #1118 ) ;
#4048 = ORIENTED_EDGE ( 'NONE', *, *, #1584, .F. ) ;
#4049 = SURFACE_SIDE_STYLE ('',( #3131 ) ) ;
#4050 = VECTOR ( 'NONE', #2147, 1000.000000000000000 ) ;
#4051 = VECTOR ( 'NONE', #1816, 1000.000000000000000 ) ;
#4052 = CARTESIAN_POINT ( 'NONE',  ( -13.58810118749999774, -53.00000000204838813, 4.685332700224302371 ) ) ;
#4053 = PLANE ( 'NONE',  #1446 ) ;
#4054 = VECTOR ( 'NONE', #3601, 1000.000000000000000 ) ;
#4055 = VERTEX_POINT ( 'NONE', #2652 ) ;
#4056 = DIRECTION ( 'NONE',  ( -0.000000000000000000, -0.000000000000000000, -1.000000000000000000 ) ) ;
#4057 = DIRECTION ( 'NONE',  ( -3.697027429032479173E-18, 1.000000000000000000, 0.000000000000000000 ) ) ;
#4058 = FACE_OUTER_BOUND ( 'NONE', #4085, .T. ) ;
#4059 = ORIENTED_EDGE ( 'NONE', *, *, #3168, .F. ) ;
#4060 = CARTESIAN_POINT ( 'NONE',  ( 11.15000000000000036, 14.40000000000000391, 9.107298248878237246E-15 ) ) ;
#4061 = CARTESIAN_POINT ( 'NONE',  ( -1.599999999999999867, -54.68750000409676915, 7.000000000000000888 ) ) ;
#4062 = COLOUR_RGB ( '',0.7921568627450980005, 0.8196078431372548767, 0.9333333333333333481 ) ;
#4063 = CARTESIAN_POINT ( 'NONE',  ( -12.52548339959390589, -53.56249999999999289, 11.52548339959390589 ) ) ;
#4064 = ORIENTED_EDGE ( 'NONE', *, *, #1135, .T. ) ;
#4065 = LINE ( 'NONE', #1863, #262 ) ;
#4066 = EDGE_CURVE ( 'NONE', #313, #3689, #3958, .T. ) ;
#4067 = DIRECTION ( 'NONE',  ( 2.714934234111455128E-16, -1.000000000000000000, 0.000000000000000000 ) ) ;
#4068 = EDGE_LOOP ( 'NONE', ( #708, #2268, #354, #901 ) ) ;
#4069 =( BOUNDED_CURVE ( )  B_SPLINE_CURVE ( 2, ( #1324, #979, #3873, #1019, #2900, #2626, #378, #729, #3560 ),
 .UNSPECIFIED., .F., .T. ) 
 B_SPLINE_CURVE_WITH_KNOTS ( ( 3, 2, 2, 2, 3 ),
 ( 0.7499999999999995559, 0.7749999999999995781, 0.7999999999999996003, 0.8249999999999995115, 0.8499999999999995337 ),
 .UNSPECIFIED. ) 
 CURVE ( )  GEOMETRIC_REPRESENTATION_ITEM ( )  RATIONAL_B_SPLINE_CURVE ( ( 1.000000000000001332, 0.9238795325112854062, 1.000000000000000000, 0.9238795325112867385, 1.000000000000000000, 0.9238795325112867385, 1.000000000000000000, 0.9238795325112880708, 0.9999999999999986677 ) ) 
 REPRESENTATION_ITEM ( '' )  );
#4070 = DIRECTION ( 'NONE',  ( -0.000000000000000000, -0.000000000000000000, -1.000000000000000000 ) ) ;
#4071 = ORIENTED_EDGE ( 'NONE', *, *, #2188, .T. ) ;
#4072 = EDGE_CURVE ( 'NONE', #518, #3608, #712, .T. ) ;
#4073 = CARTESIAN_POINT ( 'NONE',  ( -11.95138424363784857, -53.09375000204838102, 3.048615756362151874 ) ) ;
#4074 = CARTESIAN_POINT ( 'NONE',  ( -6.699999999999999289, -3.799999999999983835, 9.107298248878237246E-15 ) ) ;
#4075 = VERTEX_POINT ( 'NONE', #1657 ) ;
#4076 = ADVANCED_FACE ( 'NONE', ( #83 ), #2629, .T. ) ;
#4077 = LINE ( 'NONE', #2115, #906 ) ;
#4078 = CARTESIAN_POINT ( 'NONE',  ( -4.699999999999999289, -3.799999999999983835, 1.500000000000001554 ) ) ;
#4079 = FACE_OUTER_BOUND ( 'NONE', #1489, .T. ) ;
#4080 = CARTESIAN_POINT ( 'NONE',  ( -5.349033200812189470, -53.46875000409677625, 13.40000000000000036 ) ) ;
#4081 = FACE_OUTER_BOUND ( 'NONE', #864, .T. ) ;
#4082 = VERTEX_POINT ( 'NONE', #1675 ) ;
#4083 = FACE_OUTER_BOUND ( 'NONE', #3614, .T. ) ;
#4084 = DIRECTION ( 'NONE',  ( -1.000000000000000000, 0.000000000000000000, 0.000000000000000000 ) ) ;
#4085 = EDGE_LOOP ( 'NONE', ( #669, #3637, #1955, #881 ) ) ;
#4086 = DIRECTION ( 'NONE',  ( 1.000000000000000000, 0.000000000000000000, 2.168404344971006896E-16 ) ) ;
#4087 = CARTESIAN_POINT ( 'NONE',  ( -3.699999999999998401, -18.79999999999998295, 9.107298248878237246E-15 ) ) ;
#4088 = ORIENTED_EDGE ( 'NONE', *, *, #3738, .F. ) ;
#4089 = CARTESIAN_POINT ( 'NONE',  ( -13.58810118749999951, -51.68750000204838813, 9.314667299775697629 ) ) ;
#4090 = CARTESIAN_POINT ( 'NONE',  ( -19.49999999999999645, -54.99999999999999289, -3.000000000000000000 ) ) ;
#4091 = CARTESIAN_POINT ( 'NONE',  ( -18.49999999999999645, -49.29999999999999716, 17.00000000000000355 ) ) ;
#4092 = EDGE_CURVE ( 'NONE', #2463, #839, #1988, .T. ) ;
#4093 = ORIENTED_EDGE ( 'NONE', *, *, #3482, .T. ) ;
#4094 = DIRECTION ( 'NONE',  ( 0.000000000000000000, 0.000000000000000000, 1.000000000000000000 ) ) ;
#4095 = EDGE_CURVE ( 'NONE', #972, #1148, #865, .T. ) ;
#4096 = DIRECTION ( 'NONE',  ( -1.000000000000000000, -0.000000000000000000, 0.000000000000000000 ) ) ;
#4097 = CARTESIAN_POINT ( 'NONE',  ( 18.50000000000000355, -49.29999999999999716, 17.00000000000000355 ) ) ;
#4098 = EDGE_CURVE ( 'NONE', #1847, #761, #3106, .T. ) ;
#4099 = VERTEX_POINT ( 'NONE', #590 ) ;
#4100 = DIRECTION ( 'NONE',  ( 0.000000000000000000, -1.000000000000000000, 0.000000000000000000 ) ) ;
#4101 = CARTESIAN_POINT ( 'NONE',  ( -4.048615756362153206, -51.21875000204838102, 10.95138424363785035 ) ) ;
#4102 = ORIENTED_EDGE ( 'NONE', *, *, #3507, .F. ) ;
#4103 = CARTESIAN_POINT ( 'NONE',  ( -3.553681063963513242, -54.99999999999999289, 3.615162810299101803 ) ) ;
#4104 = VECTOR ( 'NONE', #545, 1000.000000000000000 ) ;
#4105 = ORIENTED_EDGE ( 'NONE', *, *, #890, .F. ) ;
#4106 = CARTESIAN_POINT ( 'NONE',  ( -8.000000000000000000, -50.65625000204838813, 1.411898812500001377 ) ) ;
#4107 = DIRECTION ( 'NONE',  ( 1.000000000000000000, 0.000000000000000000, 0.000000000000000000 ) ) ;
#4108 = DIRECTION ( 'NONE',  ( 1.284148034404965108E-16, -1.000000000000000000, 0.000000000000000000 ) ) ;
#4109 = CIRCLE ( 'NONE', #1966, 1.999999999999999112 ) ;
#4110 = CARTESIAN_POINT ( 'NONE',  ( -8.000000000000000000, -52.62499999999999289, 0.6000000000000007550 ) ) ;
#4111 = CIRCLE ( 'NONE', #1441, 1.000000000000004441 ) ;
#4112 = DIRECTION ( 'NONE',  ( -2.714934234111455128E-16, 1.000000000000000000, 0.000000000000000000 ) ) ;
#4113 = VECTOR ( 'NONE', #241, 1000.000000000000000 ) ;
#4114 = AXIS2_PLACEMENT_3D ( 'NONE', #952, #330, #2184 ) ;
#4115 = B_SPLINE_CURVE_WITH_KNOTS ( 'NONE', 3,
 ( #2731, #3012, #742, #3368, #1073, #1421, #3616, #788, #763, #2992, #142, #3060, #1713, #3663, #434, #1687, #3036, #2752, #2684, #811, #3347, #2097, #1096, #2029 ),
 .UNSPECIFIED., .F., .F.,
 ( 4, 2, 2, 2, 2, 2, 2, 2, 2, 2, 2, 4 ),
 ( 0.000000000000000000, 0.001474375964788125467, 0.002211563947182189609, 0.002948751929576253535, 0.004423127894364375749, 0.005160315876758436206, 0.005897503859152496662, 0.007371879823940616708, 0.008109067806334677164, 0.008846255788728735886, 0.01032063175351686027, 0.01179500771830498465 ),
 .UNSPECIFIED. ) ;
#4116 = AXIS2_PLACEMENT_3D ( 'NONE', #3980, #1165, #1387 ) ;
#4117 = CARTESIAN_POINT ( 'NONE',  ( -7.329782754328105554, 40.86882393736287611, 23.36881416978414805 ) ) ;
#4118 = EDGE_CURVE ( 'NONE', #437, #731, #2083, .T. ) ;
#4119 = CARTESIAN_POINT ( 'NONE',  ( -12.52548339959390411, -52.62500000409676915, 2.474516600406096778 ) ) ;
ENDSEC;
END-ISO-10303-21;
