ISO-10303-21;
HEADER;
FILE_DESCRIPTION (( 'STEP AP214' ),
    '1' );
FILE_NAME ('Brewtools CAN controller box lid.STEP',
    '2026-06-09T22:54:24',
    ( '' ),
    ( '' ),
    'SwSTEP 2.0',
    'SolidWorks 2020',
    '' );
FILE_SCHEMA (( 'AUTOMOTIVE_DESIGN' ));
ENDSEC;

DATA;
#1 = EDGE_LOOP ( 'NONE', ( #1424, #288, #751, #1052 ) ) ;
#2 = ORIENTED_EDGE ( 'NONE', *, *, #58, .F. ) ;
#3 = ORIENTED_EDGE ( 'NONE', *, *, #1495, .T. ) ;
#4 = EDGE_CURVE ( 'NONE', #310, #850, #594, .T. ) ;
#5 = ORIENTED_EDGE ( 'NONE', *, *, #203, .F. ) ;
#6 = CYLINDRICAL_SURFACE ( 'NONE', #860, 2.499999999999998668 ) ;
#7 = CARTESIAN_POINT ( 'NONE',  ( -1.750000000000063949, 35.78117606263769801, 18.49999999999994316 ) ) ;
#8 = DIRECTION ( 'NONE',  ( 0.000000000000000000, 0.000000000000000000, 1.000000000000000000 ) ) ;
#9 = ORIENTED_EDGE ( 'NONE', *, *, #291, .T. ) ;
#10 = ORIENTED_EDGE ( 'NONE', *, *, #874, .F. ) ;
#11 = CIRCLE ( 'NONE', #117, 1.000000000000004441 ) ;
#12 = VERTEX_POINT ( 'NONE', #922 ) ;
#13 = EDGE_CURVE ( 'NONE', #202, #130, #914, .T. ) ;
#14 = CARTESIAN_POINT ( 'NONE',  ( 16.49999999999998579, 56.50000000000000000, -3.000000000000000000 ) ) ;
#15 = FACE_OUTER_BOUND ( 'NONE', #936, .T. ) ;
#16 = ORIENTED_EDGE ( 'NONE', *, *, #837, .T. ) ;
#17 = CARTESIAN_POINT ( 'NONE',  ( -18.85000000000000497, 52.00000000000000711, -2.020710678118652126 ) ) ;
#18 = AXIS2_PLACEMENT_3D ( 'NONE', #1288, #1020, #244 ) ;
#19 = CARTESIAN_POINT ( 'NONE',  ( -20.99999999999999645, -65.00000000000000000, -3.000000000000000000 ) ) ;
#20 = VECTOR ( 'NONE', #159, 1000.000000000000000 ) ;
#21 = DIRECTION ( 'NONE',  ( -2.957934497771535887E-16, 0.000000000000000000, -1.000000000000000000 ) ) ;
#22 = EDGE_CURVE ( 'NONE', #1655, #247, #275, .T. ) ;
#23 = CARTESIAN_POINT ( 'NONE',  ( -19.50000000000000000, -48.99999999999999289, 16.00000000000000000 ) ) ;
#24 = ORIENTED_EDGE ( 'NONE', *, *, #1607, .F. ) ;
#25 = CARTESIAN_POINT ( 'NONE',  ( -18.50000000000001066, 51.99999999999999289, 18.50000000000000711 ) ) ;
#26 = CARTESIAN_POINT ( 'NONE',  ( -16.50000000000000711, 54.34999999999999432, -2.020710678118652126 ) ) ;
#27 = CARTESIAN_POINT ( 'NONE',  ( 18.85000000000000142, -65.00000000000000000, -2.020710678118652126 ) ) ;
#28 = FACE_OUTER_BOUND ( 'NONE', #1657, .T. ) ;
#29 = FACE_OUTER_BOUND ( 'NONE', #949, .T. ) ;
#30 = VERTEX_POINT ( 'NONE', #1189 ) ;
#31 = CIRCLE ( 'NONE', #722, 2.000000000000001776 ) ;
#32 = LINE ( 'NONE', #262, #20 ) ;
#33 = ADVANCED_FACE ( 'NONE', ( #1581 ), #788, .F. ) ;
#34 = LINE ( 'NONE', #19, #332 ) ;
#35 = CARTESIAN_POINT ( 'NONE',  ( -16.50000000000000711, 56.50000000000000711, 16.00000000000000000 ) ) ;
#36 = DIRECTION ( 'NONE',  ( -0.7071067811865515695, -9.171100810068833607E-17, -0.7071067811865435759 ) ) ;
#37 = DIRECTION ( 'NONE',  ( -2.005460665869142027E-16, 0.000000000000000000, 1.000000000000000000 ) ) ;
#38 = VERTEX_POINT ( 'NONE', #514 ) ;
#39 = ADVANCED_FACE ( 'NONE', ( #367, #890 ), #385, .F. ) ;
#40 = AXIS2_PLACEMENT_3D ( 'NONE', #742, #748, #613 ) ;
#41 = ADVANCED_FACE ( 'NONE', ( #1164 ), #1687, .F. ) ;
#42 = CIRCLE ( 'NONE', #97, 1.000000000000004441 ) ;
#43 = DIRECTION ( 'NONE',  ( 1.000000000000000000, 2.775557561562888984E-15, 0.000000000000000000 ) ) ;
#44 = ORIENTED_EDGE ( 'NONE', *, *, #263, .F. ) ;
#45 = DIRECTION ( 'NONE',  ( -0.000000000000000000, -0.000000000000000000, 1.000000000000000000 ) ) ;
#46 = PRODUCT_DEFINITION_FORMATION_WITH_SPECIFIED_SOURCE ( 'ANY', '', #1354, .NOT_KNOWN. ) ;
#47 = ADVANCED_FACE ( 'NONE', ( #1427, #250 ), #905, .F. ) ;
#48 = ORIENTED_EDGE ( 'NONE', *, *, #4, .T. ) ;
#49 = DIRECTION ( 'NONE',  ( 0.000000000000000000, 0.000000000000000000, -1.000000000000000000 ) ) ;
#50 = LINE ( 'NONE', #1479, #1521 ) ;
#51 = ORIENTED_EDGE ( 'NONE', *, *, #840, .T. ) ;
#52 = DIRECTION ( 'NONE',  ( -9.727421360617609414E-17, 1.000000000000000000, -0.000000000000000000 ) ) ;
#53 = ORIENTED_EDGE ( 'NONE', *, *, #1386, .F. ) ;
#54 = CARTESIAN_POINT ( 'NONE',  ( -16.50000000000000711, 55.05000000000000426, -1.320710678118644843 ) ) ;
#55 = VECTOR ( 'NONE', #811, 1000.000000000000000 ) ;
#56 = VECTOR ( 'NONE', #993, 1000.000000000000000 ) ;
#57 = ORIENTED_EDGE ( 'NONE', *, *, #898, .T. ) ;
#58 = EDGE_CURVE ( 'NONE', #154, #745, #373, .T. ) ;
#59 = LINE ( 'NONE', #682, #151 ) ;
#60 = ORIENTED_EDGE ( 'NONE', *, *, #1556, .T. ) ;
#61 = ORIENTED_EDGE ( 'NONE', *, *, #1012, .T. ) ;
#62 = CARTESIAN_POINT ( 'NONE',  ( -6.418476861114159744E-14, 35.78117606263769801, 17.99999999999994316 ) ) ;
#63 = FACE_OUTER_BOUND ( 'NONE', #1660, .T. ) ;
#64 = ORIENTED_EDGE ( 'NONE', *, *, #264, .T. ) ;
#65 = DIRECTION ( 'NONE',  ( -0.000000000000000000, -0.000000000000000000, 1.000000000000000000 ) ) ;
#66 = VECTOR ( 'NONE', #219, 1000.000000000000000 ) ;
#67 = LINE ( 'NONE', #319, #228 ) ;
#68 = ADVANCED_FACE ( 'NONE', ( #28 ), #284, .F. ) ;
#69 = ORIENTED_EDGE ( 'NONE', *, *, #530, .T. ) ;
#70 = DIRECTION ( 'NONE',  ( 1.000000000000000000, 0.000000000000000000, 0.000000000000000000 ) ) ;
#71 = ADVANCED_FACE ( 'NONE', ( #413 ), #661, .T. ) ;
#72 = ORIENTED_EDGE ( 'NONE', *, *, #114, .T. ) ;
#73 = CARTESIAN_POINT ( 'NONE',  ( 18.85000000000000142, -65.00000000000000000, -3.000000000000000000 ) ) ;
#74 = DIRECTION ( 'NONE',  ( -0.000000000000000000, -1.000000000000000000, -0.000000000000000000 ) ) ;
#75 = ORIENTED_EDGE ( 'NONE', *, *, #252, .T. ) ;
#76 = DIRECTION ( 'NONE',  ( -0.000000000000000000, -0.000000000000000000, 1.000000000000000000 ) ) ;
#77 = CARTESIAN_POINT ( 'NONE',  ( 19.55000000000000071, -65.00000000000000000, -1.320710678118644843 ) ) ;
#78 = LINE ( 'NONE', #586, #1320 ) ;
#79 = CARTESIAN_POINT ( 'NONE',  ( 18.85000000000000142, -54.99999999999997868, -2.020710678118652126 ) ) ;
#80 = AXIS2_PLACEMENT_3D ( 'NONE', #131, #636, #43 ) ;
#81 = ORIENTED_EDGE ( 'NONE', *, *, #1483, .F. ) ;
#82 = VECTOR ( 'NONE', #1254, 1000.000000000000114 ) ;
#83 = DIRECTION ( 'NONE',  ( -0.000000000000000000, 1.000000000000000000, -0.000000000000000000 ) ) ;
#84 = PLANE ( 'NONE',  #473 ) ;
#85 = AXIS2_PLACEMENT_3D ( 'NONE', #717, #1504, #1249 ) ;
#86 = ORIENTED_EDGE ( 'NONE', *, *, #709, .F. ) ;
#87 = CARTESIAN_POINT ( 'NONE',  ( -19.50000000000000000, -48.99999999999999289, 16.00000000000000000 ) ) ;
#88 = EDGE_CURVE ( 'NONE', #382, #560, #212, .T. ) ;
#89 = VERTEX_POINT ( 'NONE', #1546 ) ;
#90 = VERTEX_POINT ( 'NONE', #883 ) ;
#91 = EDGE_CURVE ( 'NONE', #1584, #216, #1412, .T. ) ;
#92 = CARTESIAN_POINT ( 'NONE',  ( -18.85000000000000497, 52.00000000000000711, -3.000000000000000000 ) ) ;
#93 = VECTOR ( 'NONE', #1011, 1000.000000000000000 ) ;
#94 = ORIENTED_EDGE ( 'NONE', *, *, #825, .T. ) ;
#95 = CARTESIAN_POINT ( 'NONE',  ( 19.50000000000000355, -54.99999999999997868, 4.270710678118653902 ) ) ;
#96 = EDGE_CURVE ( 'NONE', #248, #485, #694, .T. ) ;
#97 = AXIS2_PLACEMENT_3D ( 'NONE', #990, #329, #1506 ) ;
#98 = CARTESIAN_POINT ( 'NONE',  ( 19.00000000000000000, -48.99999999999999289, 4.770710678118653014 ) ) ;
#99 = AXIS2_PLACEMENT_3D ( 'NONE', #562, #1116, #1369 ) ;
#100 = DIRECTION ( 'NONE',  ( 1.296989514749014917E-16, -1.000000000000000000, -0.000000000000000000 ) ) ;
#101 = VECTOR ( 'NONE', #161, 1000.000000000000000 ) ;
#102 = ORIENTED_EDGE ( 'NONE', *, *, #1094, .T. ) ;
#103 = ORIENTED_EDGE ( 'NONE', *, *, #1363, .T. ) ;
#104 = CARTESIAN_POINT ( 'NONE',  ( -6.418476861114159744E-14, 35.78117606263769801, 17.99999999999994316 ) ) ;
#105 = ADVANCED_FACE ( 'NONE', ( #723 ), #985, .F. ) ;
#106 = ORIENTED_EDGE ( 'NONE', *, *, #1216, .T. ) ;
#107 = LINE ( 'NONE', #95, #93 ) ;
#108 = FACE_OUTER_BOUND ( 'NONE', #831, .T. ) ;
#109 = DIRECTION ( 'NONE',  ( -9.749278904616631279E-16, 0.7071067811865513475, -0.7071067811865435759 ) ) ;
#110 = ORIENTED_EDGE ( 'NONE', *, *, #1480, .F. ) ;
#111 = ORIENTED_EDGE ( 'NONE', *, *, #1513, .T. ) ;
#112 = LINE ( 'NONE', #1415, #486 ) ;
#113 = CIRCLE ( 'NONE', #947, 3.050000000000004263 ) ;
#114 = EDGE_CURVE ( 'NONE', #1540, #1643, #1115, .T. ) ;
#115 = AXIS2_PLACEMENT_3D ( 'NONE', #340, #1110, #350 ) ;
#116 = PLANE ( 'NONE',  #1134 ) ;
#117 = AXIS2_PLACEMENT_3D ( 'NONE', #198, #83, #1656 ) ;
#118 = LINE ( 'NONE', #1156, #1439 ) ;
#119 = DIRECTION ( 'NONE',  ( 3.242473786872538526E-17, 1.000000000000000000, -0.000000000000000000 ) ) ;
#120 = ORIENTED_EDGE ( 'NONE', *, *, #840, .F. ) ;
#121 = DIRECTION ( 'NONE',  ( 1.000000000000000000, 0.000000000000000000, 0.000000000000000000 ) ) ;
#122 = DIRECTION ( 'NONE',  ( 1.000000000000000000, 0.000000000000000000, 0.000000000000000000 ) ) ;
#123 = DIRECTION ( 'NONE',  ( 4.978681703705333103E-32, -6.179281435367532502E-16, -1.000000000000000000 ) ) ;
#124 = EDGE_CURVE ( 'NONE', #1176, #1271, #1148, .T. ) ;
#125 = DIRECTION ( 'NONE',  ( -0.000000000000000000, -0.000000000000000000, 1.000000000000000000 ) ) ;
#126 = ORIENTED_EDGE ( 'NONE', *, *, #1681, .F. ) ;
#127 = ORIENTED_EDGE ( 'NONE', *, *, #660, .T. ) ;
#128 = AXIS2_PLACEMENT_3D ( 'NONE', #518, #141, #1578 ) ;
#129 = EDGE_LOOP ( 'NONE', ( #719, #487, #857, #311 ) ) ;
#130 = VERTEX_POINT ( 'NONE', #455 ) ;
#131 = CARTESIAN_POINT ( 'NONE',  ( 16.49999999999998934, 52.00000000000000711, 4.770710678118653014 ) ) ;
#132 = FACE_OUTER_BOUND ( 'NONE', #129, .T. ) ;
#133 = CARTESIAN_POINT ( 'NONE',  ( -18.50000000000000355, 52.00000000000000711, 16.00000000000000000 ) ) ;
#134 = ORIENTED_EDGE ( 'NONE', *, *, #187, .T. ) ;
#135 = UNCERTAINTY_MEASURE_WITH_UNIT (LENGTH_MEASURE( 1.000000000000000082E-05 ), #1502, 'distance_accuracy_value', 'NONE');
#136 = VERTEX_POINT ( 'NONE', #1637 ) ;
#137 = CARTESIAN_POINT ( 'NONE',  ( -6.418476861114159744E-14, 35.78117606263769801, 18.49999999999994316 ) ) ;
#138 = EDGE_LOOP ( 'NONE', ( #827, #305, #876, #976 ) ) ;
#139 = LINE ( 'NONE', #1316, #903 ) ;
#140 = VECTOR ( 'NONE', #672, 999.9999999999998863 ) ;
#141 = DIRECTION ( 'NONE',  ( -0.000000000000000000, -0.000000000000000000, 1.000000000000000000 ) ) ;
#142 = VECTOR ( 'NONE', #1512, 1000.000000000000000 ) ;
#143 = EDGE_CURVE ( 'NONE', #382, #1584, #322, .T. ) ;
#144 = DIRECTION ( 'NONE',  ( 1.000000000000000000, 2.102695122396129669E-16, 0.000000000000000000 ) ) ;
#145 = CARTESIAN_POINT ( 'NONE',  ( 19.00000000000000711, -48.99999999999999289, 16.00000000000000000 ) ) ;
#146 = FACE_OUTER_BOUND ( 'NONE', #453, .T. ) ;
#147 = ORIENTED_EDGE ( 'NONE', *, *, #1055, .F. ) ;
#148 = UNCERTAINTY_MEASURE_WITH_UNIT (LENGTH_MEASURE( 1.000000000000000082E-05 ), #720, 'distance_accuracy_value', 'NONE');
#149 = CARTESIAN_POINT ( 'NONE',  ( 16.50000000000000000, 54.00000000000000711, 16.00000000000000000 ) ) ;
#150 = AXIS2_PLACEMENT_3D ( 'NONE', #220, #622, #1530 ) ;
#151 = VECTOR ( 'NONE', #592, 999.9999999999998863 ) ;
#152 = DIRECTION ( 'NONE',  ( -1.000000000000000000, -2.102695122396129669E-16, -0.000000000000000000 ) ) ;
#153 = ADVANCED_FACE ( 'NONE', ( #871 ), #1263, .F. ) ;
#154 = VERTEX_POINT ( 'NONE', #1378 ) ;
#155 = FACE_OUTER_BOUND ( 'NONE', #616, .T. ) ;
#156 = CARTESIAN_POINT ( 'NONE',  ( 19.55000000000000071, -65.00000000000000000, 4.220710678118657633 ) ) ;
#157 = CYLINDRICAL_SURFACE ( 'NONE', #937, 3.050000000000004263 ) ;
#158 = EDGE_LOOP ( 'NONE', ( #444, #463, #1302, #1360, #1248, #1564 ) ) ;
#159 = DIRECTION ( 'NONE',  ( -1.826024711554533913E-16, 0.000000000000000000, 1.000000000000000000 ) ) ;
#160 = AXIS2_PLACEMENT_3D ( 'NONE', #104, #65, #1497 ) ;
#161 = DIRECTION ( 'NONE',  ( -0.000000000000000000, 0.000000000000000000, -1.000000000000000000 ) ) ;
#162 = DIRECTION ( 'NONE',  ( -1.000000000000000000, -2.102695122396129669E-16, -0.000000000000000000 ) ) ;
#163 = CARTESIAN_POINT ( 'NONE',  ( 18.50000000000000000, -65.00000000000000000, 18.50000000000000711 ) ) ;
#164 = EDGE_LOOP ( 'NONE', ( #2, #1600, #623, #1170 ) ) ;
#165 = ORIENTED_EDGE ( 'NONE', *, *, #1630, .F. ) ;
#166 = DIRECTION ( 'NONE',  ( 0.000000000000000000, -1.000000000000000000, 0.000000000000000000 ) ) ;
#167 = CARTESIAN_POINT ( 'NONE',  ( 16.50000000000000000, 54.35000000000000853, -3.000000000000000000 ) ) ;
#168 = EDGE_CURVE ( 'NONE', #312, #1422, #1669, .T. ) ;
#169 = AXIS2_PLACEMENT_3D ( 'NONE', #333, #1099, #1362 ) ;
#170 = CARTESIAN_POINT ( 'NONE',  ( 21.00000000000000000, -54.99999999999997868, -3.000000000000000000 ) ) ;
#171 = VECTOR ( 'NONE', #1442, 1000.000000000000000 ) ;
#172 = AXIS2_PLACEMENT_3D ( 'NONE', #1441, #802, #1194 ) ;
#173 = DIRECTION ( 'NONE',  ( 0.000000000000000000, 0.000000000000000000, 1.000000000000000000 ) ) ;
#174 = CARTESIAN_POINT ( 'NONE',  ( 18.50000000000000355, -48.99999999999999289, 17.00000000000000355 ) ) ;
#175 = VERTEX_POINT ( 'NONE', #1395 ) ;
#176 = LINE ( 'NONE', #1229, #1573 ) ;
#177 = CARTESIAN_POINT ( 'NONE',  ( -21.00000000000001066, 51.99999999999999289, -3.000000000000000000 ) ) ;
#178 = EDGE_CURVE ( 'NONE', #1550, #1673, #484, .T. ) ;
#179 = EDGE_LOOP ( 'NONE', ( #126, #683, #111, #197 ) ) ;
#180 = CARTESIAN_POINT ( 'NONE',  ( -16.50000000000001066, 52.00000000000000711, 16.00000000000000000 ) ) ;
#181 = VERTEX_POINT ( 'NONE', #77 ) ;
#182 = EDGE_LOOP ( 'NONE', ( #221, #927, #901, #464 ) ) ;
#183 = LINE ( 'NONE', #1482, #875 ) ;
#184 = CARTESIAN_POINT ( 'NONE',  ( 16.49999999999998934, 52.00000000000000711, 16.00000000000000000 ) ) ;
#185 = AXIS2_PLACEMENT_3D ( 'NONE', #1568, #1027, #122 ) ;
#186 = VECTOR ( 'NONE', #650, 1000.000000000000000 ) ;
#187 = EDGE_CURVE ( 'NONE', #1496, #674, #1126, .T. ) ;
#188 = ORIENTED_EDGE ( 'NONE', *, *, #785, .F. ) ;
#189 = DIRECTION ( 'NONE',  ( -9.727421360617610647E-17, 1.000000000000000000, -0.000000000000000000 ) ) ;
#190 = CARTESIAN_POINT ( 'NONE',  ( 21.00000000000000000, -54.99999999999997868, -3.000000000000000000 ) ) ;
#191 = EDGE_CURVE ( 'NONE', #838, #1225, #465, .T. ) ;
#192 = EDGE_LOOP ( 'NONE', ( #102, #278, #912, #1507, #1101, #783, #357, #1425, #1039, #772, #72, #1464, #508, #759, #1341, #867, #48, #1143, #1285, #1053 ) ) ;
#193 = CARTESIAN_POINT ( 'NONE',  ( -19.54999999999999716, -65.00000000000000000, -1.320710678118644843 ) ) ;
#194 = CARTESIAN_POINT ( 'NONE',  ( -19.55000000000001137, 51.99999999999999289, -1.320710678118644843 ) ) ;
#195 = DIRECTION ( 'NONE',  ( -0.000000000000000000, -0.000000000000000000, 1.000000000000000000 ) ) ;
#196 = AXIS2_PLACEMENT_3D ( 'NONE', #1014, #1264, #1403 ) ;
#197 = ORIENTED_EDGE ( 'NONE', *, *, #124, .T. ) ;
#198 = CARTESIAN_POINT ( 'NONE',  ( 18.50000000000000355, -65.00000000000000000, 16.00000000000000000 ) ) ;
#199 = AXIS2_PLACEMENT_3D ( 'NONE', #1377, #570, #1114 ) ;
#200 = CARTESIAN_POINT ( 'NONE',  ( -16.50000000000000711, 56.49999999999999289, -3.000000000000000000 ) ) ;
#201 = AXIS2_PLACEMENT_3D ( 'NONE', #1642, #566, #1102 ) ;
#202 = VERTEX_POINT ( 'NONE', #853 ) ;
#203 = EDGE_CURVE ( 'NONE', #399, #567, #861, .T. ) ;
#204 = CIRCLE ( 'NONE', #1493, 2.500000000000002220 ) ;
#205 = DIRECTION ( 'NONE',  ( 1.296989514749014917E-16, -1.000000000000000000, -0.000000000000000000 ) ) ;
#206 = DIRECTION ( 'NONE',  ( -1.000000000000000000, -2.102695122396129669E-16, -0.000000000000000000 ) ) ;
#207 = DIRECTION ( 'NONE',  ( 1.000000000000000000, 0.000000000000000000, -0.000000000000000000 ) ) ;
#208 = CARTESIAN_POINT ( 'NONE',  ( 16.49999999999998579, 54.35000000000000853, -2.020710678118652126 ) ) ;
#209 = PLANE ( 'NONE',  #390 ) ;
#210 = ORIENTED_EDGE ( 'NONE', *, *, #1585, .F. ) ;
#211 = CARTESIAN_POINT ( 'NONE',  ( 16.49999999999998579, 54.50000000000000711, 4.770710678118653014 ) ) ;
#212 = LINE ( 'NONE', #345, #349 ) ;
#213 = CYLINDRICAL_SURFACE ( 'NONE', #1678, 2.500000000000005773 ) ;
#214 = EDGE_CURVE ( 'NONE', #312, #746, #375, .T. ) ;
#215 = VECTOR ( 'NONE', #1346, 1000.000000000000114 ) ;
#216 = VERTEX_POINT ( 'NONE', #1538 ) ;
#217 = CARTESIAN_POINT ( 'NONE',  ( 16.50000000000000000, 55.05000000000001847, -1.320710678118644843 ) ) ;
#218 = ORIENTED_EDGE ( 'NONE', *, *, #1537, .F. ) ;
#219 = DIRECTION ( 'NONE',  ( 1.826024711554533913E-16, 0.000000000000000000, 1.000000000000000000 ) ) ;
#220 = CARTESIAN_POINT ( 'NONE',  ( 16.50000000000000000, 54.35000000000000853, -2.020710678118652126 ) ) ;
#221 = ORIENTED_EDGE ( 'NONE', *, *, #530, .F. ) ;
#222 = ADVANCED_FACE ( 'NONE', ( #108 ), #614, .F. ) ;
#223 = ORIENTED_EDGE ( 'NONE', *, *, #649, .F. ) ;
#224 = CYLINDRICAL_SURFACE ( 'NONE', #1204, 0.5000000000000073275 ) ;
#225 = TOROIDAL_SURFACE ( 'NONE', #1237, 1.999999999999994893, 2.500000000000005773 ) ;
#226 = CARTESIAN_POINT ( 'NONE',  ( 16.50000000000000000, 56.50000000000000711, -3.000000000000000000 ) ) ;
#227 = DIRECTION ( 'NONE',  ( 0.000000000000000000, -1.000000000000000000, 0.000000000000000000 ) ) ;
#228 = VECTOR ( 'NONE', #970, 1000.000000000000000 ) ;
#229 = VECTOR ( 'NONE', #675, 1000.000000000000000 ) ;
#230 = CARTESIAN_POINT ( 'NONE',  ( 18.85000000000000142, -65.00000000000000000, -2.020710678118652126 ) ) ;
#231 = VECTOR ( 'NONE', #795, 1000.000000000000000 ) ;
#232 = EDGE_LOOP ( 'NONE', ( #61, #1619, #1131, #1557 ) ) ;
#233 = EDGE_CURVE ( 'NONE', #181, #1183, #926, .T. ) ;
#234 = VERTEX_POINT ( 'NONE', #523 ) ;
#235 = PLANE ( 'NONE',  #790 ) ;
#236 = CARTESIAN_POINT ( 'NONE',  ( 19.55000000000000071, -54.99999999999997868, -1.320710678118644843 ) ) ;
#237 = CARTESIAN_POINT ( 'NONE',  ( 16.49999999999998579, 54.35000000000000142, -2.020710678118652126 ) ) ;
#238 = VERTEX_POINT ( 'NONE', #1192 ) ;
#239 = ORIENTED_EDGE ( 'NONE', *, *, #1363, .F. ) ;
#240 = CARTESIAN_POINT ( 'NONE',  ( 19.00000000000000711, -54.99999999999997868, 16.00000000000000000 ) ) ;
#241 = CARTESIAN_POINT ( 'NONE',  ( -16.50000000000001066, 52.00000000000000711, 18.50000000000000711 ) ) ;
#242 = ADVANCED_FACE ( 'NONE', ( #146 ), #270, .F. ) ;
#243 = ADVANCED_FACE ( 'NONE', ( #1167 ), #1443, .F. ) ;
#244 = DIRECTION ( 'NONE',  ( 0.000000000000000000, 0.000000000000000000, 1.000000000000000000 ) ) ;
#245 = ORIENTED_EDGE ( 'NONE', *, *, #1658, .T. ) ;
#246 = ORIENTED_EDGE ( 'NONE', *, *, #1483, .T. ) ;
#247 = VERTEX_POINT ( 'NONE', #782 ) ;
#248 = VERTEX_POINT ( 'NONE', #1060 ) ;
#249 = DIRECTION ( 'NONE',  ( -6.179281435367531516E-16, 0.000000000000000000, -1.000000000000000000 ) ) ;
#250 = FACE_OUTER_BOUND ( 'NONE', #1137, .T. ) ;
#251 = AXIS2_PLACEMENT_3D ( 'NONE', #1379, #1388, #207 ) ;
#252 = EDGE_CURVE ( 'NONE', #89, #1364, #334, .T. ) ;
#253 = ORIENTED_EDGE ( 'NONE', *, *, #1117, .F. ) ;
#254 = AXIS2_PLACEMENT_3D ( 'NONE', #1365, #1122, #1516 ) ;
#255 = EDGE_LOOP ( 'NONE', ( #1169, #494, #1184, #474 ) ) ;
#256 = CIRCLE ( 'NONE', #128, 3.050000000000004263 ) ;
#257 = EDGE_LOOP ( 'NONE', ( #81, #1485, #1503, #94 ) ) ;
#258 = LINE ( 'NONE', #618, #1465 ) ;
#259 = CARTESIAN_POINT ( 'NONE',  ( -18.49999999999999645, -48.99999999999998579, 16.00000000000000000 ) ) ;
#260 = DIRECTION ( 'NONE',  ( 0.000000000000000000, 0.000000000000000000, 1.000000000000000000 ) ) ;
#261 = VERTEX_POINT ( 'NONE', #1175 ) ;
#262 = CARTESIAN_POINT ( 'NONE',  ( -21.00000000000000355, 52.00000000000000711, -3.000000000000000000 ) ) ;
#263 = EDGE_CURVE ( 'NONE', #351, #617, #791, .T. ) ;
#264 = EDGE_CURVE ( 'NONE', #1038, #669, #118, .T. ) ;
#265 = CARTESIAN_POINT ( 'NONE',  ( -19.49999999999999645, -65.00000000000000000, 4.270710678118661008 ) ) ;
#266 = CARTESIAN_POINT ( 'NONE',  ( 19.50000000000000711, -48.99999999999999289, 16.00000000000000000 ) ) ;
#267 = AXIS2_PLACEMENT_3D ( 'NONE', #241, #753, #1287 ) ;
#268 = ORIENTED_EDGE ( 'NONE', *, *, #678, .T. ) ;
#269 = CARTESIAN_POINT ( 'NONE',  ( 18.84999999999999076, 52.00000000000001421, -2.020710678118652126 ) ) ;
#270 = TOROIDAL_SURFACE ( 'NONE', #894, 2.000000000000001776, 0.5000000000000073275 ) ;
#271 = VECTOR ( 'NONE', #274, 1000.000000000000000 ) ;
#272 = EDGE_CURVE ( 'NONE', #935, #1651, #303, .T. ) ;
#273 = CARTESIAN_POINT ( 'NONE',  ( 19.55000000000000071, -65.00000000000000000, -1.320710678118644843 ) ) ;
#274 = DIRECTION ( 'NONE',  ( -0.000000000000000000, -0.000000000000000000, 1.000000000000000000 ) ) ;
#275 = LINE ( 'NONE', #7, #1446 ) ;
#276 = LINE ( 'NONE', #266, #964 ) ;
#277 = DIRECTION ( 'NONE',  ( 1.000000000000000000, 0.000000000000000000, 0.000000000000000000 ) ) ;
#278 = ORIENTED_EDGE ( 'NONE', *, *, #1587, .T. ) ;
#279 = DIRECTION ( 'NONE',  ( 1.296989514749014917E-16, -1.000000000000000000, -0.000000000000000000 ) ) ;
#280 = VECTOR ( 'NONE', #1173, 1000.000000000000000 ) ;
#281 = CIRCLE ( 'NONE', #1265, 1.500000000000002665 ) ;
#282 = CARTESIAN_POINT ( 'NONE',  ( -19.55000000000001137, 51.99999999999999289, 4.220710678118657633 ) ) ;
#283 = CARTESIAN_POINT ( 'NONE',  ( -19.54999999999999716, -65.00000000000000000, 4.220710678118657633 ) ) ;
#284 = PLANE ( 'NONE',  #1338 ) ;
#285 = CARTESIAN_POINT ( 'NONE',  ( 16.49999999999998579, 54.50000000000001421, 16.00000000000000000 ) ) ;
#286 = ADVANCED_FACE ( 'NONE', ( #775 ), #758, .F. ) ;
#287 = SHAPE_DEFINITION_REPRESENTATION ( #1098, #1505 ) ;
#288 = ORIENTED_EDGE ( 'NONE', *, *, #825, .F. ) ;
#289 = CARTESIAN_POINT ( 'NONE',  ( -19.54999999999999716, -65.00000000000000000, 4.220710678118657633 ) ) ;
#290 = ORIENTED_EDGE ( 'NONE', *, *, #568, .T. ) ;
#291 = EDGE_CURVE ( 'NONE', #1684, #1041, #959, .T. ) ;
#292 = ORIENTED_EDGE ( 'NONE', *, *, #264, .F. ) ;
#293 = AXIS2_PLACEMENT_3D ( 'NONE', #773, #383, #625 ) ;
#294 = FACE_OUTER_BOUND ( 'NONE', #1623, .T. ) ;
#295 = AXIS2_PLACEMENT_3D ( 'NONE', #1196, #797, #1283 ) ;
#296 = CARTESIAN_POINT ( 'NONE',  ( -16.50000000000001066, 52.00000000000000711, 4.220710678118657633 ) ) ;
#297 = LINE ( 'NONE', #957, #879 ) ;
#298 = EDGE_LOOP ( 'NONE', ( #1392, #1104 ) ) ;
#299 = ORIENTED_EDGE ( 'NONE', *, *, #599, .T. ) ;
#300 = CARTESIAN_POINT ( 'NONE',  ( 18.99999999999998934, 51.99999999999997868, 4.770710678118653014 ) ) ;
#301 = VECTOR ( 'NONE', #505, 1000.000000000000000 ) ;
#302 = AXIS2_PLACEMENT_3D ( 'NONE', #1219, #1383, #1250 ) ;
#303 = CIRCLE ( 'NONE', #575, 1.500000000000002665 ) ;
#304 = DIRECTION ( 'NONE',  ( -0.000000000000000000, -0.000000000000000000, -1.000000000000000000 ) ) ;
#305 = ORIENTED_EDGE ( 'NONE', *, *, #663, .F. ) ;
#306 = CARTESIAN_POINT ( 'NONE',  ( -16.50000000000001066, 52.00000000000000711, -3.000000000000000000 ) ) ;
#307 = ADVANCED_FACE ( 'NONE', ( #1048 ), #1277, .F. ) ;
#308 = DIRECTION ( 'NONE',  ( 0.000000000000000000, 0.000000000000000000, 1.000000000000000000 ) ) ;
#309 = ADVANCED_FACE ( 'NONE', ( #1586 ), #1327, .F. ) ;
#310 = VERTEX_POINT ( 'NONE', #771 ) ;
#311 = ORIENTED_EDGE ( 'NONE', *, *, #889, .T. ) ;
#312 = VERTEX_POINT ( 'NONE', #1303 ) ;
#313 = VECTOR ( 'NONE', #1049, 1000.000000000000000 ) ;
#314 = AXIS2_PLACEMENT_3D ( 'NONE', #1567, #778, #144 ) ;
#315 = AXIS2_PLACEMENT_3D ( 'NONE', #842, #743, #1529 ) ;
#316 = EDGE_CURVE ( 'NONE', #1433, #247, #817, .T. ) ;
#317 = VECTOR ( 'NONE', #121, 1000.000000000000000 ) ;
#318 = ORIENTED_EDGE ( 'NONE', *, *, #168, .T. ) ;
#319 = CARTESIAN_POINT ( 'NONE',  ( 19.54999999999999005, 52.00000000000001421, -1.320710678118644843 ) ) ;
#320 = ORIENTED_EDGE ( 'NONE', *, *, #1376, .T. ) ;
#321 = CARTESIAN_POINT ( 'NONE',  ( -21.00000000000000711, 52.00000000000000711, -3.000000000000000000 ) ) ;
#322 = LINE ( 'NONE', #98, #82 ) ;
#323 = DIRECTION ( 'NONE',  ( -1.000000000000000000, -1.296989514749014917E-16, 0.000000000000000000 ) ) ;
#324 = CIRCLE ( 'NONE', #994, 2.350000000000004974 ) ;
#325 = ORIENTED_EDGE ( 'NONE', *, *, #1059, .F. ) ;
#326 = DIRECTION ( 'NONE',  ( -6.179281435367532502E-16, 2.003615807588733944E-32, -1.000000000000000000 ) ) ;
#327 = VECTOR ( 'NONE', #1211, 1000.000000000000000 ) ;
#328 = ADVANCED_FACE ( 'NONE', ( #1622 ), #1484, .F. ) ;
#329 = DIRECTION ( 'NONE',  ( 0.000000000000000000, -1.000000000000000000, 0.000000000000000000 ) ) ;
#330 = ORIENTED_EDGE ( 'NONE', *, *, #481, .T. ) ;
#331 = EDGE_LOOP ( 'NONE', ( #545, #223, #696, #1680 ) ) ;
#332 = VECTOR ( 'NONE', #679, 1000.000000000000000 ) ;
#333 = CARTESIAN_POINT ( 'NONE',  ( -19.00000000000001776, 51.99999999999999289, 16.00000000000000000 ) ) ;
#334 = CIRCLE ( 'NONE', #1063, 2.500000000000005773 ) ;
#335 = CARTESIAN_POINT ( 'NONE',  ( 16.49999999999998579, 54.00000000000000000, 16.00000000000000000 ) ) ;
#336 = LINE ( 'NONE', #884, #1598 ) ;
#337 = MECHANICAL_DESIGN_GEOMETRIC_PRESENTATION_REPRESENTATION (  '', ( #822 ), #1301 ) ;
#338 = DIRECTION ( 'NONE',  ( 0.000000000000000000, 0.000000000000000000, -1.000000000000000000 ) ) ;
#339 = ORIENTED_EDGE ( 'NONE', *, *, #785, .T. ) ;
#340 = CARTESIAN_POINT ( 'NONE',  ( -16.50000000000001066, 52.00000000000000711, -3.000000000000000000 ) ) ;
#341 = FACE_OUTER_BOUND ( 'NONE', #1571, .T. ) ;
#342 = ORIENTED_EDGE ( 'NONE', *, *, #1003, .F. ) ;
#343 = LINE ( 'NONE', #1676, #738 ) ;
#344 = EDGE_CURVE ( 'NONE', #745, #546, #965, .T. ) ;
#345 = CARTESIAN_POINT ( 'NONE',  ( 19.00000000000000000, -54.99999999999997868, 4.770710678118653014 ) ) ;
#346 = ORIENTED_EDGE ( 'NONE', *, *, #1321, .F. ) ;
#347 = VECTOR ( 'NONE', #1145, 1000.000000000000114 ) ;
#348 = ORIENTED_EDGE ( 'NONE', *, *, #316, .T. ) ;
#349 = VECTOR ( 'NONE', #1387, 1000.000000000000000 ) ;
#350 = DIRECTION ( 'NONE',  ( 1.000000000000000000, 0.000000000000000000, 0.000000000000000000 ) ) ;
#351 = VERTEX_POINT ( 'NONE', #1475 ) ;
#352 = DIRECTION ( 'NONE',  ( 1.000000000000000000, 9.727421360617609414E-17, 0.000000000000000000 ) ) ;
#353 = DIRECTION ( 'NONE',  ( 0.000000000000000000, -1.000000000000000000, 0.000000000000000000 ) ) ;
#354 = FACE_OUTER_BOUND ( 'NONE', #555, .T. ) ;
#355 = ADVANCED_FACE ( 'NONE', ( #1344 ), #440, .F. ) ;
#356 = EDGE_LOOP ( 'NONE', ( #110, #325, #1150, #1608 ) ) ;
#357 = ORIENTED_EDGE ( 'NONE', *, *, #1501, .T. ) ;
#358 = DIRECTION ( 'NONE',  ( 1.000000000000000000, 0.000000000000000000, 0.000000000000000000 ) ) ;
#359 = AXIS2_PLACEMENT_3D ( 'NONE', #1255, #1030, #476 ) ;
#360 = VECTOR ( 'NONE', #1649, 1000.000000000000000 ) ;
#361 = DIRECTION ( 'NONE',  ( -0.000000000000000000, -0.000000000000000000, 1.000000000000000000 ) ) ;
#362 = LINE ( 'NONE', #1547, #1380 ) ;
#363 = ORIENTED_EDGE ( 'NONE', *, *, #1397, .F. ) ;
#364 = ORIENTED_EDGE ( 'NONE', *, *, #863, .T. ) ;
#365 = ADVANCED_FACE ( 'NONE', ( #952 ), #677, .F. ) ;
#366 = CARTESIAN_POINT ( 'NONE',  ( -1.750000000000063949, 35.78117606263769801, 17.99999999999994316 ) ) ;
#367 = FACE_OUTER_BOUND ( 'NONE', #1565, .T. ) ;
#368 = EDGE_CURVE ( 'NONE', #1562, #89, #966, .T. ) ;
#369 = FACE_OUTER_BOUND ( 'NONE', #900, .T. ) ;
#370 = EDGE_LOOP ( 'NONE', ( #1361, #634, #692, #1654 ) ) ;
#371 = VERTEX_POINT ( 'NONE', #1611 ) ;
#372 = EDGE_CURVE ( 'NONE', #38, #746, #1629, .T. ) ;
#373 = CIRCLE ( 'NONE', #1613, 3.049999999999997158 ) ;
#374 = DIRECTION ( 'NONE',  ( 1.000000000000000000, 0.000000000000000000, -2.005460665869142027E-16 ) ) ;
#375 = CIRCLE ( 'NONE', #1614, 0.5000000000000073275 ) ;
#376 = DIRECTION ( 'NONE',  ( -0.000000000000000000, -0.000000000000000000, 1.000000000000000000 ) ) ;
#377 = DIRECTION ( 'NONE',  ( 0.7071067811865436870, 6.878325607551547860E-17, 0.7071067811865514585 ) ) ;
#378 = ORIENTED_EDGE ( 'NONE', *, *, #987, .T. ) ;
#379 = VERTEX_POINT ( 'NONE', #686 ) ;
#380 = DIRECTION ( 'NONE',  ( -9.727421360617609414E-17, 1.000000000000000000, 0.000000000000000000 ) ) ;
#381 = ORIENTED_EDGE ( 'NONE', *, *, #1208, .F. ) ;
#382 = VERTEX_POINT ( 'NONE', #824 ) ;
#383 = DIRECTION ( 'NONE',  ( -0.000000000000000000, -0.000000000000000000, 1.000000000000000000 ) ) ;
#384 = ADVANCED_FACE ( 'NONE', ( #63 ), #1670, .F. ) ;
#385 = PLANE ( 'NONE',  #919 ) ;
#386 = DIRECTION ( 'NONE',  ( -1.476360405086645641E-15, 1.000000000000000000, 0.000000000000000000 ) ) ;
#387 = AXIS2_PLACEMENT_3D ( 'NONE', #1396, #119, #1653 ) ;
#388 = EDGE_CURVE ( 'NONE', #1335, #1151, #362, .T. ) ;
#389 = ORIENTED_EDGE ( 'NONE', *, *, #1146, .F. ) ;
#390 = AXIS2_PLACEMENT_3D ( 'NONE', #577, #1087, #839 ) ;
#391 = VECTOR ( 'NONE', #648, 1000.000000000000000 ) ;
#392 = ORIENTED_EDGE ( 'NONE', *, *, #22, .F. ) ;
#393 = DIRECTION ( 'NONE',  ( -1.000000000000000000, -2.102695122396129669E-16, -0.000000000000000000 ) ) ;
#394 = EDGE_CURVE ( 'NONE', #510, #379, #336, .T. ) ;
#395 = FACE_OUTER_BOUND ( 'NONE', #538, .T. ) ;
#396 = DIRECTION ( 'NONE',  ( -1.000000000000000000, 0.000000000000000000, -0.000000000000000000 ) ) ;
#397 = DIRECTION ( 'NONE',  ( -0.000000000000000000, 0.000000000000000000, -1.000000000000000000 ) ) ;
#398 = DIRECTION ( 'NONE',  ( -0.000000000000000000, -0.000000000000000000, 1.000000000000000000 ) ) ;
#399 = VERTEX_POINT ( 'NONE', #1659 ) ;
#400 = CARTESIAN_POINT ( 'NONE',  ( 18.50000000000000000, -48.99999999999999289, 16.50000000000000711 ) ) ;
#401 = ADVANCED_FACE ( 'NONE', ( #862 ), #441, .F. ) ;
#402 = FACE_OUTER_BOUND ( 'NONE', #1135, .T. ) ;
#403 = LINE ( 'NONE', #1077, #1282 ) ;
#404 = APPLICATION_CONTEXT ( 'automotive_design' ) ;
#405 = CARTESIAN_POINT ( 'NONE',  ( -20.99999999999999645, -65.00000000000000000, -3.000000000000000000 ) ) ;
#406 = DIRECTION ( 'NONE',  ( 1.000000000000000000, 0.000000000000000000, 0.000000000000000000 ) ) ;
#407 = AXIS2_PLACEMENT_3D ( 'NONE', #713, #361, #490 ) ;
#408 = CARTESIAN_POINT ( 'NONE',  ( 19.00000000000000000, -54.99999999999997868, 4.770710678118653014 ) ) ;
#409 = ORIENTED_EDGE ( 'NONE', *, *, #509, .T. ) ;
#410 = AXIS2_PLACEMENT_3D ( 'NONE', #1555, #1267, #1423 ) ;
#411 = EDGE_CURVE ( 'NONE', #90, #38, #496, .T. ) ;
#412 = LINE ( 'NONE', #1259, #1419 ) ;
#413 = FACE_OUTER_BOUND ( 'NONE', #1350, .T. ) ;
#414 = CYLINDRICAL_SURFACE ( 'NONE', #547, 1.000000000000004441 ) ;
#415 = FACE_OUTER_BOUND ( 'NONE', #1266, .T. ) ;
#416 = CIRCLE ( 'NONE', #1650, 4.500000000000007105 ) ;
#417 = CIRCLE ( 'NONE', #1295, 1.000000000000004441 ) ;
#418 = EDGE_CURVE ( 'NONE', #238, #617, #1347, .T. ) ;
#419 = DIRECTION ( 'NONE',  ( -0.000000000000000000, -0.000000000000000000, 1.000000000000000000 ) ) ;
#420 = DIRECTION ( 'NONE',  ( 0.000000000000000000, 0.000000000000000000, 1.000000000000000000 ) ) ;
#421 = PRESENTATION_LAYER_ASSIGNMENT (  '', '', ( #822 ) ) ;
#422 = ORIENTED_EDGE ( 'NONE', *, *, #178, .F. ) ;
#423 = DIRECTION ( 'NONE',  ( 1.000000000000000000, 0.000000000000000000, 0.000000000000000000 ) ) ;
#424 = DIRECTION ( 'NONE',  ( 1.000000000000000000, 2.275047181608924291E-15, 0.000000000000000000 ) ) ;
#425 = EDGE_CURVE ( 'NONE', #511, #647, #615, .T. ) ;
#426 = FACE_OUTER_BOUND ( 'NONE', #1454, .T. ) ;
#427 = ORIENTED_EDGE ( 'NONE', *, *, #1620, .F. ) ;
#428 = AXIS2_PLACEMENT_3D ( 'NONE', #921, #173, #1322 ) ;
#429 = DIRECTION ( 'NONE',  ( -9.727421360617610647E-17, 1.000000000000000000, -0.000000000000000000 ) ) ;
#430 = DIRECTION ( 'NONE',  ( 1.000000000000000000, 2.775557561562881096E-15, 0.000000000000000000 ) ) ;
#431 = LINE ( 'NONE', #1355, #1097 ) ;
#432 = EDGE_LOOP ( 'NONE', ( #1297, #739, #1256, #1092 ) ) ;
#433 = CARTESIAN_POINT ( 'NONE',  ( 16.49999999999998579, 55.05000000000000426, -1.320710678118644843 ) ) ;
#434 = FACE_OUTER_BOUND ( 'NONE', #716, .T. ) ;
#435 = CARTESIAN_POINT ( 'NONE',  ( 18.50000000000000000, -54.99999999999997868, 18.50000000000000711 ) ) ;
#436 = ADVANCED_FACE ( 'NONE', ( #369 ), #854, .T. ) ;
#437 = ORIENTED_EDGE ( 'NONE', *, *, #1190, .F. ) ;
#438 = DIRECTION ( 'NONE',  ( -1.000000000000000000, 0.000000000000000000, 0.000000000000000000 ) ) ;
#439 = CARTESIAN_POINT ( 'NONE',  ( 19.00000000000000711, -48.99999999999999289, 16.00000000000000000 ) ) ;
#440 = PLANE ( 'NONE',  #1269 ) ;
#441 = CONICAL_SURFACE ( 'NONE', #469, 3.050000000000004263, 0.7853981633974426169 ) ;
#442 = DIRECTION ( 'NONE',  ( 1.296989514749014917E-16, -1.000000000000000000, -0.000000000000000000 ) ) ;
#443 = VECTOR ( 'NONE', #397, 1000.000000000000000 ) ;
#444 = ORIENTED_EDGE ( 'NONE', *, *, #1117, .T. ) ;
#445 = AXIS2_PLACEMENT_3D ( 'NONE', #556, #1090, #986 ) ;
#446 = DIRECTION ( 'NONE',  ( -0.000000000000000000, -0.000000000000000000, 1.000000000000000000 ) ) ;
#447 = EDGE_LOOP ( 'NONE', ( #750, #1278, #710, #245, #1080, #593, #1178, #587, #564, #578, #330, #51 ) ) ;
#448 = LINE ( 'NONE', #54, #902 ) ;
#449 = ADVANCED_FACE ( 'NONE', ( #354 ), #1149, .F. ) ;
#450 = CARTESIAN_POINT ( 'NONE',  ( 1.499999999999933387, 35.78117606263769801, 18.49999999999994316 ) ) ;
#451 = ORIENTED_EDGE ( 'NONE', *, *, #1059, .T. ) ;
#452 = DIRECTION ( 'NONE',  ( -1.000000000000000000, -2.102695122396129669E-16, -0.000000000000000000 ) ) ;
#453 = EDGE_LOOP ( 'NONE', ( #813, #635, #629, #1139 ) ) ;
#454 = FACE_OUTER_BOUND ( 'NONE', #1276, .T. ) ;
#455 = CARTESIAN_POINT ( 'NONE',  ( 16.49999999999998579, 56.50000000000000711, 16.00000000000000000 ) ) ;
#456 = DIRECTION ( 'NONE',  ( 1.826024711554533913E-16, 0.000000000000000000, -1.000000000000000000 ) ) ;
#457 = ADVANCED_FACE ( 'NONE', ( #1005 ), #1157, .F. ) ;
#458 = VECTOR ( 'NONE', #1515, 1000.000000000000000 ) ;
#459 = ORIENTED_EDGE ( 'NONE', *, *, #1585, .T. ) ;
#460 = EDGE_CURVE ( 'NONE', #234, #1651, #734, .T. ) ;
#461 = LINE ( 'NONE', #969, #458 ) ;
#462 = DIRECTION ( 'NONE',  ( -0.000000000000000000, 1.000000000000000000, -0.000000000000000000 ) ) ;
#463 = ORIENTED_EDGE ( 'NONE', *, *, #632, .T. ) ;
#464 = ORIENTED_EDGE ( 'NONE', *, *, #1334, .T. ) ;
#465 = LINE ( 'NONE', #87, #56 ) ;
#466 = CARTESIAN_POINT ( 'NONE',  ( 18.50000000000000000, -65.00000000000000000, 18.50000000000000711 ) ) ;
#467 = ORIENTED_EDGE ( 'NONE', *, *, #557, .T. ) ;
#468 = PLANE ( 'NONE',  #657 ) ;
#469 = AXIS2_PLACEMENT_3D ( 'NONE', #1677, #500, #1133 ) ;
#470 = ORIENTED_EDGE ( 'NONE', *, *, #1647, .F. ) ;
#471 = FACE_OUTER_BOUND ( 'NONE', #1523, .T. ) ;
#472 = EDGE_CURVE ( 'NONE', #351, #1010, #78, .T. ) ;
#473 = AXIS2_PLACEMENT_3D ( 'NONE', #435, #1606, #821 ) ;
#474 = ORIENTED_EDGE ( 'NONE', *, *, #1247, .T. ) ;
#475 = DIRECTION ( 'NONE',  ( -1.000000000000000000, -1.378756245026667670E-15, -0.000000000000000000 ) ) ;
#476 = DIRECTION ( 'NONE',  ( -1.387778780781448437E-15, 1.000000000000000000, 0.000000000000000000 ) ) ;
#477 = ORIENTED_EDGE ( 'NONE', *, *, #663, .T. ) ;
#478 = CARTESIAN_POINT ( 'NONE',  ( -18.99999999999999645, -48.99999999999998579, 4.770710678118653014 ) ) ;
#479 = ORIENTED_EDGE ( 'NONE', *, *, #513, .F. ) ;
#480 = ORIENTED_EDGE ( 'NONE', *, *, #660, .F. ) ;
#481 = EDGE_CURVE ( 'NONE', #1151, #583, #1595, .T. ) ;
#482 = CARTESIAN_POINT ( 'NONE',  ( -21.00000000000000000, -65.00000000000000000, 16.00000000000000000 ) ) ;
#483 = CARTESIAN_POINT ( 'NONE',  ( 16.49999999999998934, 52.00000000000000711, 18.50000000000000711 ) ) ;
#484 = LINE ( 'NONE', #1013, #836 ) ;
#485 = VERTEX_POINT ( 'NONE', #466 ) ;
#486 = VECTOR ( 'NONE', #1663, 1000.000000000000000 ) ;
#487 = ORIENTED_EDGE ( 'NONE', *, *, #1522, .F. ) ;
#488 = CARTESIAN_POINT ( 'NONE',  ( 18.84999999999999076, 51.99999999999997868, -2.020710678118652126 ) ) ;
#489 = ADVANCED_FACE ( 'NONE', ( #606 ), #213, .F. ) ;
#490 = DIRECTION ( 'NONE',  ( 1.000000000000000000, 0.000000000000000000, 0.000000000000000000 ) ) ;
#491 = DIRECTION ( 'NONE',  ( 0.000000000000000000, -0.000000000000000000, 1.000000000000000000 ) ) ;
#492 = ADVANCED_FACE ( 'NONE', ( #1645 ), #711, .F. ) ;
#493 = CARTESIAN_POINT ( 'NONE',  ( -18.49999999999999645, -48.99999999999999289, 17.00000000000000355 ) ) ;
#494 = ORIENTED_EDGE ( 'NONE', *, *, #114, .F. ) ;
#495 = DIRECTION ( 'NONE',  ( -9.727421360617610647E-17, 1.000000000000000000, -0.000000000000000000 ) ) ;
#496 = CIRCLE ( 'NONE', #387, 0.5000000000000073275 ) ;
#497 = CARTESIAN_POINT ( 'NONE',  ( -18.50000000000000355, 52.00000000000000711, 16.00000000000000000 ) ) ;
#498 = AXIS2_PLACEMENT_3D ( 'NONE', #1438, #1065, #1582 ) ;
#499 = DIRECTION ( 'NONE',  ( 1.000000000000000000, 0.000000000000000000, 0.000000000000000000 ) ) ;
#500 = DIRECTION ( 'NONE',  ( -0.000000000000000000, -0.000000000000000000, 1.000000000000000000 ) ) ;
#501 = ORIENTED_EDGE ( 'NONE', *, *, #1247, .F. ) ;
#502 = EDGE_CURVE ( 'NONE', #532, #1335, #814, .T. ) ;
#503 = VECTOR ( 'NONE', #1420, 1000.000000000000000 ) ;
#504 = CARTESIAN_POINT ( 'NONE',  ( 16.50000000000000000, 56.50000000000000711, -3.000000000000000000 ) ) ;
#505 = DIRECTION ( 'NONE',  ( -1.378756245026667670E-15, 1.000000000000000000, -0.000000000000000000 ) ) ;
#506 = CARTESIAN_POINT ( 'NONE',  ( 16.49999999999998934, 52.00000000000000711, 16.00000000000000000 ) ) ;
#507 = ORIENTED_EDGE ( 'NONE', *, *, #794, .F. ) ;
#508 = ORIENTED_EDGE ( 'NONE', *, *, #649, .T. ) ;
#509 = EDGE_CURVE ( 'NONE', #770, #511, #324, .T. ) ;
#510 = VERTEX_POINT ( 'NONE', #211 ) ;
#511 = VERTEX_POINT ( 'NONE', #1089 ) ;
#512 = AXIS2_PLACEMENT_3D ( 'NONE', #558, #939, #527 ) ;
#513 = EDGE_CURVE ( 'NONE', #247, #1433, #843, .T. ) ;
#514 = CARTESIAN_POINT ( 'NONE',  ( 18.99999999999999645, 51.99999999999997868, 16.00000000000000000 ) ) ;
#515 = AXIS2_PLACEMENT_3D ( 'NONE', #820, #804, #1624 ) ;
#516 = DIRECTION ( 'NONE',  ( 0.000000000000000000, -0.000000000000000000, -1.000000000000000000 ) ) ;
#517 = VERTEX_POINT ( 'NONE', #721 ) ;
#518 = CARTESIAN_POINT ( 'NONE',  ( 16.49999999999998934, 52.00000000000000711, 4.220710678118657633 ) ) ;
#519 = CARTESIAN_POINT ( 'NONE',  ( 1.749999999999935607, 35.78117606263769801, 18.49999999999994316 ) ) ;
#520 = CARTESIAN_POINT ( 'NONE',  ( 19.50000000000000355, -48.99999999999999289, -1.299999999999992939 ) ) ;
#521 = CARTESIAN_POINT ( 'NONE',  ( 16.49999999999998579, 54.35000000000000142, -3.000000000000000000 ) ) ;
#522 = CIRCLE ( 'NONE', #571, 1.749999999999999778 ) ;
#523 = CARTESIAN_POINT ( 'NONE',  ( -1.500000000000061728, 35.78117606263769801, 16.50000000000000711 ) ) ;
#524 = VERTEX_POINT ( 'NONE', #973 ) ;
#525 = AXIS2_PLACEMENT_3D ( 'NONE', #1445, #1062, #1312 ) ;
#526 = VECTOR ( 'NONE', #911, 1000.000000000000000 ) ;
#527 = DIRECTION ( 'NONE',  ( 1.000000000000000000, 3.083952846180988111E-15, 0.000000000000000000 ) ) ;
#528 = CARTESIAN_POINT ( 'NONE',  ( 19.54999999999999005, 51.99999999999997868, 4.220710678118657633 ) ) ;
#529 = APPLICATION_PROTOCOL_DEFINITION ( 'draft international standard', 'automotive_design', 1998, #930 ) ;
#530 = EDGE_CURVE ( 'NONE', #647, #1496, #934, .T. ) ;
#531 = FILL_AREA_STYLE_COLOUR ( '', #808 ) ;
#532 = VERTEX_POINT ( 'NONE', #1222 ) ;
#533 = DIRECTION ( 'NONE',  ( 0.000000000000000000, -1.000000000000000000, 0.000000000000000000 ) ) ;
#534 = FACE_OUTER_BOUND ( 'NONE', #1034, .T. ) ;
#535 = DIRECTION ( 'NONE',  ( 1.000000000000000000, 0.000000000000000000, 0.000000000000000000 ) ) ;
#536 = DIRECTION ( 'NONE',  ( 0.000000000000000000, 0.000000000000000000, 1.000000000000000000 ) ) ;
#537 = FILL_AREA_STYLE_COLOUR ( '', #607 ) ;
#538 = EDGE_LOOP ( 'NONE', ( #1294, #960, #998, #633 ) ) ;
#539 = CARTESIAN_POINT ( 'NONE',  ( 20.99999999999998934, 52.00000000000001421, -3.000000000000000000 ) ) ;
#540 = EDGE_CURVE ( 'NONE', #1318, #154, #448, .T. ) ;
#541 = CARTESIAN_POINT ( 'NONE',  ( -19.50000000000000000, -48.99999999999999289, 16.00000000000000000 ) ) ;
#542 = ADVANCED_FACE ( 'NONE', ( #454 ), #951, .F. ) ;
#543 = FACE_OUTER_BOUND ( 'NONE', #370, .T. ) ;
#544 = FILL_AREA_STYLE ('',( #537 ) ) ;
#545 = ORIENTED_EDGE ( 'NONE', *, *, #735, .F. ) ;
#546 = VERTEX_POINT ( 'NONE', #193 ) ;
#547 = AXIS2_PLACEMENT_3D ( 'NONE', #1232, #74, #1373 ) ;
#548 = ADVANCED_FACE ( 'NONE', ( #852 ), #693, .F. ) ;
#549 = CARTESIAN_POINT ( 'NONE',  ( -19.00000000000000355, -48.99999999999998579, 16.00000000000000000 ) ) ;
#550 = DIRECTION ( 'NONE',  ( -0.000000000000000000, -0.000000000000000000, 1.000000000000000000 ) ) ;
#551 = AXIS2_PLACEMENT_3D ( 'NONE', #1672, #1007, #1661 ) ;
#552 = CARTESIAN_POINT ( 'NONE',  ( -18.84999999999999787, -65.00000000000000000, -3.000000000000000000 ) ) ;
#553 = AXIS2_PLACEMENT_3D ( 'NONE', #1066, #1583, #406 ) ;
#554 = EDGE_LOOP ( 'NONE', ( #1311, #1296, #106, #1159 ) ) ;
#555 = EDGE_LOOP ( 'NONE', ( #569, #1366, #268, #1074 ) ) ;
#556 = CARTESIAN_POINT ( 'NONE',  ( -16.50000000000001066, 52.00000000000000711, 16.00000000000000000 ) ) ;
#557 = EDGE_CURVE ( 'NONE', #583, #38, #183, .T. ) ;
#558 = CARTESIAN_POINT ( 'NONE',  ( 16.49999999999998934, 52.00000000000000711, -3.000000000000000000 ) ) ;
#559 = DIRECTION ( 'NONE',  ( 1.826024711554533913E-16, 0.000000000000000000, 1.000000000000000000 ) ) ;
#560 = VERTEX_POINT ( 'NONE', #300 ) ;
#561 = DIRECTION ( 'NONE',  ( 1.000000000000000000, 0.000000000000000000, 0.000000000000000000 ) ) ;
#562 = CARTESIAN_POINT ( 'NONE',  ( 18.85000000000000142, -54.99999999999997868, -2.020710678118652126 ) ) ;
#563 = VECTOR ( 'NONE', #621, 1000.000000000000000 ) ;
#564 = ORIENTED_EDGE ( 'NONE', *, *, #810, .T. ) ;
#565 = DIRECTION ( 'NONE',  ( -1.000000000000000000, -2.102695122396129669E-16, -0.000000000000000000 ) ) ;
#566 = DIRECTION ( 'NONE',  ( -0.000000000000000000, -0.000000000000000000, 1.000000000000000000 ) ) ;
#567 = VERTEX_POINT ( 'NONE', #1351 ) ;
#568 = EDGE_CURVE ( 'NONE', #1643, #770, #176, .T. ) ;
#569 = ORIENTED_EDGE ( 'NONE', *, *, #1495, .F. ) ;
#570 = DIRECTION ( 'NONE',  ( -0.7071067811865436870, -9.171100810068732534E-17, 0.7071067811865514585 ) ) ;
#571 = AXIS2_PLACEMENT_3D ( 'NONE', #1628, #1500, #833 ) ;
#572 = DIRECTION ( 'NONE',  ( -9.727421360617610647E-17, 1.000000000000000000, -0.000000000000000000 ) ) ;
#573 = CIRCLE ( 'NONE', #1626, 0.5000000000000073275 ) ;
#574 = VERTEX_POINT ( 'NONE', #321 ) ;
#575 = AXIS2_PLACEMENT_3D ( 'NONE', #1317, #125, #499 ) ;
#576 = CARTESIAN_POINT ( 'NONE',  ( 18.99999999999999645, 52.00000000000001421, 16.00000000000000000 ) ) ;
#577 = CARTESIAN_POINT ( 'NONE',  ( 20.99999999999999289, 52.00000000000002132, -3.000000000000000000 ) ) ;
#578 = ORIENTED_EDGE ( 'NONE', *, *, #388, .T. ) ;
#579 = CARTESIAN_POINT ( 'NONE',  ( -19.00000000000000711, 52.00000000000000711, 4.770710678118653014 ) ) ;
#580 = DIRECTION ( 'NONE',  ( 1.296989514749014917E-16, -1.000000000000000000, -0.000000000000000000 ) ) ;
#581 = CARTESIAN_POINT ( 'NONE',  ( -16.50000000000001066, 52.00000000000000711, 16.00000000000000000 ) ) ;
#582 = ORIENTED_EDGE ( 'NONE', *, *, #1023, .F. ) ;
#583 = VERTEX_POINT ( 'NONE', #439 ) ;
#584 = DIRECTION ( 'NONE',  ( -0.000000000000000000, -0.000000000000000000, 1.000000000000000000 ) ) ;
#585 = CARTESIAN_POINT ( 'NONE',  ( 18.50000000000000000, -65.00000000000000000, 16.00000000000000000 ) ) ;
#586 = CARTESIAN_POINT ( 'NONE',  ( -19.00000000000001776, 51.99999999999999289, 16.00000000000000000 ) ) ;
#587 = ORIENTED_EDGE ( 'NONE', *, *, #1199, .T. ) ;
#588 = DIRECTION ( 'NONE',  ( -9.727421360617610647E-17, 1.000000000000000000, -0.000000000000000000 ) ) ;
#589 = EDGE_CURVE ( 'NONE', #1651, #935, #281, .T. ) ;
#590 = AXIS2_PLACEMENT_3D ( 'NONE', #1128, #1108, #308 ) ;
#591 = ORIENTED_EDGE ( 'NONE', *, *, #1155, .T. ) ;
#592 = DIRECTION ( 'NONE',  ( -0.7071067811865435759, 0.000000000000000000, 0.7071067811865515695 ) ) ;
#593 = ORIENTED_EDGE ( 'NONE', *, *, #1517, .T. ) ;
#594 = LINE ( 'NONE', #482, #1017 ) ;
#595 = DIRECTION ( 'NONE',  ( 0.000000000000000000, 0.000000000000000000, -1.000000000000000000 ) ) ;
#596 = EDGE_LOOP ( 'NONE', ( #943, #1574, #728, #1399 ) ) ;
#597 = LINE ( 'NONE', #79, #881 ) ;
#598 = AXIS2_PLACEMENT_3D ( 'NONE', #1243, #1385, #1636 ) ;
#599 = EDGE_CURVE ( 'NONE', #1655, #517, #522, .T. ) ;
#600 = ORIENTED_EDGE ( 'NONE', *, *, #1592, .T. ) ;
#601 = CARTESIAN_POINT ( 'NONE',  ( -18.50000000000001066, 51.99999999999999289, 16.00000000000000000 ) ) ;
#602 = AXIS2_PLACEMENT_3D ( 'NONE', #1201, #1042, #380 ) ;
#603 = ORIENTED_EDGE ( 'NONE', *, *, #509, .F. ) ;
#604 = CARTESIAN_POINT ( 'NONE',  ( -16.50000000000000711, 54.35000000000000142, -3.000000000000000000 ) ) ;
#605 = DIRECTION ( 'NONE',  ( 0.000000000000000000, 0.000000000000000000, -1.000000000000000000 ) ) ;
#606 = FACE_OUTER_BOUND ( 'NONE', #257, .T. ) ;
#607 = COLOUR_RGB ( '',0.7921568627450980005, 0.8196078431372548767, 0.9333333333333333481 ) ;
#608 = EDGE_LOOP ( 'NONE', ( #832, #841, #3, #1082 ) ) ;
#609 =( LENGTH_UNIT ( ) NAMED_UNIT ( * ) SI_UNIT ( .MILLI., .METRE. ) );
#610 = EDGE_LOOP ( 'NONE', ( #1554, #760, #631, #1563 ) ) ;
#611 = LINE ( 'NONE', #576, #727 ) ;
#612 = EDGE_CURVE ( 'NONE', #12, #234, #1160, .T. ) ;
#613 = DIRECTION ( 'NONE',  ( 1.000000000000000000, 0.000000000000000000, 0.000000000000000000 ) ) ;
#614 = PLANE ( 'NONE',  #695 ) ;
#615 = LINE ( 'NONE', #872, #962 ) ;
#616 = EDGE_LOOP ( 'NONE', ( #1261, #725, #64, #1144 ) ) ;
#617 = VERTEX_POINT ( 'NONE', #579 ) ;
#618 = CARTESIAN_POINT ( 'NONE',  ( 18.50000000000000355, -48.99999999999999289, 17.00000000000000355 ) ) ;
#619 = CARTESIAN_POINT ( 'NONE',  ( 16.49999999999998579, 56.50000000000000000, -3.000000000000000000 ) ) ;
#620 = ADVANCED_FACE ( 'NONE', ( #1428 ), #235, .F. ) ;
#621 = DIRECTION ( 'NONE',  ( -9.727421360617610647E-17, 1.000000000000000000, -0.000000000000000000 ) ) ;
#622 = DIRECTION ( 'NONE',  ( -1.486829979814189431E-16, 0.7071067811865515695, -0.7071067811865435759 ) ) ;
#623 = ORIENTED_EDGE ( 'NONE', *, *, #1528, .T. ) ;
#624 = ORIENTED_EDGE ( 'NONE', *, *, #1528, .F. ) ;
#625 = DIRECTION ( 'NONE',  ( 1.000000000000000000, 0.000000000000000000, 0.000000000000000000 ) ) ;
#626 = CIRCLE ( 'NONE', #1458, 0.5000000000000073275 ) ;
#627 = DIRECTION ( 'NONE',  ( 0.000000000000000000, 0.000000000000000000, 1.000000000000000000 ) ) ;
#628 = CARTESIAN_POINT ( 'NONE',  ( -16.50000000000000711, 54.50000000000000711, 16.00000000000000000 ) ) ;
#629 = ORIENTED_EDGE ( 'NONE', *, *, #1620, .T. ) ;
#630 = AXIS2_PLACEMENT_3D ( 'NONE', #184, #1511, #430 ) ;
#631 = ORIENTED_EDGE ( 'NONE', *, *, #1003, .T. ) ;
#632 = EDGE_CURVE ( 'NONE', #1200, #1349, #1158, .T. ) ;
#633 = ORIENTED_EDGE ( 'NONE', *, *, #851, .T. ) ;
#634 = ORIENTED_EDGE ( 'NONE', *, *, #889, .F. ) ;
#635 = ORIENTED_EDGE ( 'NONE', *, *, #411, .F. ) ;
#636 = DIRECTION ( 'NONE',  ( -0.000000000000000000, -0.000000000000000000, 1.000000000000000000 ) ) ;
#637 =( NAMED_UNIT ( * ) SI_UNIT ( $, .STERADIAN. ) SOLID_ANGLE_UNIT ( ) );
#638 = EDGE_CURVE ( 'NONE', #567, #130, #416, .T. ) ;
#639 = DIRECTION ( 'NONE',  ( -0.000000000000000000, -1.000000000000000000, -0.000000000000000000 ) ) ;
#640 = ORIENTED_EDGE ( 'NONE', *, *, #1372, .T. ) ;
#641 = ORIENTED_EDGE ( 'NONE', *, *, #1447, .F. ) ;
#642 = EDGE_CURVE ( 'NONE', #1422, #30, #1078, .T. ) ;
#643 = ORIENTED_EDGE ( 'NONE', *, *, #638, .F. ) ;
#644 = FACE_OUTER_BOUND ( 'NONE', #1166, .T. ) ;
#645 = CIRCLE ( 'NONE', #267, 1.999999999999994893 ) ;
#646 = DIRECTION ( 'NONE',  ( 8.519722868790337099E-31, -6.179281435367532502E-16, -1.000000000000000000 ) ) ;
#647 = VERTEX_POINT ( 'NONE', #604 ) ;
#648 = DIRECTION ( 'NONE',  ( -1.000000000000000000, -2.102695122396129669E-16, -0.000000000000000000 ) ) ;
#649 = EDGE_CURVE ( 'NONE', #136, #248, #1154, .T. ) ;
#650 = DIRECTION ( 'NONE',  ( 2.005460665869142027E-16, 0.000000000000000000, -1.000000000000000000 ) ) ;
#651 = DIRECTION ( 'NONE',  ( -0.000000000000000000, -1.000000000000000000, -0.000000000000000000 ) ) ;
#652 = AXIS2_PLACEMENT_3D ( 'NONE', #306, #76, #1520 ) ;
#653 = ORIENTED_EDGE ( 'NONE', *, *, #1076, .F. ) ;
#654 = AXIS2_PLACEMENT_3D ( 'NONE', #805, #1191, #37 ) ;
#655 = LINE ( 'NONE', #25, #1084 ) ;
#656 = CARTESIAN_POINT ( 'NONE',  ( 16.50000000000000000, 54.00000000000000711, 16.00000000000000000 ) ) ;
#657 = AXIS2_PLACEMENT_3D ( 'NONE', #1118, #323, #996 ) ;
#658 = AXIS2_PLACEMENT_3D ( 'NONE', #1290, #1430, #1310 ) ;
#659 = CARTESIAN_POINT ( 'NONE',  ( 16.49999999999998934, 52.00000000000000711, -1.320710678118644843 ) ) ;
#660 = EDGE_CURVE ( 'NONE', #261, #1584, #107, .T. ) ;
#661 = CYLINDRICAL_SURFACE ( 'NONE', #295, 4.500000000000007105 ) ;
#662 = PLANE ( 'NONE',  #654 ) ;
#663 = EDGE_CURVE ( 'NONE', #511, #202, #1536, .T. ) ;
#664 = ORIENTED_EDGE ( 'NONE', *, *, #1244, .F. ) ;
#665 = ADVANCED_FACE ( 'NONE', ( #1418 ), #116, .T. ) ;
#666 = DIRECTION ( 'NONE',  ( 0.7071067811865513475, -2.292775202517209018E-17, -0.7071067811865435759 ) ) ;
#667 = LINE ( 'NONE', #92, #924 ) ;
#668 = DIRECTION ( 'NONE',  ( -0.000000000000000000, -0.000000000000000000, 1.000000000000000000 ) ) ;
#669 = VERTEX_POINT ( 'NONE', #1299 ) ;
#670 = CYLINDRICAL_SURFACE ( 'NONE', #999, 2.500000000000002220 ) ;
#671 = EDGE_CURVE ( 'NONE', #30, #238, #1552, .T. ) ;
#672 = DIRECTION ( 'NONE',  ( -0.7071067811865435759, 0.000000000000000000, -0.7071067811865515695 ) ) ;
#673 = LINE ( 'NONE', #1079, #327 ) ;
#674 = VERTEX_POINT ( 'NONE', #1140 ) ;
#675 = DIRECTION ( 'NONE',  ( 1.000000000000000000, -3.242473786872538526E-17, -0.000000000000000000 ) ) ;
#676 = VECTOR ( 'NONE', #1463, 1000.000000000000000 ) ;
#677 = PLANE ( 'NONE',  #741 ) ;
#678 = EDGE_CURVE ( 'NONE', #1176, #154, #343, .T. ) ;
#679 = DIRECTION ( 'NONE',  ( 1.000000000000000000, 0.000000000000000000, 0.000000000000000000 ) ) ;
#680 = ORIENTED_EDGE ( 'NONE', *, *, #1447, .T. ) ;
#681 = DIRECTION ( 'NONE',  ( -0.000000000000000000, -0.000000000000000000, 1.000000000000000000 ) ) ;
#682 = CARTESIAN_POINT ( 'NONE',  ( -18.84999999999999787, -65.00000000000000000, -2.020710678118652126 ) ) ;
#683 = ORIENTED_EDGE ( 'NONE', *, *, #1155, .F. ) ;
#684 = ADVANCED_FACE ( 'NONE', ( #1174 ), #225, .T. ) ;
#685 = CARTESIAN_POINT ( 'NONE',  ( -18.50000000000001066, 51.99999999999999289, 16.50000000000000711 ) ) ;
#686 = CARTESIAN_POINT ( 'NONE',  ( 16.49999999999998579, 55.05000000000001137, 4.220710678118657633 ) ) ;
#687 = CARTESIAN_POINT ( 'NONE',  ( -16.50000000000000711, 56.49999999999999289, -3.000000000000000000 ) ) ;
#688 = ADVANCED_FACE ( 'NONE', ( #132 ), #870, .F. ) ;
#689 = EDGE_LOOP ( 'NONE', ( #869, #479 ) ) ;
#690 = LINE ( 'NONE', #1451, #271 ) ;
#691 = LINE ( 'NONE', #174, #1268 ) ;
#692 = ORIENTED_EDGE ( 'NONE', *, *, #1146, .T. ) ;
#693 = CYLINDRICAL_SURFACE ( 'NONE', #1106, 2.350000000000004974 ) ;
#694 = CIRCLE ( 'NONE', #920, 2.500000000000005773 ) ;
#695 = AXIS2_PLACEMENT_3D ( 'NONE', #408, #377, #909 ) ;
#696 = ORIENTED_EDGE ( 'NONE', *, *, #1607, .T. ) ;
#697 = FACE_OUTER_BOUND ( 'NONE', #1615, .T. ) ;
#698 = EDGE_CURVE ( 'NONE', #532, #351, #626, .T. ) ;
#699 = LINE ( 'NONE', #200, #766 ) ;
#700 = ORIENTED_EDGE ( 'NONE', *, *, #1596, .F. ) ;
#701 = CARTESIAN_POINT ( 'NONE',  ( 16.49999999999998934, 52.00000000000000711, -3.000000000000000000 ) ) ;
#702 = DIRECTION ( 'NONE',  ( -1.000000000000000000, -2.102695122396129669E-16, 0.000000000000000000 ) ) ;
#703 = VECTOR ( 'NONE', #1246, 1000.000000000000000 ) ;
#704 = ORIENTED_EDGE ( 'NONE', *, *, #388, .F. ) ;
#705 = AXIS2_PLACEMENT_3D ( 'NONE', #190, #718, #559 ) ;
#706 = CARTESIAN_POINT ( 'NONE',  ( 19.50000000000000355, -65.00000000000000000, 4.270710678118653014 ) ) ;
#707 = DIRECTION ( 'NONE',  ( -1.471238349801693268E-32, 1.826024711554533913E-16, 1.000000000000000000 ) ) ;
#708 = AXIS2_PLACEMENT_3D ( 'NONE', #240, #1685, #249 ) ;
#709 = EDGE_CURVE ( 'NONE', #216, #175, #1293, .T. ) ;
#710 = ORIENTED_EDGE ( 'NONE', *, *, #709, .T. ) ;
#711 = PLANE ( 'NONE',  #199 ) ;
#712 = ADVANCED_FACE ( 'NONE', ( #1147 ), #858, .F. ) ;
#713 = CARTESIAN_POINT ( 'NONE',  ( -6.418476861114159744E-14, 35.78117606263769801, 18.49999999999994316 ) ) ;
#714 = CARTESIAN_POINT ( 'NONE',  ( -1.500000000000061728, 35.78117606263769801, 18.49999999999994316 ) ) ;
#715 = LINE ( 'NONE', #687, #142 ) ;
#716 = EDGE_LOOP ( 'NONE', ( #253, #1242, #954, #640 ) ) ;
#717 = CARTESIAN_POINT ( 'NONE',  ( 18.49999999999998934, 52.00000000000001421, 16.00000000000000000 ) ) ;
#718 = DIRECTION ( 'NONE',  ( -1.000000000000000000, -9.727421360617609414E-17, 1.826024711554533913E-16 ) ) ;
#719 = ORIENTED_EDGE ( 'NONE', *, *, #233, .F. ) ;
#720 =( LENGTH_UNIT ( ) NAMED_UNIT ( * ) SI_UNIT ( .MILLI., .METRE. ) );
#721 = CARTESIAN_POINT ( 'NONE',  ( 1.749999999999935607, 35.78117606263769801, 17.99999999999994316 ) ) ;
#722 = AXIS2_PLACEMENT_3D ( 'NONE', #1138, #1525, #977 ) ;
#723 = FACE_OUTER_BOUND ( 'NONE', #1531, .T. ) ;
#724 = DIRECTION ( 'NONE',  ( 1.000000000000000000, 0.000000000000000000, -0.000000000000000000 ) ) ;
#725 = ORIENTED_EDGE ( 'NONE', *, *, #1334, .F. ) ;
#726 = VECTOR ( 'NONE', #1021, 1000.000000000000000 ) ;
#727 = VECTOR ( 'NONE', #326, 1000.000000000000000 ) ;
#728 = ORIENTED_EDGE ( 'NONE', *, *, #589, .T. ) ;
#729 = DIRECTION ( 'NONE',  ( -2.102695122396129669E-16, 1.000000000000000000, 0.000000000000000000 ) ) ;
#730 = VERTEX_POINT ( 'NONE', #488 ) ;
#731 =( NAMED_UNIT ( * ) PLANE_ANGLE_UNIT ( ) SI_UNIT ( $, .RADIAN. ) );
#732 = DIRECTION ( 'NONE',  ( -9.727421360617609414E-17, 1.000000000000000000, 0.000000000000000000 ) ) ;
#733 = CARTESIAN_POINT ( 'NONE',  ( 19.50000000000000355, -48.99999999999999289, -1.299999999999992939 ) ) ;
#734 = LINE ( 'NONE', #714, #703 ) ;
#735 = EDGE_CURVE ( 'NONE', #248, #567, #1281, .T. ) ;
#736 = EDGE_LOOP ( 'NONE', ( #392, #239, #1228, #348 ) ) ;
#737 = FACE_OUTER_BOUND ( 'NONE', #1, .T. ) ;
#738 = VECTOR ( 'NONE', #1165, 1000.000000000000000 ) ;
#739 = ORIENTED_EDGE ( 'NONE', *, *, #472, .F. ) ;
#740 = EDGE_CURVE ( 'NONE', #674, #669, #1410, .T. ) ;
#741 = AXIS2_PLACEMENT_3D ( 'NONE', #177, #1223, #456 ) ;
#742 = CARTESIAN_POINT ( 'NONE',  ( -16.50000000000001066, 52.00000000000000711, -3.000000000000000000 ) ) ;
#743 = DIRECTION ( 'NONE',  ( -1.000000000000000000, -1.296989514749014917E-16, 0.000000000000000000 ) ) ;
#744 = DIRECTION ( 'NONE',  ( 1.296989514749014917E-16, -1.000000000000000000, -0.000000000000000000 ) ) ;
#745 = VERTEX_POINT ( 'NONE', #925 ) ;
#746 = VERTEX_POINT ( 'NONE', #285 ) ;
#747 = ADVANCED_FACE ( 'NONE', ( #15 ), #940, .F. ) ;
#748 = DIRECTION ( 'NONE',  ( -0.000000000000000000, -0.000000000000000000, 1.000000000000000000 ) ) ;
#749 = CIRCLE ( 'NONE', #512, 4.500000000000003553 ) ;
#750 = ORIENTED_EDGE ( 'NONE', *, *, #143, .T. ) ;
#751 = ORIENTED_EDGE ( 'NONE', *, *, #1076, .T. ) ;
#752 = AXIS2_PLACEMENT_3D ( 'NONE', #1370, #826, #338 ) ;
#753 = DIRECTION ( 'NONE',  ( -0.000000000000000000, -0.000000000000000000, 1.000000000000000000 ) ) ;
#754 = EDGE_CURVE ( 'NONE', #485, #524, #781, .T. ) ;
#755 = CARTESIAN_POINT ( 'NONE',  ( 18.50000000000000000, -54.99999999999997868, 16.50000000000000711 ) ) ;
#756 = DIRECTION ( 'NONE',  ( 1.000000000000000000, 3.469446951953611033E-15, 0.000000000000000000 ) ) ;
#757 = ADVANCED_FACE ( 'NONE', ( #543 ), #157, .F. ) ;
#758 = CYLINDRICAL_SURFACE ( 'NONE', #1233, 0.5000000000000073275 ) ;
#759 = ORIENTED_EDGE ( 'NONE', *, *, #96, .T. ) ;
#760 = ORIENTED_EDGE ( 'NONE', *, *, #671, .F. ) ;
#761 = FACE_OUTER_BOUND ( 'NONE', #1384, .T. ) ;
#762 = ORIENTED_EDGE ( 'NONE', *, *, #1356, .T. ) ;
#763 = ORIENTED_EDGE ( 'NONE', *, *, #1163, .F. ) ;
#764 = LINE ( 'NONE', #1306, #1665 ) ;
#765 = VECTOR ( 'NONE', #1545, 1000.000000000000000 ) ;
#766 = VECTOR ( 'NONE', #707, 1000.000000000000000 ) ;
#767 = DIRECTION ( 'NONE',  ( 0.000000000000000000, -1.000000000000000000, 0.000000000000000000 ) ) ;
#768 = ORIENTED_EDGE ( 'NONE', *, *, #1569, .T. ) ;
#769 = ADVANCED_FACE ( 'NONE', ( #29 ), #662, .F. ) ;
#770 = VERTEX_POINT ( 'NONE', #1340 ) ;
#771 = CARTESIAN_POINT ( 'NONE',  ( -21.00000000000000000, -65.00000000000000000, 16.00000000000000000 ) ) ;
#772 = ORIENTED_EDGE ( 'NONE', *, *, #1596, .T. ) ;
#773 = CARTESIAN_POINT ( 'NONE',  ( 16.49999999999998934, 52.00000000000000711, 16.00000000000000000 ) ) ;
#774 = DIRECTION ( 'NONE',  ( -0.000000000000000000, 1.000000000000000000, -0.000000000000000000 ) ) ;
#775 = FACE_OUTER_BOUND ( 'NONE', #1508, .T. ) ;
#776 = EDGE_LOOP ( 'NONE', ( #480, #1532, #819, #873 ) ) ;
#777 = LINE ( 'NONE', #944, #391 ) ;
#778 = DIRECTION ( 'NONE',  ( 2.102695122396129669E-16, -1.000000000000000000, 1.826024711554533913E-16 ) ) ;
#779 = CIRCLE ( 'NONE', #1251, 3.049999999999997158 ) ;
#780 = DIRECTION ( 'NONE',  ( 1.826024711554533913E-16, 0.000000000000000000, -1.000000000000000000 ) ) ;
#781 = LINE ( 'NONE', #163, #676 ) ;
#782 = CARTESIAN_POINT ( 'NONE',  ( -1.750000000000063949, 35.78117606263769801, 18.49999999999994316 ) ) ;
#783 = ORIENTED_EDGE ( 'NONE', *, *, #1386, .T. ) ;
#784 = LINE ( 'NONE', #17, #1136 ) ;
#785 = EDGE_CURVE ( 'NONE', #1550, #1414, #673, .T. ) ;
#786 = CARTESIAN_POINT ( 'NONE',  ( 19.50000000000000355, -48.99999999999999289, 4.270710678118653014 ) ) ;
#787 = FACE_OUTER_BOUND ( 'NONE', #807, .T. ) ;
#788 = CYLINDRICAL_SURFACE ( 'NONE', #185, 2.349999999999997868 ) ;
#789 = CARTESIAN_POINT ( 'NONE',  ( 16.49999999999998579, 54.00000000000000000, 16.00000000000000000 ) ) ;
#790 = AXIS2_PLACEMENT_3D ( 'NONE', #226, #1394, #1401 ) ;
#791 = LINE ( 'NONE', #1051, #503 ) ;
#792 = ORIENTED_EDGE ( 'NONE', *, *, #1103, .F. ) ;
#793 = CARTESIAN_POINT ( 'NONE',  ( -16.50000000000000711, 56.50000000000000000, -3.000000000000000000 ) ) ;
#794 = EDGE_CURVE ( 'NONE', #1635, #1038, #1238, .T. ) ;
#795 = DIRECTION ( 'NONE',  ( 1.296989514749014917E-16, -1.000000000000000000, -0.000000000000000000 ) ) ;
#796 = CARTESIAN_POINT ( 'NONE',  ( -16.50000000000000711, 54.49999999999999289, 4.770710678118653014 ) ) ;
#797 = DIRECTION ( 'NONE',  ( -0.000000000000000000, -0.000000000000000000, 1.000000000000000000 ) ) ;
#798 = ADVANCED_FACE ( 'NONE', ( #906 ), #1332, .T. ) ;
#799 = DIRECTION ( 'NONE',  ( 1.000000000000000000, 0.000000000000000000, 0.000000000000000000 ) ) ;
#800 =( NAMED_UNIT ( * ) PLANE_ANGLE_UNIT ( ) SI_UNIT ( $, .RADIAN. ) );
#801 = EDGE_LOOP ( 'NONE', ( #603, #501, #1389, #16 ) ) ;
#802 = DIRECTION ( 'NONE',  ( -0.000000000000000000, -1.000000000000000000, -0.000000000000000000 ) ) ;
#803 = VECTOR ( 'NONE', #152, 1000.000000000000000 ) ;
#804 = DIRECTION ( 'NONE',  ( -9.727421360617609414E-17, 1.000000000000000000, -0.000000000000000000 ) ) ;
#805 = CARTESIAN_POINT ( 'NONE',  ( -19.50000000000000000, -48.99999999999999289, 16.00000000000000000 ) ) ;
#806 = AXIS2_PLACEMENT_3D ( 'NONE', #1046, #1566, #1435 ) ;
#807 = EDGE_LOOP ( 'NONE', ( #1109, #1123, #1168, #1044 ) ) ;
#808 = COLOUR_RGB ( '',0.7921568627450980005, 0.8196078431372548767, 0.9333333333333333481 ) ;
#809 = CYLINDRICAL_SURFACE ( 'NONE', #172, 1.000000000000004441 ) ;
#810 = EDGE_CURVE ( 'NONE', #1010, #1335, #573, .T. ) ;
#811 = DIRECTION ( 'NONE',  ( -0.000000000000000000, 0.000000000000000000, -1.000000000000000000 ) ) ;
#812 = DIRECTION ( 'NONE',  ( -0.000000000000000000, -0.000000000000000000, 1.000000000000000000 ) ) ;
#813 = ORIENTED_EDGE ( 'NONE', *, *, #372, .F. ) ;
#814 = LINE ( 'NONE', #685, #1404 ) ;
#815 = AXIS2_PLACEMENT_3D ( 'NONE', #483, #1688, #756 ) ;
#816 = VECTOR ( 'NONE', #1342, 1000.000000000000000 ) ;
#817 = CIRCLE ( 'NONE', #1407, 1.749999999999999778 ) ;
#818 = VECTOR ( 'NONE', #931, 999.9999999999998863 ) ;
#819 = ORIENTED_EDGE ( 'NONE', *, *, #844, .F. ) ;
#820 = CARTESIAN_POINT ( 'NONE',  ( 18.50000000000000000, -54.99999999999997868, 16.00000000000000000 ) ) ;
#821 = DIRECTION ( 'NONE',  ( -1.000000000000000000, 0.000000000000000000, -3.469446951953611033E-15 ) ) ;
#822 = STYLED_ITEM ( 'NONE', ( #1640 ), #1505 ) ;
#823 = ORIENTED_EDGE ( 'NONE', *, *, #1517, .F. ) ;
#824 = CARTESIAN_POINT ( 'NONE',  ( 19.00000000000000000, -48.99999999999999289, 4.770710678118653902 ) ) ;
#825 = EDGE_CURVE ( 'NONE', #746, #510, #139, .T. ) ;
#826 = DIRECTION ( 'NONE',  ( 0.000000000000000000, -1.000000000000000000, 0.000000000000000000 ) ) ;
#827 = ORIENTED_EDGE ( 'NONE', *, *, #1466, .F. ) ;
#828 = CYLINDRICAL_SURFACE ( 'NONE', #115, 4.500000000000000888 ) ;
#829 = DIRECTION ( 'NONE',  ( 1.000000000000000000, 0.000000000000000000, 0.000000000000000000 ) ) ;
#830 = VECTOR ( 'NONE', #495, 1000.000000000000000 ) ;
#831 = EDGE_LOOP ( 'NONE', ( #664, #363, #127, #1486, #1440, #60 ) ) ;
#832 = ORIENTED_EDGE ( 'NONE', *, *, #425, .F. ) ;
#833 = DIRECTION ( 'NONE',  ( 1.000000000000000000, 0.000000000000000000, 0.000000000000000000 ) ) ;
#834 = VECTOR ( 'NONE', #1141, 999.9999999999998863 ) ;
#835 = CIRCLE ( 'NONE', #160, 1.749999999999999778 ) ;
#836 = VECTOR ( 'NONE', #1402, 1000.000000000000114 ) ;
#837 = EDGE_CURVE ( 'NONE', #1271, #511, #1182, .T. ) ;
#838 = VERTEX_POINT ( 'NONE', #23 ) ;
#839 = DIRECTION ( 'NONE',  ( 1.000000000000000000, 0.000000000000000000, 0.000000000000000000 ) ) ;
#840 = EDGE_CURVE ( 'NONE', #583, #382, #915, .T. ) ;
#841 = ORIENTED_EDGE ( 'NONE', *, *, #837, .F. ) ;
#842 = CARTESIAN_POINT ( 'NONE',  ( -19.55000000000001137, 51.99999999999999289, -1.320710678118644843 ) ) ;
#843 = CIRCLE ( 'NONE', #598, 1.749999999999999778 ) ;
#844 = EDGE_CURVE ( 'NONE', #216, #1514, #276, .T. ) ;
#845 = CARTESIAN_POINT ( 'NONE',  ( -19.50000000000000000, -65.00000000000000000, 16.00000000000000000 ) ) ;
#846 = VERTEX_POINT ( 'NONE', #528 ) ;
#847 = DIRECTION ( 'NONE',  ( -0.000000000000000000, -0.000000000000000000, -1.000000000000000000 ) ) ;
#848 = PLANE ( 'NONE',  #705 ) ;
#849 = CIRCLE ( 'NONE', #551, 2.350000000000004974 ) ;
#850 = VERTEX_POINT ( 'NONE', #405 ) ;
#851 = EDGE_CURVE ( 'NONE', #130, #1349, #1459, .T. ) ;
#852 = FACE_OUTER_BOUND ( 'NONE', #801, .T. ) ;
#853 = CARTESIAN_POINT ( 'NONE',  ( 16.49999999999998579, 56.50000000000000711, -3.000000000000000000 ) ) ;
#854 = CYLINDRICAL_SURFACE ( 'NONE', #1054, 2.500000000000005773 ) ;
#855 = EDGE_LOOP ( 'NONE', ( #9, #10, #1524, #1291 ) ) ;
#856 = DIRECTION ( 'NONE',  ( -1.000000000000000000, -2.102695122396129669E-16, 0.000000000000000000 ) ) ;
#857 = ORIENTED_EDGE ( 'NONE', *, *, #1244, .T. ) ;
#858 = CYLINDRICAL_SURFACE ( 'NONE', #40, 3.049999999999997158 ) ;
#859 = ADVANCED_FACE ( 'NONE', ( #1593 ), #414, .F. ) ;
#860 = AXIS2_PLACEMENT_3D ( 'NONE', #1544, #1436, #358 ) ;
#861 = LINE ( 'NONE', #1132, #726 ) ;
#862 = FACE_OUTER_BOUND ( 'NONE', #179, .T. ) ;
#863 = EDGE_CURVE ( 'NONE', #1171, #574, #878, .T. ) ;
#864 = ORIENTED_EDGE ( 'NONE', *, *, #1279, .F. ) ;
#865 =( GEOMETRIC_REPRESENTATION_CONTEXT ( 3 ) GLOBAL_UNCERTAINTY_ASSIGNED_CONTEXT ( ( #148 ) ) GLOBAL_UNIT_ASSIGNED_CONTEXT ( ( #720, #731, #637 ) ) REPRESENTATION_CONTEXT ( 'NONE', 'WORKASPACE' ) );
#866 = CLOSED_SHELL ( 'NONE', ( #105, #243, #39, #286, #1667, #1353, #542, #436, #365, #384, #1224, #1304, #153, #492, #684, #1343, #68, #33, #1604, #712, #1085, #1426, #963, #1127, #1417, #620, #355, #449, #1037, #747, #1289, #307, #1408, #71, #896, #548, #401, #757, #974, #489, #242, #1000, #1313, #982, #1207, #309, #328, #688, #222, #41, #769, #665, #859, #457, #1047, #798, #1329, #47, #1644 ) ) ;
#867 = ORIENTED_EDGE ( 'NONE', *, *, #1280, .T. ) ;
#868 = CARTESIAN_POINT ( 'NONE',  ( 16.50000000000000000, 56.50000000000001421, 16.00000000000000000 ) ) ;
#869 = ORIENTED_EDGE ( 'NONE', *, *, #316, .F. ) ;
#870 = PLANE ( 'NONE',  #1374 ) ;
#871 = FACE_OUTER_BOUND ( 'NONE', #554, .T. ) ;
#872 = CARTESIAN_POINT ( 'NONE',  ( 16.50000000000000000, 54.35000000000000853, -3.000000000000000000 ) ) ;
#873 = ORIENTED_EDGE ( 'NONE', *, *, #91, .F. ) ;
#874 = EDGE_CURVE ( 'NONE', #1225, #1041, #417, .T. ) ;
#875 = VECTOR ( 'NONE', #429, 1000.000000000000000 ) ;
#876 = ORIENTED_EDGE ( 'NONE', *, *, #425, .T. ) ;
#877 = LINE ( 'NONE', #1551, #347 ) ;
#878 = CIRCLE ( 'NONE', #201, 4.499999999999997335 ) ;
#879 = VECTOR ( 'NONE', #304, 1000.000000000000000 ) ;
#880 = SURFACE_STYLE_USAGE ( .BOTH. , #1409 ) ;
#881 = VECTOR ( 'NONE', #588, 1000.000000000000000 ) ;
#882 = CARTESIAN_POINT ( 'NONE',  ( 18.50000000000000355, -48.99999999999999289, 16.00000000000000000 ) ) ;
#883 = CARTESIAN_POINT ( 'NONE',  ( 18.49999999999998934, 51.99999999999997868, 16.50000000000000711 ) ) ;
#884 = CARTESIAN_POINT ( 'NONE',  ( 16.49999999999998579, 54.50000000000000000, 4.770710678118653014 ) ) ;
#885 = EDGE_CURVE ( 'NONE', #379, #1318, #50, .T. ) ;
#886 = ORIENTED_EDGE ( 'NONE', *, *, #191, .T. ) ;
#887 = PLANE ( 'NONE',  #708 ) ;
#888 = PLANE ( 'NONE',  #314 ) ;
#889 = EDGE_CURVE ( 'NONE', #846, #1183, #67, .T. ) ;
#890 = FACE_BOUND ( 'NONE', #971, .T. ) ;
#891 = ORIENTED_EDGE ( 'NONE', *, *, #1456, .F. ) ;
#892 = ORIENTED_EDGE ( 'NONE', *, *, #58, .T. ) ;
#893 = ORIENTED_EDGE ( 'NONE', *, *, #1466, .T. ) ;
#894 = AXIS2_PLACEMENT_3D ( 'NONE', #506, #398, #277 ) ;
#895 = VECTOR ( 'NONE', #442, 1000.000000000000000 ) ;
#896 = ADVANCED_FACE ( 'NONE', ( #1625 ), #209, .F. ) ;
#897 = DIRECTION ( 'NONE',  ( -2.005460665869142027E-16, 0.000000000000000000, -1.000000000000000000 ) ) ;
#898 = EDGE_CURVE ( 'NONE', #1171, #1562, #699, .T. ) ;
#899 = DIRECTION ( 'NONE',  ( 1.000000000000000000, 0.000000000000000000, 0.000000000000000000 ) ) ;
#900 = EDGE_LOOP ( 'NONE', ( #763, #1542, #1333, #1534 ) ) ;
#901 = ORIENTED_EDGE ( 'NONE', *, *, #794, .T. ) ;
#902 = VECTOR ( 'NONE', #1509, 1000.000000000000000 ) ;
#903 = VECTOR ( 'NONE', #646, 1000.000000000000000 ) ;
#904 = PLANE ( 'NONE',  #1016 ) ;
#905 = PLANE ( 'NONE',  #1124 ) ;
#906 = FACE_OUTER_BOUND ( 'NONE', #192, .T. ) ;
#907 = VECTOR ( 'NONE', #1067, 1000.000000000000000 ) ;
#908 = AXIS2_PLACEMENT_3D ( 'NONE', #656, #393, #533 ) ;
#909 = DIRECTION ( 'NONE',  ( 0.7071067811865513475, 0.000000000000000000, -0.7071067811865435759 ) ) ;
#910 = ORIENTED_EDGE ( 'NONE', *, *, #599, .F. ) ;
#911 = DIRECTION ( 'NONE',  ( -9.727421360617610647E-17, 1.000000000000000000, -0.000000000000000000 ) ) ;
#912 = ORIENTED_EDGE ( 'NONE', *, *, #1032, .T. ) ;
#913 = DIRECTION ( 'NONE',  ( -0.000000000000000000, -0.000000000000000000, 1.000000000000000000 ) ) ;
#914 = LINE ( 'NONE', #14, #313 ) ;
#915 = LINE ( 'NONE', #145, #171 ) ;
#916 = VERTEX_POINT ( 'NONE', #1498 ) ;
#917 = LINE ( 'NONE', #269, #1352 ) ;
#918 = TOROIDAL_SURFACE ( 'NONE', #293, 2.000000000000001776, 2.500000000000005773 ) ;
#919 = AXIS2_PLACEMENT_3D ( 'NONE', #755, #627, #1308 ) ;
#920 = AXIS2_PLACEMENT_3D ( 'NONE', #585, #353, #605 ) ;
#921 = CARTESIAN_POINT ( 'NONE',  ( -6.418476861114159744E-14, 35.78117606263769801, 16.50000000000000711 ) ) ;
#922 = CARTESIAN_POINT ( 'NONE',  ( 1.499999999999933387, 35.78117606263769801, 16.50000000000000711 ) ) ;
#923 = VECTOR ( 'NONE', #1274, 1000.000000000000000 ) ;
#924 = VECTOR ( 'NONE', #847, 1000.000000000000000 ) ;
#925 = CARTESIAN_POINT ( 'NONE',  ( -19.55000000000000782, 52.00000000000000711, -1.320710678118644843 ) ) ;
#926 = LINE ( 'NONE', #1453, #563 ) ;
#927 = ORIENTED_EDGE ( 'NONE', *, *, #1186, .F. ) ;
#928 = PRODUCT_DEFINITION_CONTEXT ( 'detailed design', #404, 'design' ) ;
#929 = DIRECTION ( 'NONE',  ( -1.000000000000000000, -2.102695122396129669E-16, -0.000000000000000000 ) ) ;
#930 = APPLICATION_CONTEXT ( 'automotive_design' ) ;
#931 = DIRECTION ( 'NONE',  ( 5.697198988072994145E-17, -0.7071067811865435759, -0.7071067811865515695 ) ) ;
#932 = DIRECTION ( 'NONE',  ( -1.137523590804464710E-15, 1.000000000000000000, 0.000000000000000000 ) ) ;
#933 = DIRECTION ( 'NONE',  ( -0.000000000000000000, -0.000000000000000000, 1.000000000000000000 ) ) ;
#934 = CIRCLE ( 'NONE', #652, 2.349999999999997868 ) ;
#935 = VERTEX_POINT ( 'NONE', #1618 ) ;
#936 = EDGE_LOOP ( 'NONE', ( #1375, #1018, #768, #1398 ) ) ;
#937 = AXIS2_PLACEMENT_3D ( 'NONE', #1452, #933, #799 ) ;
#938 = LINE ( 'NONE', #1209, #967 ) ;
#939 = DIRECTION ( 'NONE',  ( -0.000000000000000000, -0.000000000000000000, 1.000000000000000000 ) ) ;
#940 = PLANE ( 'NONE',  #1432 ) ;
#941 = EDGE_CURVE ( 'NONE', #1684, #838, #42, .T. ) ;
#942 = APPLICATION_PROTOCOL_DEFINITION ( 'draft international standard', 'automotive_design', 1998, #404 ) ;
#943 = ORIENTED_EDGE ( 'NONE', *, *, #1592, .F. ) ;
#944 = CARTESIAN_POINT ( 'NONE',  ( 16.50000000000000000, 54.50000000000002132, 16.00000000000000000 ) ) ;
#945 = DIRECTION ( 'NONE',  ( 1.296989514749014917E-16, -1.000000000000000000, -0.000000000000000000 ) ) ;
#946 = CARTESIAN_POINT ( 'NONE',  ( 18.49999999999998934, 51.99999999999997868, 18.50000000000000711 ) ) ;
#947 = AXIS2_PLACEMENT_3D ( 'NONE', #659, #419, #424 ) ;
#948 = DIRECTION ( 'NONE',  ( 0.000000000000000000, 0.000000000000000000, -1.000000000000000000 ) ) ;
#949 = EDGE_LOOP ( 'NONE', ( #823, #886, #1499, #188 ) ) ;
#950 = EDGE_CURVE ( 'NONE', #991, #745, #297, .T. ) ;
#951 = PLANE ( 'NONE',  #169 ) ;
#952 = FACE_OUTER_BOUND ( 'NONE', #356, .T. ) ;
#953 = ORIENTED_EDGE ( 'NONE', *, *, #1012, .F. ) ;
#954 = ORIENTED_EDGE ( 'NONE', *, *, #735, .T. ) ;
#955 = CARTESIAN_POINT ( 'NONE',  ( 19.50000000000000711, -65.00000000000000000, 16.00000000000000000 ) ) ;
#956 = CARTESIAN_POINT ( 'NONE',  ( -16.50000000000000711, 55.05000000000001137, 4.220710678118657633 ) ) ;
#957 = CARTESIAN_POINT ( 'NONE',  ( -19.55000000000000426, 52.00000000000000711, -1.320710678118644843 ) ) ;
#958 = ORIENTED_EDGE ( 'NONE', *, *, #863, .F. ) ;
#959 = LINE ( 'NONE', #1492, #280 ) ;
#960 = ORIENTED_EDGE ( 'NONE', *, *, #1372, .F. ) ;
#961 = DIRECTION ( 'NONE',  ( -0.000000000000000000, -0.000000000000000000, 1.000000000000000000 ) ) ;
#962 = VECTOR ( 'NONE', #1275, 1000.000000000000000 ) ;
#963 = ADVANCED_FACE ( 'NONE', ( #1241 ), #1107, .F. ) ;
#964 = VECTOR ( 'NONE', #651, 1000.000000000000000 ) ;
#965 = LINE ( 'NONE', #194, #1058 ) ;
#966 = CIRCLE ( 'NONE', #445, 4.500000000000003553 ) ;
#967 = VECTOR ( 'NONE', #1337, 1000.000000000000000 ) ;
#968 = EDGE_LOOP ( 'NONE', ( #891, #864, #1371, #75 ) ) ;
#969 = CARTESIAN_POINT ( 'NONE',  ( -21.00000000000000355, 52.00000000000000711, -3.000000000000000000 ) ) ;
#970 = DIRECTION ( 'NONE',  ( 0.000000000000000000, 0.000000000000000000, -1.000000000000000000 ) ) ;
#971 = EDGE_LOOP ( 'NONE', ( #1015, #600 ) ) ;
#972 = SURFACE_STYLE_FILL_AREA ( #1472 ) ;
#973 = CARTESIAN_POINT ( 'NONE',  ( -18.49999999999999645, -65.00000000000000000, 18.50000000000000711 ) ) ;
#974 = ADVANCED_FACE ( 'NONE', ( #426 ), #997, .F. ) ;
#975 = SURFACE_STYLE_FILL_AREA ( #544 ) ;
#976 = ORIENTED_EDGE ( 'NONE', *, *, #1270, .T. ) ;
#977 = DIRECTION ( 'NONE',  ( 1.000000000000000000, 3.469446951953611033E-15, 0.000000000000000000 ) ) ;
#978 = CARTESIAN_POINT ( 'NONE',  ( -18.50000000000000711, 52.00000000000000711, 18.50000000000000711 ) ) ;
#979 = FACE_BOUND ( 'NONE', #689, .T. ) ;
#980 = CONICAL_SURFACE ( 'NONE', #1093, 3.049999999999997158, 0.7853981633974426169 ) ;
#981 = ORIENTED_EDGE ( 'NONE', *, *, #678, .F. ) ;
#982 = ADVANCED_FACE ( 'NONE', ( #1489 ), #848, .F. ) ;
#983 = CARTESIAN_POINT ( 'NONE',  ( 16.49999999999998934, 52.00000000000000711, -3.000000000000000000 ) ) ;
#984 = CIRCLE ( 'NONE', #752, 2.500000000000005773 ) ;
#985 = CYLINDRICAL_SURFACE ( 'NONE', #407, 1.749999999999999778 ) ;
#986 = DIRECTION ( 'NONE',  ( -7.709882115452470278E-16, 1.000000000000000000, 0.000000000000000000 ) ) ;
#987 = EDGE_CURVE ( 'NONE', #1422, #532, #1213, .T. ) ;
#988 = ORIENTED_EDGE ( 'NONE', *, *, #642, .F. ) ;
#989 = CARTESIAN_POINT ( 'NONE',  ( -18.50000000000000355, -48.99999999999998579, 16.50000000000000711 ) ) ;
#990 = CARTESIAN_POINT ( 'NONE',  ( -18.49999999999999645, -48.99999999999999289, 16.00000000000000000 ) ) ;
#991 = VERTEX_POINT ( 'NONE', #1095 ) ;
#992 = DIRECTION ( 'NONE',  ( 1.000000000000000000, 2.952720810173282604E-15, 0.000000000000000000 ) ) ;
#993 = DIRECTION ( 'NONE',  ( -0.000000000000000000, -1.000000000000000000, -0.000000000000000000 ) ) ;
#994 = AXIS2_PLACEMENT_3D ( 'NONE', #983, #584, #992 ) ;
#995 = EDGE_LOOP ( 'NONE', ( #210, #792, #409, #477 ) ) ;
#996 = DIRECTION ( 'NONE',  ( 1.296989514749014917E-16, -1.000000000000000000, 0.000000000000000000 ) ) ;
#997 = CONICAL_SURFACE ( 'NONE', #254, 2.500000000000002220, 0.7853981633974538301 ) ;
#998 = ORIENTED_EDGE ( 'NONE', *, *, #638, .T. ) ;
#999 = AXIS2_PLACEMENT_3D ( 'NONE', #149, #929, #166 ) ;
#1000 = ADVANCED_FACE ( 'NONE', ( #979, #1634 ), #84, .F. ) ;
#1001 = CARTESIAN_POINT ( 'NONE',  ( -18.85000000000000853, 52.00000000000000711, -2.020710678118652126 ) ) ;
#1002 = ORIENTED_EDGE ( 'NONE', *, *, #1587, .F. ) ;
#1003 = EDGE_CURVE ( 'NONE', #30, #351, #204, .T. ) ;
#1004 = DIRECTION ( 'NONE',  ( 0.000000000000000000, 0.000000000000000000, 1.000000000000000000 ) ) ;
#1005 = FACE_OUTER_BOUND ( 'NONE', #232, .T. ) ;
#1006 = ORIENTED_EDGE ( 'NONE', *, *, #885, .T. ) ;
#1007 = DIRECTION ( 'NONE',  ( -0.000000000000000000, -0.000000000000000000, 1.000000000000000000 ) ) ;
#1008 = ORIENTED_EDGE ( 'NONE', *, *, #344, .T. ) ;
#1009 = LINE ( 'NONE', #706, #1072 ) ;
#1010 = VERTEX_POINT ( 'NONE', #1359 ) ;
#1011 = DIRECTION ( 'NONE',  ( -1.950796091905368889E-32, 1.000000000000000000, -9.727421360617502179E-17 ) ) ;
#1012 = EDGE_CURVE ( 'NONE', #175, #916, #691, .T. ) ;
#1013 = CARTESIAN_POINT ( 'NONE',  ( -19.00000000000000355, -48.99999999999998579, 4.770710678118646797 ) ) ;
#1014 = CARTESIAN_POINT ( 'NONE',  ( 18.50000000000000000, -48.99999999999999289, 16.00000000000000000 ) ) ;
#1015 = ORIENTED_EDGE ( 'NONE', *, *, #612, .T. ) ;
#1016 = AXIS2_PLACEMENT_3D ( 'NONE', #1307, #36, #1617 ) ;
#1017 = VECTOR ( 'NONE', #780, 1000.000000000000000 ) ;
#1018 = ORIENTED_EDGE ( 'NONE', *, *, #394, .F. ) ;
#1019 = FACE_OUTER_BOUND ( 'NONE', #610, .T. ) ;
#1020 = DIRECTION ( 'NONE',  ( -1.000000000000000000, -8.057056076471147522E-17, -0.000000000000000000 ) ) ;
#1021 = DIRECTION ( 'NONE',  ( 1.826024711554533913E-16, -5.920837261397064499E-33, 1.000000000000000000 ) ) ;
#1022 = CARTESIAN_POINT ( 'NONE',  ( -21.00000000000001066, 51.99999999999999289, -3.000000000000000000 ) ) ;
#1023 = EDGE_CURVE ( 'NONE', #669, #546, #59, .T. ) ;
#1024 = PLANE ( 'NONE',  #410 ) ;
#1025 = ORIENTED_EDGE ( 'NONE', *, *, #13, .T. ) ;
#1026 = AXIS2_PLACEMENT_3D ( 'NONE', #581, #446, #829 ) ;
#1027 = DIRECTION ( 'NONE',  ( -0.000000000000000000, -0.000000000000000000, 1.000000000000000000 ) ) ;
#1028 = CARTESIAN_POINT ( 'NONE',  ( 21.00000000000000355, -54.99999999999997868, 16.00000000000000000 ) ) ;
#1029 = DIRECTION ( 'NONE',  ( 0.000000000000000000, 1.000000000000000000, 0.000000000000000000 ) ) ;
#1030 = DIRECTION ( 'NONE',  ( -0.000000000000000000, -0.000000000000000000, 1.000000000000000000 ) ) ;
#1031 =( GEOMETRIC_REPRESENTATION_CONTEXT ( 3 ) GLOBAL_UNCERTAINTY_ASSIGNED_CONTEXT ( ( #1602 ) ) GLOBAL_UNIT_ASSIGNED_CONTEXT ( ( #609, #1541, #1198 ) ) REPRESENTATION_CONTEXT ( 'NONE', 'WORKASPACE' ) );
#1032 = EDGE_CURVE ( 'NONE', #1414, #1225, #1130, .T. ) ;
#1033 = ORIENTED_EDGE ( 'NONE', *, *, #557, .F. ) ;
#1034 = EDGE_LOOP ( 'NONE', ( #507, #381, #892, #1300 ) ) ;
#1035 = DIRECTION ( 'NONE',  ( -1.000000000000000000, -2.102695122396129669E-16, -0.000000000000000000 ) ) ;
#1036 = CARTESIAN_POINT ( 'NONE',  ( 21.00000000000000000, -65.00000000000000000, -3.000000000000000000 ) ) ;
#1037 = ADVANCED_FACE ( 'NONE', ( #471 ), #1390, .F. ) ;
#1038 = VERTEX_POINT ( 'NONE', #1001 ) ;
#1039 = ORIENTED_EDGE ( 'NONE', *, *, #1522, .T. ) ;
#1040 = VECTOR ( 'NONE', #49, 1000.000000000000000 ) ;
#1041 = VERTEX_POINT ( 'NONE', #1526 ) ;
#1042 = DIRECTION ( 'NONE',  ( 1.000000000000000000, 9.727421360617609414E-17, 0.000000000000000000 ) ) ;
#1043 = VECTOR ( 'NONE', #206, 1000.000000000000000 ) ;
#1044 = ORIENTED_EDGE ( 'NONE', *, *, #272, .T. ) ;
#1045 = ORIENTED_EDGE ( 'NONE', *, *, #418, .T. ) ;
#1046 = CARTESIAN_POINT ( 'NONE',  ( -6.418476861114159744E-14, 35.78117606263769801, 18.49999999999994316 ) ) ;
#1047 = ADVANCED_FACE ( 'NONE', ( #341 ), #809, .F. ) ;
#1048 = FACE_OUTER_BOUND ( 'NONE', #1325, .T. ) ;
#1049 = DIRECTION ( 'NONE',  ( -2.517642974628832901E-31, 1.826024711554533913E-16, 1.000000000000000000 ) ) ;
#1050 = DIRECTION ( 'NONE',  ( 1.000000000000000000, 3.083952846180985350E-15, 0.000000000000000000 ) ) ;
#1051 = CARTESIAN_POINT ( 'NONE',  ( -19.00000000000001066, 52.00000000000000711, 16.00000000000000000 ) ) ;
#1052 = ORIENTED_EDGE ( 'NONE', *, *, #671, .T. ) ;
#1053 = ORIENTED_EDGE ( 'NONE', *, *, #1023, .T. ) ;
#1054 = AXIS2_PLACEMENT_3D ( 'NONE', #1553, #744, #1413 ) ;
#1055 = EDGE_CURVE ( 'NONE', #617, #1673, #1336, .T. ) ;
#1056 = CARTESIAN_POINT ( 'NONE',  ( 1.499999999999938494, 35.78117606263769801, 17.99999999999994316 ) ) ;
#1057 = CONICAL_SURFACE ( 'NONE', #525, 2.499999999999995115, 0.7853981633974538301 ) ;
#1058 = VECTOR ( 'NONE', #945, 1000.000000000000000 ) ;
#1059 = EDGE_CURVE ( 'NONE', #574, #89, #32, .T. ) ;
#1060 = CARTESIAN_POINT ( 'NONE',  ( 21.00000000000000355, -65.00000000000000000, 16.00000000000000000 ) ) ;
#1061 = ORIENTED_EDGE ( 'NONE', *, *, #1055, .T. ) ;
#1062 = DIRECTION ( 'NONE',  ( 0.000000000000000000, 0.000000000000000000, -1.000000000000000000 ) ) ;
#1063 = AXIS2_PLACEMENT_3D ( 'NONE', #133, #1029, #260 ) ;
#1064 = DIRECTION ( 'NONE',  ( 0.7071067811865352493, 0.000000000000000000, 0.7071067811865597852 ) ) ;
#1065 = DIRECTION ( 'NONE',  ( 0.000000000000000000, -1.000000000000000000, 0.000000000000000000 ) ) ;
#1066 = CARTESIAN_POINT ( 'NONE',  ( 0.000000000000000000, 0.000000000000000000, 0.000000000000000000 ) ) ;
#1067 = DIRECTION ( 'NONE',  ( 1.296989514749014917E-16, -1.000000000000000000, -0.000000000000000000 ) ) ;
#1068 = VECTOR ( 'NONE', #1510, 1000.000000000000000 ) ;
#1069 = STYLED_ITEM ( 'NONE', ( #1113 ), #1292 ) ;
#1070 = CARTESIAN_POINT ( 'NONE',  ( -16.50000000000001066, 52.00000000000000711, -1.320710678118644843 ) ) ;
#1071 = CARTESIAN_POINT ( 'NONE',  ( -16.50000000000001421, 56.50000000000000000, -3.000000000000000000 ) ) ;
#1072 = VECTOR ( 'NONE', #1240, 1000.000000000000000 ) ;
#1073 = SURFACE_STYLE_USAGE ( .BOTH. , #1119 ) ;
#1074 = ORIENTED_EDGE ( 'NONE', *, *, #1208, .T. ) ;
#1075 = EDGE_CURVE ( 'NONE', #745, #1038, #784, .T. ) ;
#1076 = EDGE_CURVE ( 'NONE', #746, #30, #777, .T. ) ;
#1077 = CARTESIAN_POINT ( 'NONE',  ( 16.50000000000000000, 54.50000000000000711, 4.770710678118653014 ) ) ;
#1078 = CIRCLE ( 'NONE', #18, 0.5000000000000073275 ) ;
#1079 = CARTESIAN_POINT ( 'NONE',  ( -19.49999999999999645, 51.99999999999999289, 4.270710678118670778 ) ) ;
#1080 = ORIENTED_EDGE ( 'NONE', *, *, #941, .T. ) ;
#1081 = PRODUCT_RELATED_PRODUCT_CATEGORY ( 'part', '', ( #1354 ) ) ;
#1082 = ORIENTED_EDGE ( 'NONE', *, *, #1186, .T. ) ;
#1083 = CARTESIAN_POINT ( 'NONE',  ( -19.00000000000001066, 51.99999999999999289, 4.770710678118653014 ) ) ;
#1084 = VECTOR ( 'NONE', #279, 1000.000000000000000 ) ;
#1085 = ADVANCED_FACE ( 'NONE', ( #415 ), #1057, .F. ) ;
#1086 = CARTESIAN_POINT ( 'NONE',  ( -18.85000000000000853, 52.00000000000000711, -3.000000000000000000 ) ) ;
#1087 = DIRECTION ( 'NONE',  ( 0.000000000000000000, -0.000000000000000000, 1.000000000000000000 ) ) ;
#1088 = ORIENTED_EDGE ( 'NONE', *, *, #540, .T. ) ;
#1089 = CARTESIAN_POINT ( 'NONE',  ( 16.49999999999998579, 54.35000000000000853, -3.000000000000000000 ) ) ;
#1090 = DIRECTION ( 'NONE',  ( -0.000000000000000000, -0.000000000000000000, 1.000000000000000000 ) ) ;
#1091 = DIRECTION ( 'NONE',  ( 1.000000000000000000, 0.000000000000000000, -0.000000000000000000 ) ) ;
#1092 = ORIENTED_EDGE ( 'NONE', *, *, #502, .T. ) ;
#1093 = AXIS2_PLACEMENT_3D ( 'NONE', #1070, #550, #1589 ) ;
#1094 = EDGE_CURVE ( 'NONE', #546, #1491, #1185, .T. ) ;
#1095 = CARTESIAN_POINT ( 'NONE',  ( -19.55000000000000782, 52.00000000000000711, 4.220710678118657633 ) ) ;
#1096 = ORIENTED_EDGE ( 'NONE', *, *, #1639, .T. ) ;
#1097 = VECTOR ( 'NONE', #1638, 1000.000000000000000 ) ;
#1098 = PRODUCT_DEFINITION_SHAPE ( 'NONE', 'NONE',  #1411 ) ;
#1099 = DIRECTION ( 'NONE',  ( -1.000000000000000000, -1.296989514749014917E-16, -6.179281435367533488E-16 ) ) ;
#1100 = CARTESIAN_POINT ( 'NONE',  ( -21.00000000000001066, 51.99999999999999289, -3.000000000000000000 ) ) ;
#1101 = ORIENTED_EDGE ( 'NONE', *, *, #1179, .T. ) ;
#1102 = DIRECTION ( 'NONE',  ( -7.709882115452480139E-16, 1.000000000000000000, 0.000000000000000000 ) ) ;
#1103 = EDGE_CURVE ( 'NONE', #770, #399, #1474, .T. ) ;
#1104 = ORIENTED_EDGE ( 'NONE', *, *, #589, .F. ) ;
#1105 = DIRECTION ( 'NONE',  ( 1.000000000000000000, 0.000000000000000000, 0.000000000000000000 ) ) ;
#1106 = AXIS2_PLACEMENT_3D ( 'NONE', #701, #45, #1610 ) ;
#1107 = TOROIDAL_SURFACE ( 'NONE', #1026, 1.999999999999994893, 0.5000000000000073275 ) ;
#1108 = DIRECTION ( 'NONE',  ( 1.000000000000000000, 8.057056076471147522E-17, 0.000000000000000000 ) ) ;
#1109 = ORIENTED_EDGE ( 'NONE', *, *, #460, .F. ) ;
#1110 = DIRECTION ( 'NONE',  ( -0.000000000000000000, -0.000000000000000000, 1.000000000000000000 ) ) ;
#1111 = CARTESIAN_POINT ( 'NONE',  ( -18.49999999999999645, -65.00000000000000000, 16.00000000000000000 ) ) ;
#1112 = ORIENTED_EDGE ( 'NONE', *, *, #1279, .T. ) ;
#1113 = PRESENTATION_STYLE_ASSIGNMENT (( #880 ) ) ;
#1114 = DIRECTION ( 'NONE',  ( 0.7071067811865513475, 0.000000000000000000, 0.7071067811865435759 ) ) ;
#1115 = LINE ( 'NONE', #230, #1535 ) ;
#1116 = DIRECTION ( 'NONE',  ( 0.7071067811865515695, 6.878325607551625514E-17, -0.7071067811865435759 ) ) ;
#1117 = EDGE_CURVE ( 'NONE', #485, #1200, #1455, .T. ) ;
#1118 = CARTESIAN_POINT ( 'NONE',  ( -18.85000000000001208, 51.99999999999999289, -3.000000000000000000 ) ) ;
#1119 = SURFACE_SIDE_STYLE ('',( #975 ) ) ;
#1120 = LINE ( 'NONE', #868, #1202 ) ;
#1121 = DIRECTION ( 'NONE',  ( 1.000000000000000000, 0.000000000000000000, 0.000000000000000000 ) ) ;
#1122 = DIRECTION ( 'NONE',  ( 0.000000000000000000, 0.000000000000000000, -1.000000000000000000 ) ) ;
#1123 = ORIENTED_EDGE ( 'NONE', *, *, #612, .F. ) ;
#1124 = AXIS2_PLACEMENT_3D ( 'NONE', #1056, #1576, #396 ) ;
#1125 = CIRCLE ( 'NONE', #85, 2.500000000000005773 ) ;
#1126 = LINE ( 'NONE', #1652, #923 ) ;
#1127 = ADVANCED_FACE ( 'NONE', ( #294 ), #670, .T. ) ;
#1128 = CARTESIAN_POINT ( 'NONE',  ( -16.50000000000000711, 53.99999999999999289, 16.00000000000000000 ) ) ;
#1129 = ORIENTED_EDGE ( 'NONE', *, *, #411, .T. ) ;
#1130 = LINE ( 'NONE', #1260, #360 ) ;
#1131 = ORIENTED_EDGE ( 'NONE', *, *, #291, .F. ) ;
#1132 = CARTESIAN_POINT ( 'NONE',  ( 20.99999999999998934, 52.00000000000001421, -3.000000000000000000 ) ) ;
#1133 = DIRECTION ( 'NONE',  ( 1.000000000000000000, 0.000000000000000000, 0.000000000000000000 ) ) ;
#1134 = AXIS2_PLACEMENT_3D ( 'NONE', #882, #767, #516 ) ;
#1135 = EDGE_LOOP ( 'NONE', ( #24, #1627, #290, #1481 ) ) ;
#1136 = VECTOR ( 'NONE', #1603, 999.9999999999998863 ) ;
#1137 = EDGE_LOOP ( 'NONE', ( #103, #299 ) ) ;
#1138 = CARTESIAN_POINT ( 'NONE',  ( 16.49999999999998934, 52.00000000000000711, 16.50000000000000711 ) ) ;
#1139 = ORIENTED_EDGE ( 'NONE', *, *, #214, .T. ) ;
#1140 = CARTESIAN_POINT ( 'NONE',  ( -18.84999999999999787, -65.00000000000000000, -3.000000000000000000 ) ) ;
#1141 = DIRECTION ( 'NONE',  ( 9.749278904616524783E-16, -0.7071067811865435759, -0.7071067811865515695 ) ) ;
#1142 = CARTESIAN_POINT ( 'NONE',  ( 16.49999999999998934, 52.00000000000000711, -3.000000000000000000 ) ) ;
#1143 = ORIENTED_EDGE ( 'NONE', *, *, #1190, .T. ) ;
#1144 = ORIENTED_EDGE ( 'NONE', *, *, #740, .F. ) ;
#1145 = DIRECTION ( 'NONE',  ( -0.7071067811865513475, 0.000000000000000000, -0.7071067811865435759 ) ) ;
#1146 = EDGE_CURVE ( 'NONE', #846, #379, #256, .T. ) ;
#1147 = FACE_OUTER_BOUND ( 'NONE', #164, .T. ) ;
#1148 = LINE ( 'NONE', #237, #834 ) ;
#1149 = PLANE ( 'NONE',  #150 ) ;
#1150 = ORIENTED_EDGE ( 'NONE', *, *, #1235, .T. ) ;
#1151 = VERTEX_POINT ( 'NONE', #400 ) ;
#1152 = DIRECTION ( 'NONE',  ( -1.000000000000000000, 0.000000000000000000, 0.000000000000000000 ) ) ;
#1153 = LINE ( 'NONE', #1162, #830 ) ;
#1154 = LINE ( 'NONE', #1036, #66 ) ;
#1155 = EDGE_CURVE ( 'NONE', #1183, #730, #917, .T. ) ;
#1156 = CARTESIAN_POINT ( 'NONE',  ( -18.85000000000001208, 51.99999999999999289, -2.020710678118652126 ) ) ;
#1157 = PLANE ( 'NONE',  #251 ) ;
#1158 = CIRCLE ( 'NONE', #815, 2.000000000000001776 ) ;
#1159 = ORIENTED_EDGE ( 'NONE', *, *, #1094, .F. ) ;
#1160 = CIRCLE ( 'NONE', #1548, 1.499999999999997558 ) ;
#1161 = ORIENTED_EDGE ( 'NONE', *, *, #1556, .F. ) ;
#1162 = CARTESIAN_POINT ( 'NONE',  ( 18.50000000000000000, -54.99999999999997868, 16.50000000000000711 ) ) ;
#1163 = EDGE_CURVE ( 'NONE', #1364, #524, #655, .T. ) ;
#1164 = FACE_OUTER_BOUND ( 'NONE', #776, .T. ) ;
#1165 = DIRECTION ( 'NONE',  ( -1.000000000000000000, -2.102695122396129669E-16, -0.000000000000000000 ) ) ;
#1166 = EDGE_LOOP ( 'NONE', ( #165, #1305, #893, #57 ) ) ;
#1167 = FACE_OUTER_BOUND ( 'NONE', #596, .T. ) ;
#1168 = ORIENTED_EDGE ( 'NONE', *, *, #1284, .T. ) ;
#1169 = ORIENTED_EDGE ( 'NONE', *, *, #568, .F. ) ;
#1170 = ORIENTED_EDGE ( 'NONE', *, *, #950, .T. ) ;
#1171 = VERTEX_POINT ( 'NONE', #793 ) ;
#1172 = CARTESIAN_POINT ( 'NONE',  ( 18.85000000000000142, -65.00000000000000000, -3.000000000000000000 ) ) ;
#1173 = DIRECTION ( 'NONE',  ( -0.000000000000000000, -1.000000000000000000, -0.000000000000000000 ) ) ;
#1174 = FACE_OUTER_BOUND ( 'NONE', #968, .T. ) ;
#1175 = CARTESIAN_POINT ( 'NONE',  ( 19.50000000000000355, -65.00000000000000000, 4.270710678118653014 ) ) ;
#1176 = VERTEX_POINT ( 'NONE', #1326 ) ;
#1177 = VECTOR ( 'NONE', #21, 1000.000000000000000 ) ;
#1178 = ORIENTED_EDGE ( 'NONE', *, *, #178, .T. ) ;
#1179 = EDGE_CURVE ( 'NONE', #1041, #916, #938, .T. ) ;
#1180 = PRESENTATION_LAYER_ASSIGNMENT (  '', '', ( #1069 ) ) ;
#1181 = ORIENTED_EDGE ( 'NONE', *, *, #1216, .F. ) ;
#1182 = LINE ( 'NONE', #521, #443 ) ;
#1183 = VERTEX_POINT ( 'NONE', #1315 ) ;
#1184 = ORIENTED_EDGE ( 'NONE', *, *, #1227, .T. ) ;
#1185 = LINE ( 'NONE', #1572, #816 ) ;
#1186 = EDGE_CURVE ( 'NONE', #1635, #647, #1187, .T. ) ;
#1187 = LINE ( 'NONE', #1203, #101 ) ;
#1188 = CARTESIAN_POINT ( 'NONE',  ( 18.99999999999998934, 52.00000000000001421, 4.770710678118653014 ) ) ;
#1189 = CARTESIAN_POINT ( 'NONE',  ( -16.50000000000000711, 54.50000000000001421, 16.00000000000000000 ) ) ;
#1190 = EDGE_CURVE ( 'NONE', #850, #674, #34, .T. ) ;
#1191 = DIRECTION ( 'NONE',  ( -1.000000000000000000, 0.000000000000000000, -2.005460665869142027E-16 ) ) ;
#1192 = CARTESIAN_POINT ( 'NONE',  ( -16.50000000000000711, 54.50000000000000000, 4.770710678118653014 ) ) ;
#1193 = ORIENTED_EDGE ( 'NONE', *, *, #987, .F. ) ;
#1194 = DIRECTION ( 'NONE',  ( 0.000000000000000000, 0.000000000000000000, -1.000000000000000000 ) ) ;
#1195 = DIRECTION ( 'NONE',  ( -1.137523590804464710E-15, 1.000000000000000000, 0.000000000000000000 ) ) ;
#1196 = CARTESIAN_POINT ( 'NONE',  ( 16.49999999999998934, 52.00000000000000711, -3.000000000000000000 ) ) ;
#1197 = CARTESIAN_POINT ( 'NONE',  ( -16.50000000000001066, 52.00000000000000711, -2.020710678118652126 ) ) ;
#1198 =( NAMED_UNIT ( * ) SI_UNIT ( $, .STERADIAN. ) SOLID_ANGLE_UNIT ( ) );
#1199 = EDGE_CURVE ( 'NONE', #1673, #1010, #1579, .T. ) ;
#1200 = VERTEX_POINT ( 'NONE', #946 ) ;
#1201 = CARTESIAN_POINT ( 'NONE',  ( 18.85000000000000142, -54.99999999999997868, -3.000000000000000000 ) ) ;
#1202 = VECTOR ( 'NONE', #565, 1000.000000000000000 ) ;
#1203 = CARTESIAN_POINT ( 'NONE',  ( -16.50000000000000711, 54.34999999999999432, -3.000000000000000000 ) ) ;
#1204 = AXIS2_PLACEMENT_3D ( 'NONE', #601, #580, #1121 ) ;
#1205 = CARTESIAN_POINT ( 'NONE',  ( 16.50000000000000000, 54.50000000000000711, 4.770710678118653014 ) ) ;
#1206 = EDGE_LOOP ( 'NONE', ( #422, #339, #1002, #1181, #1594, #1061 ) ) ;
#1207 = ADVANCED_FACE ( 'NONE', ( #402 ), #1328, .F. ) ;
#1208 = EDGE_CURVE ( 'NONE', #154, #1635, #1449, .T. ) ;
#1209 = CARTESIAN_POINT ( 'NONE',  ( -18.49999999999999645, -65.00000000000000000, 17.00000000000000355 ) ) ;
#1210 = VECTOR ( 'NONE', #420, 1000.000000000000000 ) ;
#1211 = DIRECTION ( 'NONE',  ( 2.601061455873825733E-32, -1.000000000000000000, -1.296989514749000619E-16 ) ) ;
#1212 = ORIENTED_EDGE ( 'NONE', *, *, #233, .T. ) ;
#1213 = CIRCLE ( 'NONE', #302, 1.999999999999994893 ) ;
#1214 = CARTESIAN_POINT ( 'NONE',  ( 18.50000000000000000, -54.99999999999997868, 18.50000000000000711 ) ) ;
#1215 = VECTOR ( 'NONE', #1345, 1000.000000000000000 ) ;
#1216 = EDGE_CURVE ( 'NONE', #991, #1491, #1457, .T. ) ;
#1217 = ORIENTED_EDGE ( 'NONE', *, *, #898, .F. ) ;
#1218 = LINE ( 'NONE', #541, #186 ) ;
#1219 = CARTESIAN_POINT ( 'NONE',  ( -16.50000000000001066, 52.00000000000000711, 16.50000000000000711 ) ) ;
#1220 = ORIENTED_EDGE ( 'NONE', *, *, #1549, .F. ) ;
#1221 = CARTESIAN_POINT ( 'NONE',  ( 18.50000000000000000, -54.99999999999997868, 16.00000000000000000 ) ) ;
#1222 = CARTESIAN_POINT ( 'NONE',  ( -18.50000000000000711, 52.00000000000000711, 16.50000000000000711 ) ) ;
#1223 = DIRECTION ( 'NONE',  ( 1.000000000000000000, 1.296989514749014917E-16, 1.826024711554533913E-16 ) ) ;
#1224 = ADVANCED_FACE ( 'NONE', ( #155 ), #468, .F. ) ;
#1225 = VERTEX_POINT ( 'NONE', #845 ) ;
#1226 = DIRECTION ( 'NONE',  ( -0.000000000000000000, -1.000000000000000000, -0.000000000000000000 ) ) ;
#1227 = EDGE_CURVE ( 'NONE', #1540, #730, #597, .T. ) ;
#1228 = ORIENTED_EDGE ( 'NONE', *, *, #1321, .T. ) ;
#1229 = CARTESIAN_POINT ( 'NONE',  ( 18.85000000000000142, -54.99999999999997868, -3.000000000000000000 ) ) ;
#1230 = LINE ( 'NONE', #1381, #1588 ) ;
#1231 = EDGE_LOOP ( 'NONE', ( #120, #467, #320, #1641 ) ) ;
#1232 = CARTESIAN_POINT ( 'NONE',  ( -18.49999999999999645, -48.99999999999999289, 16.00000000000000000 ) ) ;
#1233 = AXIS2_PLACEMENT_3D ( 'NONE', #1221, #52, #438 ) ;
#1234 = ORIENTED_EDGE ( 'NONE', *, *, #1235, .F. ) ;
#1235 = EDGE_CURVE ( 'NONE', #574, #850, #1257, .T. ) ;
#1236 = DIRECTION ( 'NONE',  ( 0.000000000000000000, 0.000000000000000000, 1.000000000000000000 ) ) ;
#1237 = AXIS2_PLACEMENT_3D ( 'NONE', #1559, #376, #899 ) ;
#1238 = CIRCLE ( 'NONE', #1490, 2.349999999999997868 ) ;
#1239 = ORIENTED_EDGE ( 'NONE', *, *, #513, .T. ) ;
#1240 = DIRECTION ( 'NONE',  ( 0.7071067811865660024, 0.000000000000000000, -0.7071067811865291430 ) ) ;
#1241 = FACE_OUTER_BOUND ( 'NONE', #1444, .T. ) ;
#1242 = ORIENTED_EDGE ( 'NONE', *, *, #96, .F. ) ;
#1243 = CARTESIAN_POINT ( 'NONE',  ( -6.418476861114159744E-14, 35.78117606263769801, 18.49999999999994316 ) ) ;
#1244 = EDGE_CURVE ( 'NONE', #371, #846, #1230, .T. ) ;
#1245 = CARTESIAN_POINT ( 'NONE',  ( 16.50000000000000000, 54.00000000000000711, 16.50000000000000711 ) ) ;
#1246 = DIRECTION ( 'NONE',  ( -0.000000000000000000, -0.000000000000000000, 1.000000000000000000 ) ) ;
#1247 = EDGE_CURVE ( 'NONE', #730, #770, #431, .T. ) ;
#1248 = ORIENTED_EDGE ( 'NONE', *, *, #1163, .T. ) ;
#1249 = DIRECTION ( 'NONE',  ( 0.000000000000000000, 0.000000000000000000, 1.000000000000000000 ) ) ;
#1250 = DIRECTION ( 'NONE',  ( -1.734723475976811433E-15, 1.000000000000000000, 0.000000000000000000 ) ) ;
#1251 = AXIS2_PLACEMENT_3D ( 'NONE', #296, #681, #1195 ) ;
#1252 = ORIENTED_EDGE ( 'NONE', *, *, #22, .T. ) ;
#1253 = MECHANICAL_DESIGN_GEOMETRIC_PRESENTATION_REPRESENTATION (  '', ( #1069 ), #865 ) ;
#1254 = DIRECTION ( 'NONE',  ( 0.7071067811865513475, 0.000000000000000000, -0.7071067811865435759 ) ) ;
#1255 = CARTESIAN_POINT ( 'NONE',  ( -16.50000000000001066, 52.00000000000000711, 4.770710678118653014 ) ) ;
#1256 = ORIENTED_EDGE ( 'NONE', *, *, #698, .F. ) ;
#1257 = LINE ( 'NONE', #1100, #895 ) ;
#1258 = ORIENTED_EDGE ( 'NONE', *, *, #472, .T. ) ;
#1259 = CARTESIAN_POINT ( 'NONE',  ( 21.00000000000000000, -54.99999999999997868, -3.000000000000000000 ) ) ;
#1260 = CARTESIAN_POINT ( 'NONE',  ( -19.49999999999999645, -65.00000000000000000, 4.270710678118661008 ) ) ;
#1261 = ORIENTED_EDGE ( 'NONE', *, *, #187, .F. ) ;
#1262 = CARTESIAN_POINT ( 'NONE',  ( 18.50000000000000355, -48.99999999999999289, 16.00000000000000000 ) ) ;
#1263 = PLANE ( 'NONE',  #315 ) ;
#1264 = DIRECTION ( 'NONE',  ( -0.000000000000000000, 1.000000000000000000, -0.000000000000000000 ) ) ;
#1265 = AXIS2_PLACEMENT_3D ( 'NONE', #62, #961, #1105 ) ;
#1266 = EDGE_LOOP ( 'NONE', ( #624, #1220, #1045, #1096 ) ) ;
#1267 = DIRECTION ( 'NONE',  ( -2.102695122396129669E-16, 1.000000000000000000, -6.179281435367532502E-16 ) ) ;
#1268 = VECTOR ( 'NONE', #1226, 1000.000000000000000 ) ;
#1269 = AXIS2_PLACEMENT_3D ( 'NONE', #167, #1494, #702 ) ;
#1270 = EDGE_CURVE ( 'NONE', #647, #1171, #715, .T. ) ;
#1271 = VERTEX_POINT ( 'NONE', #208 ) ;
#1272 = CARTESIAN_POINT ( 'NONE',  ( -16.50000000000000711, 54.35000000000000142, -2.020710678118652126 ) ) ;
#1273 = DIRECTION ( 'NONE',  ( 0.000000000000000000, 0.000000000000000000, -1.000000000000000000 ) ) ;
#1274 = DIRECTION ( 'NONE',  ( 1.296989514749014917E-16, -1.000000000000000000, -0.000000000000000000 ) ) ;
#1275 = DIRECTION ( 'NONE',  ( -1.000000000000000000, -2.102695122396129669E-16, -0.000000000000000000 ) ) ;
#1276 = EDGE_LOOP ( 'NONE', ( #1406, #147, #44, #1258 ) ) ;
#1277 = CYLINDRICAL_SURFACE ( 'NONE', #908, 0.5000000000000073275 ) ;
#1278 = ORIENTED_EDGE ( 'NONE', *, *, #91, .T. ) ;
#1279 = EDGE_CURVE ( 'NONE', #1562, #1473, #1314, .T. ) ;
#1280 = EDGE_CURVE ( 'NONE', #524, #310, #984, .T. ) ;
#1281 = LINE ( 'NONE', #1028, #765 ) ;
#1282 = VECTOR ( 'NONE', #162, 1000.000000000000000 ) ;
#1283 = DIRECTION ( 'NONE',  ( 1.000000000000000000, 0.000000000000000000, 0.000000000000000000 ) ) ;
#1284 = EDGE_CURVE ( 'NONE', #12, #935, #1631, .T. ) ;
#1285 = ORIENTED_EDGE ( 'NONE', *, *, #740, .T. ) ;
#1286 = CYLINDRICAL_SURFACE ( 'NONE', #806, 1.749999999999999778 ) ;
#1287 = DIRECTION ( 'NONE',  ( -1.734723475976811433E-15, 1.000000000000000000, 0.000000000000000000 ) ) ;
#1288 = CARTESIAN_POINT ( 'NONE',  ( -16.50000000000000711, 53.99999999999999289, 16.00000000000000000 ) ) ;
#1289 = ADVANCED_FACE ( 'NONE', ( #737 ), #1024, .F. ) ;
#1290 = CARTESIAN_POINT ( 'NONE',  ( -6.418476861114159744E-14, 35.78117606263769801, 18.49999999999994316 ) ) ;
#1291 = ORIENTED_EDGE ( 'NONE', *, *, #941, .F. ) ;
#1292 = MANIFOLD_SOLID_BREP ( 'CBORE for M5 Hex Head Bolt1', #866 ) ;
#1293 = CIRCLE ( 'NONE', #1518, 1.000000000000004441 ) ;
#1294 = ORIENTED_EDGE ( 'NONE', *, *, #632, .F. ) ;
#1295 = AXIS2_PLACEMENT_3D ( 'NONE', #1111, #462, #948 ) ;
#1296 = ORIENTED_EDGE ( 'NONE', *, *, #950, .F. ) ;
#1297 = ORIENTED_EDGE ( 'NONE', *, *, #810, .F. ) ;
#1298 = DIRECTION ( 'NONE',  ( 1.296989514749014917E-16, -1.000000000000000000, -0.000000000000000000 ) ) ;
#1299 = CARTESIAN_POINT ( 'NONE',  ( -18.84999999999999787, -65.00000000000000000, -2.020710678118652126 ) ) ;
#1300 = ORIENTED_EDGE ( 'NONE', *, *, #1075, .T. ) ;
#1301 =( GEOMETRIC_REPRESENTATION_CONTEXT ( 3 ) GLOBAL_UNCERTAINTY_ASSIGNED_CONTEXT ( ( #135 ) ) GLOBAL_UNIT_ASSIGNED_CONTEXT ( ( #1502, #800, #1470 ) ) REPRESENTATION_CONTEXT ( 'NONE', 'WORKASPACE' ) );
#1302 = ORIENTED_EDGE ( 'NONE', *, *, #1647, .T. ) ;
#1303 = CARTESIAN_POINT ( 'NONE',  ( 16.49999999999998579, 54.00000000000000711, 16.50000000000000711 ) ) ;
#1304 = ADVANCED_FACE ( 'NONE', ( #761 ), #904, .F. ) ;
#1305 = ORIENTED_EDGE ( 'NONE', *, *, #13, .F. ) ;
#1306 = CARTESIAN_POINT ( 'NONE',  ( -21.00000000000001421, 51.99999999999999289, 16.00000000000000000 ) ) ;
#1307 = CARTESIAN_POINT ( 'NONE',  ( -18.85000000000001208, 51.99999999999999289, -2.020710678118652126 ) ) ;
#1308 = DIRECTION ( 'NONE',  ( 1.000000000000000000, 0.000000000000000000, -0.000000000000000000 ) ) ;
#1309 = DIRECTION ( 'NONE',  ( 0.000000000000000000, 0.000000000000000000, -1.000000000000000000 ) ) ;
#1310 = DIRECTION ( 'NONE',  ( 1.000000000000000000, 0.000000000000000000, 0.000000000000000000 ) ) ;
#1311 = ORIENTED_EDGE ( 'NONE', *, *, #344, .F. ) ;
#1312 = DIRECTION ( 'NONE',  ( -1.000000000000000000, 0.000000000000000000, 0.000000000000000000 ) ) ;
#1313 = ADVANCED_FACE ( 'NONE', ( #434 ), #1468, .T. ) ;
#1314 = CIRCLE ( 'NONE', #590, 2.500000000000005773 ) ;
#1315 = CARTESIAN_POINT ( 'NONE',  ( 19.54999999999999005, 51.99999999999997868, -1.320710678118644843 ) ) ;
#1316 = CARTESIAN_POINT ( 'NONE',  ( 16.49999999999998579, 54.50000000000000711, 16.00000000000000000 ) ) ;
#1317 = CARTESIAN_POINT ( 'NONE',  ( -6.418476861114159744E-14, 35.78117606263769801, 17.99999999999994316 ) ) ;
#1318 = VERTEX_POINT ( 'NONE', #956 ) ;
#1319 = DIRECTION ( 'NONE',  ( -0.7071067811865435759, 2.292775202517183442E-17, -0.7071067811865515695 ) ) ;
#1320 = VECTOR ( 'NONE', #100, 1000.000000000000000 ) ;
#1321 = EDGE_CURVE ( 'NONE', #517, #1433, #690, .T. ) ;
#1322 = DIRECTION ( 'NONE',  ( 1.000000000000000000, 0.000000000000000000, 0.000000000000000000 ) ) ;
#1323 = CYLINDRICAL_SURFACE ( 'NONE', #1668, 1.499999999999997558 ) ;
#1324 = DIRECTION ( 'NONE',  ( 1.000000000000000000, 1.378756245026667670E-15, 0.000000000000000000 ) ) ;
#1325 = EDGE_LOOP ( 'NONE', ( #653, #1382, #318, #1662 ) ) ;
#1326 = CARTESIAN_POINT ( 'NONE',  ( 16.49999999999998579, 55.05000000000001137, -1.320710678118644843 ) ) ;
#1327 = PLANE ( 'NONE',  #602 ) ;
#1328 = PLANE ( 'NONE',  #1437 ) ;
#1329 = ADVANCED_FACE ( 'NONE', ( #787 ), #1323, .F. ) ;
#1330 = DIRECTION ( 'NONE',  ( 1.000000000000000000, 0.000000000000000000, 0.000000000000000000 ) ) ;
#1331 = DIRECTION ( 'NONE',  ( -0.000000000000000000, -0.000000000000000000, 1.000000000000000000 ) ) ;
#1332 = PLANE ( 'NONE',  #498 ) ;
#1333 = ORIENTED_EDGE ( 'NONE', *, *, #1480, .T. ) ;
#1334 = EDGE_CURVE ( 'NONE', #1038, #1496, #667, .T. ) ;
#1335 = VERTEX_POINT ( 'NONE', #989 ) ;
#1336 = LINE ( 'NONE', #1083, #907 ) ;
#1337 = DIRECTION ( 'NONE',  ( 1.000000000000000000, 0.000000000000000000, 0.000000000000000000 ) ) ;
#1338 = AXIS2_PLACEMENT_3D ( 'NONE', #1071, #1591, #535 ) ;
#1339 = CARTESIAN_POINT ( 'NONE',  ( -19.50000000000000000, -48.99999999999998579, 4.270710678118653902 ) ) ;
#1340 = CARTESIAN_POINT ( 'NONE',  ( 18.84999999999999076, 51.99999999999997868, -3.000000000000000000 ) ) ;
#1341 = ORIENTED_EDGE ( 'NONE', *, *, #754, .T. ) ;
#1342 = DIRECTION ( 'NONE',  ( 0.000000000000000000, 0.000000000000000000, 1.000000000000000000 ) ) ;
#1343 = ADVANCED_FACE ( 'NONE', ( #697 ), #828, .T. ) ;
#1344 = FACE_OUTER_BOUND ( 'NONE', #608, .T. ) ;
#1345 = DIRECTION ( 'NONE',  ( -6.179281435367533488E-16, 0.000000000000000000, 1.000000000000000000 ) ) ;
#1346 = DIRECTION ( 'NONE',  ( -5.697198988073058240E-17, 0.7071067811865513475, -0.7071067811865435759 ) ) ;
#1347 = CIRCLE ( 'NONE', #359, 2.499999999999995115 ) ;
#1348 = DIRECTION ( 'NONE',  ( -1.387778780781444492E-15, 1.000000000000000000, 0.000000000000000000 ) ) ;
#1349 = VERTEX_POINT ( 'NONE', #1664 ) ;
#1350 = EDGE_LOOP ( 'NONE', ( #643, #5, #459, #1025 ) ) ;
#1351 = CARTESIAN_POINT ( 'NONE',  ( 20.99999999999999289, 51.99999999999997868, 16.00000000000000000 ) ) ;
#1352 = VECTOR ( 'NONE', #1319, 999.9999999999998863 ) ;
#1353 = ADVANCED_FACE ( 'NONE', ( #1400 ), #224, .F. ) ;
#1354 = PRODUCT ( 'Brewtools CAN controller box lid', 'Brewtools CAN controller box lid', '', ( #1599 ) ) ;
#1355 = CARTESIAN_POINT ( 'NONE',  ( 18.84999999999999076, 52.00000000000001421, -3.000000000000000000 ) ) ;
#1356 = EDGE_CURVE ( 'NONE', #1496, #574, #461, .T. ) ;
#1357 = ORIENTED_EDGE ( 'NONE', *, *, #844, .T. ) ;
#1358 = CARTESIAN_POINT ( 'NONE',  ( 19.50000000000000711, -65.00000000000000000, 16.00000000000000000 ) ) ;
#1359 = CARTESIAN_POINT ( 'NONE',  ( -19.00000000000000355, -48.99999999999998579, 16.00000000000000000 ) ) ;
#1360 = ORIENTED_EDGE ( 'NONE', *, *, #1456, .T. ) ;
#1361 = ORIENTED_EDGE ( 'NONE', *, *, #1513, .F. ) ;
#1362 = DIRECTION ( 'NONE',  ( -6.179281435367533488E-16, 0.000000000000000000, 1.000000000000000000 ) ) ;
#1363 = EDGE_CURVE ( 'NONE', #517, #1655, #835, .T. ) ;
#1364 = VERTEX_POINT ( 'NONE', #978 ) ;
#1365 = CARTESIAN_POINT ( 'NONE',  ( 16.49999999999998934, 52.00000000000000711, 4.770710678118653014 ) ) ;
#1366 = ORIENTED_EDGE ( 'NONE', *, *, #124, .F. ) ;
#1367 = ORIENTED_EDGE ( 'NONE', *, *, #394, .T. ) ;
#1368 = CARTESIAN_POINT ( 'NONE',  ( -6.418476861114159744E-14, 35.78117606263769801, 16.50000000000000711 ) ) ;
#1369 = DIRECTION ( 'NONE',  ( -0.7071067811865435759, 0.000000000000000000, -0.7071067811865515695 ) ) ;
#1370 = CARTESIAN_POINT ( 'NONE',  ( -18.49999999999999645, -65.00000000000000000, 16.00000000000000000 ) ) ;
#1371 = ORIENTED_EDGE ( 'NONE', *, *, #368, .T. ) ;
#1372 = EDGE_CURVE ( 'NONE', #567, #1200, #1125, .T. ) ;
#1373 = DIRECTION ( 'NONE',  ( 0.000000000000000000, 0.000000000000000000, -1.000000000000000000 ) ) ;
#1374 = AXIS2_PLACEMENT_3D ( 'NONE', #236, #352, #732 ) ;
#1375 = ORIENTED_EDGE ( 'NONE', *, *, #885, .F. ) ;
#1376 = EDGE_CURVE ( 'NONE', #38, #560, #611, .T. ) ;
#1377 = CARTESIAN_POINT ( 'NONE',  ( -19.00000000000001066, 51.99999999999999289, 4.770710678118653014 ) ) ;
#1378 = CARTESIAN_POINT ( 'NONE',  ( -16.50000000000000711, 55.05000000000001137, -1.320710678118644843 ) ) ;
#1379 = CARTESIAN_POINT ( 'NONE',  ( 18.50000000000000355, -48.99999999999999289, 17.00000000000000355 ) ) ;
#1380 = VECTOR ( 'NONE', #724, 1000.000000000000000 ) ;
#1381 = CARTESIAN_POINT ( 'NONE',  ( 19.55000000000000071, -54.99999999999997868, 4.220710678118657633 ) ) ;
#1382 = ORIENTED_EDGE ( 'NONE', *, *, #214, .F. ) ;
#1383 = DIRECTION ( 'NONE',  ( -0.000000000000000000, -0.000000000000000000, 1.000000000000000000 ) ) ;
#1384 = EDGE_LOOP ( 'NONE', ( #292, #1609, #1008, #582 ) ) ;
#1385 = DIRECTION ( 'NONE',  ( -0.000000000000000000, -0.000000000000000000, 1.000000000000000000 ) ) ;
#1386 = EDGE_CURVE ( 'NONE', #916, #1514, #11, .T. ) ;
#1387 = DIRECTION ( 'NONE',  ( -9.727421360617610647E-17, 1.000000000000000000, -0.000000000000000000 ) ) ;
#1388 = DIRECTION ( 'NONE',  ( 0.000000000000000000, -0.000000000000000000, 1.000000000000000000 ) ) ;
#1389 = ORIENTED_EDGE ( 'NONE', *, *, #1681, .T. ) ;
#1390 = PLANE ( 'NONE',  #1682 ) ;
#1391 = CIRCLE ( 'NONE', #428, 1.499999999999997558 ) ;
#1392 = ORIENTED_EDGE ( 'NONE', *, *, #272, .F. ) ;
#1393 = AXIS2_PLACEMENT_3D ( 'NONE', #520, #374, #897 ) ;
#1394 = DIRECTION ( 'NONE',  ( -0.000000000000000000, 0.000000000000000000, 1.000000000000000000 ) ) ;
#1395 = CARTESIAN_POINT ( 'NONE',  ( 18.50000000000000355, -48.99999999999999289, 17.00000000000000355 ) ) ;
#1396 = CARTESIAN_POINT ( 'NONE',  ( 18.49999999999998934, 52.00000000000001421, 16.00000000000000000 ) ) ;
#1397 = EDGE_CURVE ( 'NONE', #261, #371, #1009, .T. ) ;
#1398 = ORIENTED_EDGE ( 'NONE', *, *, #1549, .T. ) ;
#1399 = ORIENTED_EDGE ( 'NONE', *, *, #1284, .F. ) ;
#1400 = FACE_OUTER_BOUND ( 'NONE', #432, .T. ) ;
#1401 = DIRECTION ( 'NONE',  ( 1.000000000000000000, 0.000000000000000000, 0.000000000000000000 ) ) ;
#1402 = DIRECTION ( 'NONE',  ( 0.7071067811865513475, 0.000000000000000000, 0.7071067811865435759 ) ) ;
#1403 = DIRECTION ( 'NONE',  ( 0.000000000000000000, 0.000000000000000000, -1.000000000000000000 ) ) ;
#1404 = VECTOR ( 'NONE', #205, 1000.000000000000000 ) ;
#1405 = EDGE_CURVE ( 'NONE', #1643, #136, #1633, .T. ) ;
#1406 = ORIENTED_EDGE ( 'NONE', *, *, #1199, .F. ) ;
#1407 = AXIS2_PLACEMENT_3D ( 'NONE', #137, #913, #423 ) ;
#1408 = ADVANCED_FACE ( 'NONE', ( #395 ), #918, .T. ) ;
#1409 = SURFACE_SIDE_STYLE ('',( #972 ) ) ;
#1410 = LINE ( 'NONE', #552, #1210 ) ;
#1411 = PRODUCT_DEFINITION ( 'UNKNOWN', '', #46, #928 ) ;
#1412 = LINE ( 'NONE', #733, #1068 ) ;
#1413 = DIRECTION ( 'NONE',  ( 1.000000000000000000, 0.000000000000000000, 0.000000000000000000 ) ) ;
#1414 = VERTEX_POINT ( 'NONE', #265 ) ;
#1415 = CARTESIAN_POINT ( 'NONE',  ( 16.50000000000000000, 54.00000000000000711, 18.50000000000000711 ) ) ;
#1416 = CARTESIAN_POINT ( 'NONE',  ( -16.50000000000000711, 54.00000000000000000, 16.50000000000000711 ) ) ;
#1417 = ADVANCED_FACE ( 'NONE', ( #644 ), #888, .F. ) ;
#1418 = FACE_OUTER_BOUND ( 'NONE', #447, .T. ) ;
#1419 = VECTOR ( 'NONE', #189, 1000.000000000000000 ) ;
#1420 = DIRECTION ( 'NONE',  ( 6.179281435367532502E-16, 0.000000000000000000, -1.000000000000000000 ) ) ;
#1421 = EDGE_LOOP ( 'NONE', ( #1648, #700, #1212, #591 ) ) ;
#1422 = VERTEX_POINT ( 'NONE', #1416 ) ;
#1423 = DIRECTION ( 'NONE',  ( 0.000000000000000000, 6.179281435367532502E-16, 1.000000000000000000 ) ) ;
#1424 = ORIENTED_EDGE ( 'NONE', *, *, #1569, .F. ) ;
#1425 = ORIENTED_EDGE ( 'NONE', *, *, #1397, .T. ) ;
#1426 = ADVANCED_FACE ( 'NONE', ( #1019 ), #6, .F. ) ;
#1427 = FACE_BOUND ( 'NONE', #298, .T. ) ;
#1428 = FACE_OUTER_BOUND ( 'NONE', #138, .T. ) ;
#1429 = CARTESIAN_POINT ( 'NONE',  ( 16.49999999999998934, 52.00000000000000711, 16.00000000000000000 ) ) ;
#1430 = DIRECTION ( 'NONE',  ( -0.000000000000000000, -0.000000000000000000, 1.000000000000000000 ) ) ;
#1431 = ORIENTED_EDGE ( 'NONE', *, *, #698, .T. ) ;
#1432 = AXIS2_PLACEMENT_3D ( 'NONE', #1205, #1469, #1577 ) ;
#1433 = VERTEX_POINT ( 'NONE', #519 ) ;
#1434 = ORIENTED_EDGE ( 'NONE', *, *, #502, .F. ) ;
#1435 = DIRECTION ( 'NONE',  ( 1.000000000000000000, 0.000000000000000000, 0.000000000000000000 ) ) ;
#1436 = DIRECTION ( 'NONE',  ( -0.000000000000000000, -0.000000000000000000, 1.000000000000000000 ) ) ;
#1437 = AXIS2_PLACEMENT_3D ( 'NONE', #170, #1477, #1091 ) ;
#1438 = CARTESIAN_POINT ( 'NONE',  ( -18.49999999999999645, -65.00000000000000000, 16.00000000000000000 ) ) ;
#1439 = VECTOR ( 'NONE', #1570, 1000.000000000000000 ) ;
#1440 = ORIENTED_EDGE ( 'NONE', *, *, #88, .T. ) ;
#1441 = CARTESIAN_POINT ( 'NONE',  ( 18.50000000000000355, -48.99999999999999289, 16.00000000000000000 ) ) ;
#1442 = DIRECTION ( 'NONE',  ( -6.179281435367531516E-16, 0.000000000000000000, -1.000000000000000000 ) ) ;
#1443 = CYLINDRICAL_SURFACE ( 'NONE', #658, 1.499999999999997558 ) ;
#1444 = EDGE_LOOP ( 'NONE', ( #342, #988, #378, #1431 ) ) ;
#1445 = CARTESIAN_POINT ( 'NONE',  ( -16.50000000000001066, 52.00000000000000711, 4.770710678118653014 ) ) ;
#1446 = VECTOR ( 'NONE', #1675, 1000.000000000000000 ) ;
#1447 = EDGE_CURVE ( 'NONE', #1151, #90, #1153, .T. ) ;
#1448 = VECTOR ( 'NONE', #195, 1000.000000000000000 ) ;
#1449 = LINE ( 'NONE', #26, #818 ) ;
#1450 = LINE ( 'NONE', #273, #140 ) ;
#1451 = CARTESIAN_POINT ( 'NONE',  ( 1.749999999999935607, 35.78117606263769801, 18.49999999999994316 ) ) ;
#1452 = CARTESIAN_POINT ( 'NONE',  ( 16.49999999999998934, 52.00000000000000711, -3.000000000000000000 ) ) ;
#1453 = CARTESIAN_POINT ( 'NONE',  ( 19.55000000000000071, -54.99999999999997868, -1.320710678118644843 ) ) ;
#1454 = EDGE_LOOP ( 'NONE', ( #389, #1161, #246, #1367 ) ) ;
#1455 = LINE ( 'NONE', #1214, #526 ) ;
#1456 = EDGE_CURVE ( 'NONE', #1473, #1364, #645, .T. ) ;
#1457 = LINE ( 'NONE', #282, #231 ) ;
#1458 = AXIS2_PLACEMENT_3D ( 'NONE', #497, #639, #8 ) ;
#1459 = CIRCLE ( 'NONE', #1679, 2.500000000000005773 ) ;
#1460 = CARTESIAN_POINT ( 'NONE',  ( 16.50000000000000000, 54.35000000000000853, -2.020710678118652126 ) ) ;
#1461 = DIRECTION ( 'NONE',  ( -0.000000000000000000, -0.000000000000000000, 1.000000000000000000 ) ) ;
#1462 = CARTESIAN_POINT ( 'NONE',  ( -16.50000000000001066, 52.00000000000000711, -1.320710678118644843 ) ) ;
#1463 = DIRECTION ( 'NONE',  ( -1.000000000000000000, 0.000000000000000000, 0.000000000000000000 ) ) ;
#1464 = ORIENTED_EDGE ( 'NONE', *, *, #1405, .T. ) ;
#1465 = VECTOR ( 'NONE', #1152, 1000.000000000000000 ) ;
#1466 = EDGE_CURVE ( 'NONE', #202, #1171, #1686, .T. ) ;
#1467 = LINE ( 'NONE', #289, #1476 ) ;
#1468 = CYLINDRICAL_SURFACE ( 'NONE', #515, 2.500000000000005773 ) ;
#1469 = DIRECTION ( 'NONE',  ( -1.486829979814172668E-16, 0.7071067811865436870, 0.7071067811865514585 ) ) ;
#1470 =( NAMED_UNIT ( * ) SI_UNIT ( $, .STERADIAN. ) SOLID_ANGLE_UNIT ( ) );
#1471 = ORIENTED_EDGE ( 'NONE', *, *, #368, .F. ) ;
#1472 = FILL_AREA_STYLE ('',( #531 ) ) ;
#1473 = VERTEX_POINT ( 'NONE', #1558 ) ;
#1474 = LINE ( 'NONE', #539, #229 ) ;
#1475 = CARTESIAN_POINT ( 'NONE',  ( -19.00000000000001421, 52.00000000000000711, 16.00000000000000000 ) ) ;
#1476 = VECTOR ( 'NONE', #1064, 1000.000000000000000 ) ;
#1477 = DIRECTION ( 'NONE',  ( 0.000000000000000000, 0.000000000000000000, 1.000000000000000000 ) ) ;
#1478 = LINE ( 'NONE', #433, #55 ) ;
#1479 = CARTESIAN_POINT ( 'NONE',  ( 16.50000000000000000, 55.05000000000001847, 4.220710678118657633 ) ) ;
#1480 = EDGE_CURVE ( 'NONE', #89, #310, #764, .T. ) ;
#1481 = ORIENTED_EDGE ( 'NONE', *, *, #1103, .T. ) ;
#1482 = CARTESIAN_POINT ( 'NONE',  ( 19.00000000000000711, -54.99999999999997868, 16.00000000000000000 ) ) ;
#1483 = EDGE_CURVE ( 'NONE', #560, #510, #1560, .T. ) ;
#1484 = PLANE ( 'NONE',  #99 ) ;
#1485 = ORIENTED_EDGE ( 'NONE', *, *, #1376, .F. ) ;
#1486 = ORIENTED_EDGE ( 'NONE', *, *, #143, .F. ) ;
#1487 = LINE ( 'NONE', #796, #215 ) ;
#1488 = VECTOR ( 'NONE', #123, 1000.000000000000000 ) ;
#1489 = FACE_OUTER_BOUND ( 'NONE', #331, .T. ) ;
#1490 = AXIS2_PLACEMENT_3D ( 'NONE', #1197, #668, #386 ) ;
#1491 = VERTEX_POINT ( 'NONE', #283 ) ;
#1492 = CARTESIAN_POINT ( 'NONE',  ( -18.49999999999999645, -48.99999999999999289, 17.00000000000000355 ) ) ;
#1493 = AXIS2_PLACEMENT_3D ( 'NONE', #180, #812, #1348 ) ;
#1494 = DIRECTION ( 'NONE',  ( -2.102695122396129669E-16, 1.000000000000000000, 0.000000000000000000 ) ) ;
#1495 = EDGE_CURVE ( 'NONE', #1271, #1635, #1605, .T. ) ;
#1496 = VERTEX_POINT ( 'NONE', #1086 ) ;
#1497 = DIRECTION ( 'NONE',  ( 1.000000000000000000, 0.000000000000000000, 0.000000000000000000 ) ) ;
#1498 = CARTESIAN_POINT ( 'NONE',  ( 18.50000000000000355, -65.00000000000000000, 17.00000000000000355 ) ) ;
#1499 = ORIENTED_EDGE ( 'NONE', *, *, #1032, .F. ) ;
#1500 = DIRECTION ( 'NONE',  ( -0.000000000000000000, -0.000000000000000000, 1.000000000000000000 ) ) ;
#1501 = EDGE_CURVE ( 'NONE', #1514, #261, #1597, .T. ) ;
#1502 =( LENGTH_UNIT ( ) NAMED_UNIT ( * ) SI_UNIT ( .MILLI., .METRE. ) );
#1503 = ORIENTED_EDGE ( 'NONE', *, *, #372, .T. ) ;
#1504 = DIRECTION ( 'NONE',  ( -3.242473786872538526E-17, -1.000000000000000000, 0.000000000000000000 ) ) ;
#1505 = ADVANCED_BREP_SHAPE_REPRESENTATION ( 'Brewtools CAN controller box lid', ( #1292, #553 ), #1031 ) ;
#1506 = DIRECTION ( 'NONE',  ( 0.000000000000000000, 0.000000000000000000, -1.000000000000000000 ) ) ;
#1507 = ORIENTED_EDGE ( 'NONE', *, *, #874, .T. ) ;
#1508 = EDGE_LOOP ( 'NONE', ( #1561, #680, #1129, #1033 ) ) ;
#1509 = DIRECTION ( 'NONE',  ( -0.000000000000000000, 0.000000000000000000, -1.000000000000000000 ) ) ;
#1510 = DIRECTION ( 'NONE',  ( 2.005460665869142027E-16, 0.000000000000000000, 1.000000000000000000 ) ) ;
#1511 = DIRECTION ( 'NONE',  ( -0.000000000000000000, -0.000000000000000000, 1.000000000000000000 ) ) ;
#1512 = DIRECTION ( 'NONE',  ( -8.057056076471147522E-17, 1.000000000000000000, -0.000000000000000000 ) ) ;
#1513 = EDGE_CURVE ( 'NONE', #1183, #1176, #113, .T. ) ;
#1514 = VERTEX_POINT ( 'NONE', #1358 ) ;
#1515 = DIRECTION ( 'NONE',  ( -1.000000000000000000, -0.000000000000000000, -0.000000000000000000 ) ) ;
#1516 = DIRECTION ( 'NONE',  ( -1.000000000000000000, 0.000000000000000000, 0.000000000000000000 ) ) ;
#1517 = EDGE_CURVE ( 'NONE', #838, #1550, #1218, .T. ) ;
#1518 = AXIS2_PLACEMENT_3D ( 'NONE', #1262, #227, #1273 ) ;
#1519 = ORIENTED_EDGE ( 'NONE', *, *, #168, .F. ) ;
#1520 = DIRECTION ( 'NONE',  ( -1.476360405086645641E-15, 1.000000000000000000, 0.000000000000000000 ) ) ;
#1521 = VECTOR ( 'NONE', #452, 1000.000000000000000 ) ;
#1522 = EDGE_CURVE ( 'NONE', #371, #181, #1616, .T. ) ;
#1523 = EDGE_LOOP ( 'NONE', ( #981, #218, #1006, #1088 ) ) ;
#1524 = ORIENTED_EDGE ( 'NONE', *, *, #191, .F. ) ;
#1525 = DIRECTION ( 'NONE',  ( -0.000000000000000000, -0.000000000000000000, 1.000000000000000000 ) ) ;
#1526 = CARTESIAN_POINT ( 'NONE',  ( -18.49999999999999645, -65.00000000000000000, 17.00000000000000355 ) ) ;
#1527 = ORIENTED_EDGE ( 'NONE', *, *, #851, .F. ) ;
#1528 = EDGE_CURVE ( 'NONE', #1318, #991, #779, .T. ) ;
#1529 = DIRECTION ( 'NONE',  ( 1.296989514749014917E-16, -1.000000000000000000, 0.000000000000000000 ) ) ;
#1530 = DIRECTION ( 'NONE',  ( 0.000000000000000000, 0.7071067811865435759, 0.7071067811865515695 ) ) ;
#1531 = EDGE_LOOP ( 'NONE', ( #910, #1252, #1239, #346 ) ) ;
#1532 = ORIENTED_EDGE ( 'NONE', *, *, #1501, .F. ) ;
#1533 = VECTOR ( 'NONE', #1035, 1000.000000000000000 ) ;
#1534 = ORIENTED_EDGE ( 'NONE', *, *, #1280, .F. ) ;
#1535 = VECTOR ( 'NONE', #595, 1000.000000000000000 ) ;
#1536 = LINE ( 'NONE', #619, #301 ) ;
#1537 = EDGE_CURVE ( 'NONE', #379, #1176, #1478, .T. ) ;
#1538 = CARTESIAN_POINT ( 'NONE',  ( 19.50000000000000711, -48.99999999999999289, 16.00000000000000000 ) ) ;
#1539 = DIRECTION ( 'NONE',  ( -0.000000000000000000, -0.000000000000000000, 1.000000000000000000 ) ) ;
#1540 = VERTEX_POINT ( 'NONE', #27 ) ;
#1541 =( NAMED_UNIT ( * ) PLANE_ANGLE_UNIT ( ) SI_UNIT ( $, .RADIAN. ) );
#1542 = ORIENTED_EDGE ( 'NONE', *, *, #252, .F. ) ;
#1543 = CARTESIAN_POINT ( 'NONE',  ( -1.500000000000066835, 35.78117606263769801, 17.99999999999994316 ) ) ;
#1544 = CARTESIAN_POINT ( 'NONE',  ( -16.50000000000001066, 52.00000000000000711, -3.000000000000000000 ) ) ;
#1545 = DIRECTION ( 'NONE',  ( -9.727421360617610647E-17, 1.000000000000000000, -0.000000000000000000 ) ) ;
#1546 = CARTESIAN_POINT ( 'NONE',  ( -21.00000000000001421, 52.00000000000000711, 16.00000000000000000 ) ) ;
#1547 = CARTESIAN_POINT ( 'NONE',  ( 18.50000000000000000, -48.99999999999999289, 16.50000000000000711 ) ) ;
#1548 = AXIS2_PLACEMENT_3D ( 'NONE', #1368, #1236, #70 ) ;
#1549 = EDGE_CURVE ( 'NONE', #238, #1318, #1487, .T. ) ;
#1550 = VERTEX_POINT ( 'NONE', #1339 ) ;
#1551 = CARTESIAN_POINT ( 'NONE',  ( -19.00000000000000355, 52.00000000000000711, 4.770710678118653014 ) ) ;
#1552 = LINE ( 'NONE', #628, #1488 ) ;
#1553 = CARTESIAN_POINT ( 'NONE',  ( -18.50000000000001066, 51.99999999999999289, 16.00000000000000000 ) ) ;
#1554 = ORIENTED_EDGE ( 'NONE', *, *, #418, .F. ) ;
#1555 = CARTESIAN_POINT ( 'NONE',  ( 16.50000000000000000, 54.50000000000002132, 16.00000000000000000 ) ) ;
#1556 = EDGE_CURVE ( 'NONE', #560, #846, #1580, .T. ) ;
#1557 = ORIENTED_EDGE ( 'NONE', *, *, #1658, .F. ) ;
#1558 = CARTESIAN_POINT ( 'NONE',  ( -16.50000000000000711, 54.00000000000000000, 18.50000000000000711 ) ) ;
#1559 = CARTESIAN_POINT ( 'NONE',  ( -16.50000000000001066, 52.00000000000000711, 16.00000000000000000 ) ) ;
#1560 = CIRCLE ( 'NONE', #80, 2.500000000000002220 ) ;
#1561 = ORIENTED_EDGE ( 'NONE', *, *, #481, .F. ) ;
#1562 = VERTEX_POINT ( 'NONE', #35 ) ;
#1563 = ORIENTED_EDGE ( 'NONE', *, *, #263, .T. ) ;
#1564 = ORIENTED_EDGE ( 'NONE', *, *, #754, .F. ) ;
#1565 = EDGE_LOOP ( 'NONE', ( #427, #641, #704, #1434, #1193, #1519 ) ) ;
#1566 = DIRECTION ( 'NONE',  ( -0.000000000000000000, -0.000000000000000000, 1.000000000000000000 ) ) ;
#1567 = CARTESIAN_POINT ( 'NONE',  ( 16.50000000000000000, 56.50000000000000711, -3.000000000000000000 ) ) ;
#1568 = CARTESIAN_POINT ( 'NONE',  ( -16.50000000000001066, 52.00000000000000711, -3.000000000000000000 ) ) ;
#1569 = EDGE_CURVE ( 'NONE', #510, #238, #403, .T. ) ;
#1570 = DIRECTION ( 'NONE',  ( 1.296989514749014917E-16, -1.000000000000000000, -0.000000000000000000 ) ) ;
#1571 = EDGE_LOOP ( 'NONE', ( #1357, #53, #953, #86 ) ) ;
#1572 = CARTESIAN_POINT ( 'NONE',  ( -19.54999999999999716, -65.00000000000000000, -1.320710678118644843 ) ) ;
#1573 = VECTOR ( 'NONE', #1621, 1000.000000000000000 ) ;
#1574 = ORIENTED_EDGE ( 'NONE', *, *, #460, .T. ) ;
#1575 = FACE_OUTER_BOUND ( 'NONE', #736, .T. ) ;
#1576 = DIRECTION ( 'NONE',  ( 0.000000000000000000, 0.000000000000000000, -1.000000000000000000 ) ) ;
#1577 = DIRECTION ( 'NONE',  ( 0.000000000000000000, -0.7071067811865513475, 0.7071067811865435759 ) ) ;
#1578 = DIRECTION ( 'NONE',  ( 1.000000000000000000, 2.275047181608924291E-15, 0.000000000000000000 ) ) ;
#1579 = LINE ( 'NONE', #549, #1215 ) ;
#1580 = LINE ( 'NONE', #1188, #1612 ) ;
#1581 = FACE_OUTER_BOUND ( 'NONE', #182, .T. ) ;
#1582 = DIRECTION ( 'NONE',  ( 0.000000000000000000, -0.000000000000000000, -1.000000000000000000 ) ) ;
#1583 = DIRECTION ( 'NONE',  ( 0.000000000000000000, 0.000000000000000000, 1.000000000000000000 ) ) ;
#1584 = VERTEX_POINT ( 'NONE', #786 ) ;
#1585 = EDGE_CURVE ( 'NONE', #399, #202, #749, .T. ) ;
#1586 = FACE_OUTER_BOUND ( 'NONE', #255, .T. ) ;
#1587 = EDGE_CURVE ( 'NONE', #1491, #1414, #1467, .T. ) ;
#1588 = VECTOR ( 'NONE', #572, 1000.000000000000000 ) ;
#1589 = DIRECTION ( 'NONE',  ( 1.000000000000000000, 0.000000000000000000, 0.000000000000000000 ) ) ;
#1590 = CARTESIAN_POINT ( 'NONE',  ( -6.418476861114159744E-14, 35.78117606263769801, 18.49999999999994316 ) ) ;
#1591 = DIRECTION ( 'NONE',  ( 0.000000000000000000, -0.000000000000000000, 1.000000000000000000 ) ) ;
#1592 = EDGE_CURVE ( 'NONE', #234, #12, #1391, .T. ) ;
#1593 = FACE_OUTER_BOUND ( 'NONE', #855, .T. ) ;
#1594 = ORIENTED_EDGE ( 'NONE', *, *, #1639, .F. ) ;
#1595 = CIRCLE ( 'NONE', #196, 0.5000000000000073275 ) ;
#1596 = EDGE_CURVE ( 'NONE', #181, #1540, #1450, .T. ) ;
#1597 = LINE ( 'NONE', #955, #1177 ) ;
#1598 = VECTOR ( 'NONE', #109, 1000.000000000000114 ) ;
#1599 = PRODUCT_CONTEXT ( 'NONE', #930, 'mechanical' ) ;
#1600 = ORIENTED_EDGE ( 'NONE', *, *, #540, .F. ) ;
#1601 = ORIENTED_EDGE ( 'NONE', *, *, #1356, .F. ) ;
#1602 = UNCERTAINTY_MEASURE_WITH_UNIT (LENGTH_MEASURE( 1.000000000000000082E-05 ), #609, 'distance_accuracy_value', 'NONE');
#1603 = DIRECTION ( 'NONE',  ( 0.7071067811865435759, 0.000000000000000000, -0.7071067811865515695 ) ) ;
#1604 = ADVANCED_FACE ( 'NONE', ( #534 ), #980, .F. ) ;
#1605 = LINE ( 'NONE', #1460, #803 ) ;
#1606 = DIRECTION ( 'NONE',  ( 3.469446951953611033E-15, 3.374877238996321366E-31, -1.000000000000000000 ) ) ;
#1607 = EDGE_CURVE ( 'NONE', #136, #399, #412, .T. ) ;
#1608 = ORIENTED_EDGE ( 'NONE', *, *, #4, .F. ) ;
#1609 = ORIENTED_EDGE ( 'NONE', *, *, #1075, .F. ) ;
#1610 = DIRECTION ( 'NONE',  ( 1.000000000000000000, 0.000000000000000000, 0.000000000000000000 ) ) ;
#1611 = CARTESIAN_POINT ( 'NONE',  ( 19.55000000000000071, -65.00000000000000000, 4.220710678118657633 ) ) ;
#1612 = VECTOR ( 'NONE', #666, 1000.000000000000114 ) ;
#1613 = AXIS2_PLACEMENT_3D ( 'NONE', #1462, #1331, #932 ) ;
#1614 = AXIS2_PLACEMENT_3D ( 'NONE', #335, #475, #1004 ) ;
#1615 = EDGE_LOOP ( 'NONE', ( #1471, #1217, #364, #451 ) ) ;
#1616 = LINE ( 'NONE', #156, #1040 ) ;
#1617 = DIRECTION ( 'NONE',  ( -0.7071067811865435759, 0.000000000000000000, 0.7071067811865515695 ) ) ;
#1618 = CARTESIAN_POINT ( 'NONE',  ( 1.499999999999938494, 35.78117606263769801, 17.99999999999994316 ) ) ;
#1619 = ORIENTED_EDGE ( 'NONE', *, *, #1179, .F. ) ;
#1620 = EDGE_CURVE ( 'NONE', #90, #312, #31, .T. ) ;
#1621 = DIRECTION ( 'NONE',  ( -9.727421360617610647E-17, 1.000000000000000000, -0.000000000000000000 ) ) ;
#1622 = FACE_OUTER_BOUND ( 'NONE', #1421, .T. ) ;
#1623 = EDGE_LOOP ( 'NONE', ( #470, #1527, #1632, #1112 ) ) ;
#1624 = DIRECTION ( 'NONE',  ( -1.000000000000000000, 0.000000000000000000, 0.000000000000000000 ) ) ;
#1625 = FACE_OUTER_BOUND ( 'NONE', #995, .T. ) ;
#1626 = AXIS2_PLACEMENT_3D ( 'NONE', #259, #774, #1309 ) ;
#1627 = ORIENTED_EDGE ( 'NONE', *, *, #1405, .F. ) ;
#1628 = CARTESIAN_POINT ( 'NONE',  ( -6.418476861114159744E-14, 35.78117606263769801, 17.99999999999994316 ) ) ;
#1629 = CIRCLE ( 'NONE', #630, 2.500000000000009326 ) ;
#1630 = EDGE_CURVE ( 'NONE', #130, #1562, #1120, .T. ) ;
#1631 = LINE ( 'NONE', #450, #1448 ) ;
#1632 = ORIENTED_EDGE ( 'NONE', *, *, #1630, .T. ) ;
#1633 = LINE ( 'NONE', #73, #317 ) ;
#1634 = FACE_OUTER_BOUND ( 'NONE', #158, .T. ) ;
#1635 = VERTEX_POINT ( 'NONE', #1272 ) ;
#1636 = DIRECTION ( 'NONE',  ( 1.000000000000000000, 0.000000000000000000, 0.000000000000000000 ) ) ;
#1637 = CARTESIAN_POINT ( 'NONE',  ( 21.00000000000000000, -65.00000000000000000, -3.000000000000000000 ) ) ;
#1638 = DIRECTION ( 'NONE',  ( 0.000000000000000000, 0.000000000000000000, -1.000000000000000000 ) ) ;
#1639 = EDGE_CURVE ( 'NONE', #617, #991, #877, .T. ) ;
#1640 = PRESENTATION_STYLE_ASSIGNMENT (( #1073 ) ) ;
#1641 = ORIENTED_EDGE ( 'NONE', *, *, #88, .F. ) ;
#1642 = CARTESIAN_POINT ( 'NONE',  ( -16.50000000000001066, 52.00000000000000711, -3.000000000000000000 ) ) ;
#1643 = VERTEX_POINT ( 'NONE', #1172 ) ;
#1644 = ADVANCED_FACE ( 'NONE', ( #1575 ), #1286, .F. ) ;
#1645 = FACE_OUTER_BOUND ( 'NONE', #1206, .T. ) ;
#1646 = DIRECTION ( 'NONE',  ( 1.000000000000000000, 0.000000000000000000, 0.000000000000000000 ) ) ;
#1647 = EDGE_CURVE ( 'NONE', #1349, #1473, #112, .T. ) ;
#1648 = ORIENTED_EDGE ( 'NONE', *, *, #1227, .F. ) ;
#1649 = DIRECTION ( 'NONE',  ( -2.957934497771537859E-16, 0.000000000000000000, 1.000000000000000000 ) ) ;
#1650 = AXIS2_PLACEMENT_3D ( 'NONE', #1429, #1666, #1050 ) ;
#1651 = VERTEX_POINT ( 'NONE', #1543 ) ;
#1652 = CARTESIAN_POINT ( 'NONE',  ( -18.85000000000001208, 51.99999999999999289, -3.000000000000000000 ) ) ;
#1653 = DIRECTION ( 'NONE',  ( 0.000000000000000000, 0.000000000000000000, 1.000000000000000000 ) ) ;
#1654 = ORIENTED_EDGE ( 'NONE', *, *, #1537, .T. ) ;
#1655 = VERTEX_POINT ( 'NONE', #366 ) ;
#1656 = DIRECTION ( 'NONE',  ( 0.000000000000000000, 0.000000000000000000, -1.000000000000000000 ) ) ;
#1657 = EDGE_LOOP ( 'NONE', ( #958, #1671, #69, #762 ) ) ;
#1658 = EDGE_CURVE ( 'NONE', #175, #1684, #258, .T. ) ;
#1659 = CARTESIAN_POINT ( 'NONE',  ( 20.99999999999998934, 51.99999999999997868, -3.000000000000000000 ) ) ;
#1660 = EDGE_LOOP ( 'NONE', ( #1234, #1601, #134, #437 ) ) ;
#1661 = DIRECTION ( 'NONE',  ( 1.000000000000000000, 2.952720810173282604E-15, 0.000000000000000000 ) ) ;
#1662 = ORIENTED_EDGE ( 'NONE', *, *, #642, .T. ) ;
#1663 = DIRECTION ( 'NONE',  ( -1.000000000000000000, -2.102695122396129669E-16, -0.000000000000000000 ) ) ;
#1664 = CARTESIAN_POINT ( 'NONE',  ( 16.49999999999998579, 54.00000000000000711, 18.50000000000000711 ) ) ;
#1665 = VECTOR ( 'NONE', #1298, 1000.000000000000000 ) ;
#1666 = DIRECTION ( 'NONE',  ( -0.000000000000000000, -0.000000000000000000, 1.000000000000000000 ) ) ;
#1667 = ADVANCED_FACE ( 'NONE', ( #1674 ), #887, .F. ) ;
#1668 = AXIS2_PLACEMENT_3D ( 'NONE', #1590, #1461, #1330 ) ;
#1669 = LINE ( 'NONE', #1245, #1043 ) ;
#1670 = PLANE ( 'NONE',  #1683 ) ;
#1671 = ORIENTED_EDGE ( 'NONE', *, *, #1270, .F. ) ;
#1672 = CARTESIAN_POINT ( 'NONE',  ( 16.49999999999998934, 52.00000000000000711, -2.020710678118652126 ) ) ;
#1673 = VERTEX_POINT ( 'NONE', #478 ) ;
#1674 = FACE_OUTER_BOUND ( 'NONE', #1231, .T. ) ;
#1675 = DIRECTION ( 'NONE',  ( -0.000000000000000000, -0.000000000000000000, 1.000000000000000000 ) ) ;
#1676 = CARTESIAN_POINT ( 'NONE',  ( 16.50000000000000000, 55.05000000000001847, -1.320710678118644843 ) ) ;
#1677 = CARTESIAN_POINT ( 'NONE',  ( 16.49999999999998934, 52.00000000000000711, -1.320710678118644843 ) ) ;
#1678 = AXIS2_PLACEMENT_3D ( 'NONE', #1142, #1539, #561 ) ;
#1679 = AXIS2_PLACEMENT_3D ( 'NONE', #789, #1324, #536 ) ;
#1680 = ORIENTED_EDGE ( 'NONE', *, *, #203, .T. ) ;
#1681 = EDGE_CURVE ( 'NONE', #730, #1271, #849, .T. ) ;
#1682 = AXIS2_PLACEMENT_3D ( 'NONE', #217, #729, #856 ) ;
#1683 = AXIS2_PLACEMENT_3D ( 'NONE', #1022, #491, #1646 ) ;
#1684 = VERTEX_POINT ( 'NONE', #493 ) ;
#1685 = DIRECTION ( 'NONE',  ( 1.000000000000000000, 9.727421360617609414E-17, -6.179281435367531516E-16 ) ) ;
#1686 = LINE ( 'NONE', #504, #1533 ) ;
#1687 = PLANE ( 'NONE',  #1393 ) ;
#1688 = DIRECTION ( 'NONE',  ( -0.000000000000000000, -0.000000000000000000, 1.000000000000000000 ) ) ;
ENDSEC;
END-ISO-10303-21;
